Timestamp,avg-confirmation-time
2016-04-20 00:00:00,14.5070963172805
2016-04-20 18:00:00,15.7313623541526
2016-04-21 12:00:00,19.5389175212397
2016-04-22 06:00:00,21.0677859636083
2016-04-23 00:00:00,19.6832690039671
2016-04-23 18:00:00,15.8383440385577
2016-04-24 12:00:00,19.2596977052857
2016-04-25 06:00:00,19.3988082368081
2016-04-26 00:00:00,14.2717473215602
2016-04-26 18:00:00,18.0181036112687
2016-04-27 12:00:00,21.5776496525196
2016-04-28 06:00:00,26.4021463424269
2016-04-29 00:00:00,14.6693184955445
2016-04-29 18:00:00,20.0063129481909
2016-04-30 12:00:00,12.4338865836791
2016-05-01 06:00:00,12.029361916097
2016-05-02 00:00:00,14.5979454921253
2016-05-02 18:00:00,20.6731174831909
2016-05-03 12:00:00,14.7139809737454
2016-05-04 06:00:00,10.9208360827285
2016-05-05 00:00:00,10.2699547244894
2016-05-05 18:00:00,17.3519227602107
2016-05-06 12:00:00,12.8828011432611
2016-05-07 06:00:00,14.1921857582996
2016-05-08 00:00:00,16.6390707401346
2016-05-08 18:00:00,10.6172083377087
2016-05-09 12:00:00,16.5676468862832
2016-05-10 06:00:00,14.3324651521728
2016-05-11 00:00:00,15.785876825101
2016-05-11 18:00:00,21.4306168904344
2016-05-12 12:00:00,14.2998807981342
2016-05-13 06:00:00,15.3229353514462
2016-05-14 00:00:00,25.7448203691385
2016-05-14 18:00:00,27.295722471401
2016-05-15 12:00:00,25.19913719475
2016-05-16 06:00:00,21.4502837499394
2016-05-17 00:00:00,20.585965109595
2016-05-17 18:00:00,15.866988307486
2016-05-18 12:00:00,17.5302201203287
2016-05-19 06:00:00,52.7038851413617
2016-05-20 00:00:00,24.1496076784397
2016-05-20 18:00:00,23.9788990625206
2016-05-21 12:00:00,13.2051285813024
2016-05-22 06:00:00,16.1579810426541
2016-05-23 00:00:00,15.2211628345979
2016-05-23 18:00:00,46.4130355630351
2016-05-24 12:00:00,14.7861335230532
2016-05-25 06:00:00,35.8679819874825
2016-05-26 00:00:00,22.1207084236503
2016-05-26 18:00:00,33.7172699835319
2016-05-27 12:00:00,36.1353711057833
2016-05-28 06:00:00,27.0032823926559
2016-05-29 00:00:00,16.1787118350645
2016-05-29 18:00:00,22.9903622652419
2016-05-30 12:00:00,21.1846075882542
2016-05-31 06:00:00,21.6114936134369
2016-06-01 00:00:00,28.8090797255737
2016-06-01 18:00:00,34.3869079613004
2016-06-02 12:00:00,15.5704763282228
2016-06-03 06:00:00,26.8335088373527
2016-06-04 00:00:00,27.2660763132613
2016-06-04 18:00:00,26.4381088521812
2016-06-05 12:00:00,14.1301825587902
2016-06-06 06:00:00,7.84539731939884
2016-06-07 00:00:00,19.1458549658928
2016-06-07 18:00:00,19.4769479713434
2016-06-08 12:00:00,17.2248587425515
2016-06-09 06:00:00,11.7179985796501
2016-06-10 00:00:00,19.6002471927334
2016-06-10 18:00:00,9.72490526300954
2016-06-11 12:00:00,15.7838179031742
2016-06-12 06:00:00,0
2016-06-13 00:00:00,13.7346355074992
2016-06-13 18:00:00,23.6572715247716
2016-06-14 12:00:00,44.5314859666663
2016-06-15 06:00:00,52.5241200658358
2016-06-16 00:00:00,146.853373330401
2016-06-16 18:00:00,57.6728369974499
2016-06-17 12:00:00,53.3261372300186
2016-06-18 06:00:00,64.5601775934478
2016-06-19 00:00:00,39.8351331870792
2016-06-19 18:00:00,22.6124817311793
2016-06-20 12:00:00,35.7053662284026
2016-06-21 06:00:00,23.502523106612
2016-06-22 00:00:00,30.5746837427159
2016-06-22 18:00:00,67.3384636524324
2016-06-23 12:00:00,17.0480407688204
2016-06-24 06:00:00,39.8958402028479
2016-06-25 00:00:00,23.347639875167
2016-06-25 18:00:00,28.8723444152411
2016-06-26 12:00:00,11.088713996542
2016-06-27 06:00:00,24.2986253708589
2016-06-28 00:00:00,16.5039308555348
2016-06-28 18:00:00,32.963074984247
2016-06-29 12:00:00,27.3611501458278
2016-06-30 06:00:00,18.7445720786608
2016-07-01 00:00:00,13.1537385876447
2016-07-01 18:00:00,19.3200952919391
2016-07-02 12:00:00,17.059770519325
2016-07-03 06:00:00,18.6596855190582
2016-07-04 00:00:00,18.5081870419517
2016-07-04 18:00:00,18.6714756830427
2016-07-05 12:00:00,16.4765379364775
2016-07-06 06:00:00,19.2878276717032
2016-07-07 00:00:00,16.1814452052145
2016-07-07 18:00:00,29.8526318503393
2016-07-08 12:00:00,13.3336674249347
2016-07-09 06:00:00,12.2128747278141
2016-07-10 00:00:00,10.1045972230191
2016-07-10 18:00:00,10.338703829287
2016-07-11 12:00:00,17.7652192289028
2016-07-12 06:00:00,11.3045601765895
2016-07-13 00:00:00,13.6916668412855
2016-07-13 18:00:00,35.211616463319
2016-07-14 12:00:00,19.5192969675141
2016-07-15 06:00:00,21.0545229078204
2016-07-16 00:00:00,13.4464528229216
2016-07-16 18:00:00,17.4875553030486
2016-07-17 12:00:00,13.2701431108325
2016-07-18 06:00:00,12.0505882208468
2016-07-19 00:00:00,11.8266952475755
2016-07-19 18:00:00,34.1036890336698
2016-07-20 12:00:00,24.4196892085646
2016-07-21 06:00:00,30.5024085520383
2016-07-22 00:00:00,26.9220146035185
2016-07-22 18:00:00,31.2419892899785
2016-07-23 12:00:00,17.9548543255291
2016-07-24 06:00:00,10.2166155052193
2016-07-25 00:00:00,20.6505965841567
2016-07-25 18:00:00,32.9601070051968
2016-07-26 12:00:00,33.9922257280734
2016-07-27 06:00:00,30.6051170194136
2016-07-28 00:00:00,31.8704434346262
2016-07-28 18:00:00,25.2950962701262
2016-07-29 12:00:00,25.3011218205301
2016-07-30 06:00:00,23.5156926699214
2016-07-31 00:00:00,29.9469688042548
2016-07-31 18:00:00,12.0811366721614
2016-08-01 12:00:00,12.4917117580153
2016-08-02 06:00:00,18.9356138968809
2016-08-03 00:00:00,18.1917395548119
2016-08-03 18:00:00,18.5866015388344
2016-08-04 12:00:00,11.6704687718039
2016-08-05 06:00:00,7.61425931419813
2016-08-06 00:00:00,13.578939183924
2016-08-06 18:00:00,12.967195864193
2016-08-07 12:00:00,25.3348540606848
2016-08-08 06:00:00,47.8373331626869
2016-08-09 00:00:00,13.9296781758849
2016-08-09 18:00:00,68.7764659043787
2016-08-10 12:00:00,27.0146815842893
2016-08-11 06:00:00,30.1611705727312
2016-08-12 00:00:00,16.7741095368678
2016-08-12 18:00:00,28.6346338345269
2016-08-13 12:00:00,21.0332065612018
2016-08-14 06:00:00,12.7133677035247
2016-08-15 00:00:00,12.5584519538634
2016-08-15 18:00:00,44.2422156178427
2016-08-16 12:00:00,17.8832599486814
2016-08-17 06:00:00,35.9882078319748
2016-08-18 00:00:00,15.7200171969046
2016-08-18 18:00:00,33.3320249195535
2016-08-19 12:00:00,25.049471979724
2016-08-20 06:00:00,11.1693187392073
2016-08-21 00:00:00,12.2688100747983
2016-08-21 18:00:00,9.69632561916362
2016-08-22 12:00:00,9.49073846573847
2016-08-23 06:00:00,13.1306590940435
2016-08-24 00:00:00,20.7568884274419
2016-08-24 18:00:00,13.3228767596335
2016-08-25 12:00:00,19.8156198803497
2016-08-26 06:00:00,15.2779761096783
2016-08-27 00:00:00,18.7607340669972
2016-08-27 18:00:00,15.4075534950655
2016-08-28 12:00:00,8.97683049894684
2016-08-29 06:00:00,11.3679265262411
2016-08-30 00:00:00,22.3561423233544
2016-08-30 18:00:00,31.1310846143048
2016-08-31 12:00:00,12.9109405303685
2016-09-01 06:00:00,16.3977350014318
2016-09-02 00:00:00,9.12314297582216
2016-09-02 18:00:00,12.4435115145403
2016-09-03 12:00:00,33.9622366694137
2016-09-04 06:00:00,8.62705746904336
2016-09-05 00:00:00,17.8887464521123
2016-09-05 18:00:00,31.5898626153229
2016-09-06 12:00:00,13.2201998223568
2016-09-07 06:00:00,19.2760167782746
2016-09-08 00:00:00,18.7312957052089
2016-09-08 18:00:00,31.9063608758652
2016-09-09 12:00:00,14.9609108007923
2016-09-10 06:00:00,10.3733519673488
2016-09-11 00:00:00,18.0740564123377
2016-09-11 18:00:00,9.3611881749299
2016-09-12 12:00:00,16.0665284541086
2016-09-13 06:00:00,13.4317814202064
2016-09-14 00:00:00,17.9567216220154
2016-09-14 18:00:00,10.5619304911956
2016-09-15 12:00:00,23.3635676127467
2016-09-16 06:00:00,13.236248859047
2016-09-17 00:00:00,54.9080921499599
2016-09-17 18:00:00,32.6301876183157
2016-09-18 12:00:00,21.1265495943953
2016-09-19 06:00:00,19.0360747205997
2016-09-20 00:00:00,13.4959239284701
2016-09-20 18:00:00,19.689688278231
2016-09-21 12:00:00,14.0014622258327
2016-09-22 06:00:00,21.1700986654612
2016-09-23 00:00:00,13.8531140934635
2016-09-23 18:00:00,18.4897601192015
2016-09-24 12:00:00,9.747152900017
2016-09-25 06:00:00,10.4329301442862
2016-09-26 00:00:00,9.18301088552714
2016-09-26 18:00:00,12.920549953757
2016-09-27 12:00:00,22.1721508860015
2016-09-28 06:00:00,9.32285557794253
2016-09-29 00:00:00,15.290032035566
2016-09-29 18:00:00,56.5007812166749
2016-09-30 12:00:00,21.4371565685854
2016-10-01 06:00:00,13.0854331579022
2016-10-02 00:00:00,10.0538298054209
2016-10-02 18:00:00,29.4290181091601
2016-10-03 12:00:00,13.6905789636836
2016-10-04 06:00:00,9.84761112893151
2016-10-05 00:00:00,11.3838909696213
2016-10-05 18:00:00,13.3668816912588
2016-10-06 12:00:00,17.7724154443268
2016-10-07 06:00:00,28.6300755536739
2016-10-08 00:00:00,10.7257284572284
2016-10-08 18:00:00,11.2425579236225
2016-10-09 12:00:00,13.4499725150359
2016-10-10 06:00:00,10.8183062248639
2016-10-11 00:00:00,94.3384405126103
2016-10-11 18:00:00,35.0160384468291
2016-10-12 12:00:00,39.5890002055076
2016-10-13 06:00:00,17.0635524185959
2016-10-14 00:00:00,30.3287091823341
2016-10-14 18:00:00,35.7857870615195
2016-10-15 12:00:00,18.5164676153368
2016-10-16 06:00:00,26.1278214822469
2016-10-17 00:00:00,14.2180142813376
2016-10-17 18:00:00,38.6975652823525
2016-10-18 12:00:00,22.8885197513786
2016-10-19 06:00:00,16.0536649923672
2016-10-20 00:00:00,150.684552664464
2016-10-20 18:00:00,40.8797073079791
2016-10-21 12:00:00,10.3905712050078
2016-10-22 06:00:00,17.4977760060425
2016-10-23 00:00:00,15.3185770671554
2016-10-23 18:00:00,78.6722925116351
2016-10-24 12:00:00,15.8756192924667
2016-10-25 06:00:00,52.0474056590752
2016-10-26 00:00:00,118.467583532056
2016-10-26 18:00:00,131.998793341325
2016-10-27 12:00:00,79.9913638797849
2016-10-28 06:00:00,15.1544625362136
2016-10-29 00:00:00,19.9147720791918
2016-10-29 18:00:00,12.3784114427489
2016-10-30 12:00:00,7.83860796125679
2016-10-31 06:00:00,27.9824278235042
2016-11-01 00:00:00,16.8951919378414
2016-11-01 18:00:00,15.0652305212129
2016-11-02 12:00:00,13.9063175857892
2016-11-03 06:00:00,26.6217463584547
2016-11-04 00:00:00,15.7723372454609
2016-11-04 18:00:00,60.1677730121286
2016-11-05 12:00:00,49.3748970659998
2016-11-06 06:00:00,11.1746616541353
2016-11-07 00:00:00,21.2297215960497
2016-11-07 18:00:00,30.511532681093
2016-11-08 12:00:00,12.1442769750125
2016-11-09 06:00:00,35.1103080745209
2016-11-10 00:00:00,11.1682445057389
2016-11-10 18:00:00,15.0500365140539
2016-11-11 12:00:00,16.6861743422429
2016-11-12 06:00:00,14.4847721480786
2016-11-13 00:00:00,15.1116332871991
2016-11-13 18:00:00,15.5024739990051
2016-11-14 12:00:00,15.712201919318
2016-11-15 06:00:00,20.0554642349481
2016-11-16 00:00:00,11.6150953723764
2016-11-16 18:00:00,14.1071250392139
2016-11-17 12:00:00,27.7918562488015
2016-11-18 06:00:00,16.4433943811743
2016-11-19 00:00:00,20.3631128136953
2016-11-19 18:00:00,17.3249836314743
2016-11-20 12:00:00,26.2886945038421
2016-11-21 06:00:00,33.9183371524906
2016-11-22 00:00:00,31.9748582699352
2016-11-22 18:00:00,75.9975559499398
2016-11-23 12:00:00,33.3985260816283
2016-11-24 06:00:00,165.788268948854
2016-11-25 00:00:00,193.490871500817
2016-11-25 18:00:00,62.5533458639139
2016-11-26 12:00:00,24.7378262329016
2016-11-27 06:00:00,20.3243985742018
2016-11-28 00:00:00,29.7466212763935
2016-11-28 18:00:00,35.1556379634002
2016-11-29 12:00:00,27.7853320721316
2016-11-30 06:00:00,22.3575953466958
2016-12-01 00:00:00,37.4510286336995
2016-12-01 18:00:00,37.8933885922091
2016-12-02 12:00:00,101.694482632991
2016-12-03 06:00:00,121.322836886795
2016-12-04 00:00:00,21.9299307314414
2016-12-04 18:00:00,55.1357421590611
2016-12-05 12:00:00,93.3665566842144
2016-12-06 06:00:00,98.5978115928784
2016-12-07 00:00:00,63.7279003775423
2016-12-07 18:00:00,27.7518771396885
2016-12-08 12:00:00,22.0427853896563
2016-12-09 06:00:00,32.3267913921138
2016-12-10 00:00:00,31.6469235913053
2016-12-10 18:00:00,44.2098070515043
2016-12-11 12:00:00,12.2001483762884
2016-12-12 06:00:00,17.3516808018056
2016-12-13 00:00:00,18.1030479281479
2016-12-13 18:00:00,40.3732024342634
2016-12-14 12:00:00,12.4904740288733
2016-12-15 06:00:00,41.4761767609458
2016-12-16 00:00:00,110.711861261627
2016-12-16 18:00:00,47.7632321015951
2016-12-17 12:00:00,27.1444694461168
2016-12-18 06:00:00,17.959850515961
2016-12-19 00:00:00,19.7554676665618
2016-12-19 18:00:00,26.2949613030958
2016-12-20 12:00:00,25.1522502706629
2016-12-21 06:00:00,20.9181753371869
2016-12-22 00:00:00,30.2976522809543
2016-12-22 18:00:00,21.8777756282109
2016-12-23 12:00:00,17.174752048027
2016-12-24 06:00:00,30.2459602901871
2016-12-25 00:00:00,23.9491692015831
2016-12-25 18:00:00,11.7445700781919
2016-12-26 12:00:00,17.7642450347739
2016-12-27 06:00:00,28.5557740109282
2016-12-28 00:00:00,19.9821865152293
2016-12-28 18:00:00,35.7665005213292
2016-12-29 12:00:00,24.0110335624365
2016-12-30 06:00:00,17.7966910332923
2016-12-31 00:00:00,13.6265086412279
2016-12-31 18:00:00,14.3576553445111
2017-01-01 12:00:00,13.0162293949088
2017-01-02 06:00:00,97.4132637263507
2017-01-03 00:00:00,16.4417536201022
2017-01-03 18:00:00,29.6135902681406
2017-01-04 12:00:00,37.1278151317577
2017-01-05 06:00:00,17.147923384061
2017-01-06 00:00:00,251.417224595599
2017-01-06 18:00:00,71.5623093082069
2017-01-07 12:00:00,34.2559851613386
2017-01-08 06:00:00,24.3426494518267
2017-01-09 00:00:00,20.5818832304092
2017-01-09 18:00:00,71.0165877409458
2017-01-10 12:00:00,71.7654700227161
2017-01-11 06:00:00,18.223145820315
2017-01-12 00:00:00,28.3056487990876
2017-01-12 18:00:00,23.6047111305065
2017-01-13 12:00:00,17.0422012916374
2017-01-14 06:00:00,8.22027044242634
2017-01-15 00:00:00,60.5628898107444
2017-01-15 18:00:00,13.3286972363208
2017-01-16 12:00:00,17.1792118074508
2017-01-17 06:00:00,12.392944863445
2017-01-18 00:00:00,10.096323461414
2017-01-18 18:00:00,31.8764508807503
2017-01-19 12:00:00,9.19425026968716
2017-01-20 06:00:00,21.2958164318121
2017-01-21 00:00:00,9.65040500104824
2017-01-21 18:00:00,11.2064416736257
2017-01-22 12:00:00,15.8364861765246
2017-01-23 06:00:00,36.8562431597706
2017-01-24 00:00:00,38.2098889821812
2017-01-24 18:00:00,206.577051378712
2017-01-25 12:00:00,236.19667608963
2017-01-26 06:00:00,56.8670836479922
2017-01-27 00:00:00,62.2729587993824
2017-01-27 18:00:00,14.7198685803216
2017-01-28 12:00:00,21.6177418709555
2017-01-29 06:00:00,34.8865200305643
2017-01-30 00:00:00,19.0035755936279
2017-01-30 18:00:00,58.8077221818072
2017-01-31 12:00:00,26.5528161869348
2017-02-01 06:00:00,33.0332717013176
2017-02-02 00:00:00,77.5194100958193
2017-02-02 18:00:00,53.0234180239407
2017-02-03 12:00:00,128.809105076171
2017-02-04 06:00:00,131.205884440239
2017-02-05 00:00:00,165.314013661096
2017-02-05 18:00:00,51.9685353068147
2017-02-06 12:00:00,47.6886795198029
2017-02-07 06:00:00,143.698532670686
2017-02-08 00:00:00,199.128702640904
2017-02-08 18:00:00,60.7073545206687
2017-02-09 12:00:00,34.2990956930671
2017-02-10 06:00:00,36.3829273207527
2017-02-11 00:00:00,75.5690823740713
2017-02-11 18:00:00,43.5804724409449
2017-02-12 12:00:00,27.9138212881967
2017-02-13 06:00:00,20.4893296729396
2017-02-14 00:00:00,43.5319393972389
2017-02-14 18:00:00,65.2047596065734
2017-02-15 12:00:00,38.8126489350485
2017-02-16 06:00:00,30.2552882329151
2017-02-17 00:00:00,121.054312155703
2017-02-17 18:00:00,64.7326811248609
2017-02-18 12:00:00,45.6261703484926
2017-02-19 06:00:00,37.0780402023925
2017-02-20 00:00:00,91.5660495542791
2017-02-20 18:00:00,74.2171296548716
2017-02-21 12:00:00,39.6385294859714
2017-02-22 06:00:00,197.979298352897
2017-02-23 00:00:00,106.44263210887
2017-02-23 18:00:00,301.872325468087
2017-02-24 12:00:00,193.277546421373
2017-02-25 06:00:00,159.024860340549
2017-02-26 00:00:00,75.7497166829098
2017-02-26 18:00:00,32.3673014026441
2017-02-27 12:00:00,35.688865644274
2017-02-28 06:00:00,111.743520013561
2017-03-01 00:00:00,223.324588743998
2017-03-01 18:00:00,78.9755720624159
2017-03-02 12:00:00,56.1495344951062
2017-03-03 06:00:00,155.317732822484
2017-03-04 00:00:00,244.704078396269
2017-03-04 18:00:00,93.4103562179589
2017-03-05 12:00:00,48.9886313258805
2017-03-06 06:00:00,55.8875630612999
2017-03-07 00:00:00,145.636107623516
2017-03-07 18:00:00,69.0820929516054
2017-03-08 12:00:00,39.8605443936312
2017-03-09 06:00:00,189.709872499296
2017-03-10 00:00:00,129.69776474921
2017-03-10 18:00:00,43.7157351958324
2017-03-11 12:00:00,29.8272847128883
2017-03-12 06:00:00,31.7587239282691
2017-03-13 00:00:00,75.8577441346436
2017-03-13 18:00:00,79.2772192665462
2017-03-14 12:00:00,36.4612221353665
2017-03-15 06:00:00,92.8813250596256
2017-03-16 00:00:00,80.7326613865735
2017-03-16 18:00:00,41.8265005478594
2017-03-17 12:00:00,44.951657625527
2017-03-18 06:00:00,21.0023753243009
2017-03-19 00:00:00,145.054409270636
2017-03-19 18:00:00,12.9399088227002
2017-03-20 12:00:00,20.3550208494067
2017-03-21 06:00:00,102.204643604668
2017-03-22 00:00:00,74.2580897760849
2017-03-22 18:00:00,21.9296556970848
2017-03-23 12:00:00,35.7860734847455
2017-03-24 06:00:00,21.800005138799
2017-03-25 00:00:00,21.7950033515455
2017-03-25 18:00:00,13.6216403402187
2017-03-26 12:00:00,10.6173508379278
2017-03-27 06:00:00,30.9113358486439
2017-03-28 00:00:00,168.297835652062
2017-03-28 18:00:00,40.2672425535161
2017-03-29 12:00:00,80.5447810573684
2017-03-30 06:00:00,14.8201013144679
2017-03-31 00:00:00,37.2130589430894
2017-03-31 18:00:00,40.0813259858977
2017-04-01 12:00:00,68.2691298290057
2017-04-02 06:00:00,11.9982043494956
2017-04-03 00:00:00,10.0388755360354
2017-04-03 18:00:00,45.5613527958515
2017-04-04 12:00:00,22.5920982909477
2017-04-05 06:00:00,219.595411213225
2017-04-06 00:00:00,58.3217277514316
2017-04-06 18:00:00,53.2940103910578
2017-04-07 12:00:00,29.2451151739055
2017-04-08 06:00:00,25.5607047626338
2017-04-09 00:00:00,61.5356919468335
2017-04-09 18:00:00,19.1318334570855
2017-04-10 12:00:00,34.4307549223666
2017-04-11 06:00:00,17.7810966984923
2017-04-12 00:00:00,53.7350081341509
2017-04-12 18:00:00,69.5530930208995
2017-04-13 12:00:00,36.8910703902494
2017-04-14 06:00:00,166.344737082292
2017-04-15 00:00:00,228.997508906258
2017-04-15 18:00:00,78.0785712759536
2017-04-16 12:00:00,29.0423800218524
2017-04-17 06:00:00,18.5864754548873
2017-04-18 00:00:00,68.3171048977881
2017-04-18 18:00:00,90.6292735091094
2017-04-19 12:00:00,25.9045008967566
2017-04-20 06:00:00,46.0722921793602
2017-04-21 00:00:00,150.577933567945
2017-04-21 18:00:00,75.3395309873464
2017-04-22 12:00:00,33.2559480690085
2017-04-23 06:00:00,16.7113306225271
2017-04-24 00:00:00,62.4101324954378
2017-04-24 18:00:00,52.3269659019543
2017-04-25 12:00:00,46.5106679013881
2017-04-26 06:00:00,142.033663039435
2017-04-27 00:00:00,137.975885134611
2017-04-27 18:00:00,113.096964918779
2017-04-28 12:00:00,40.1681567910417
2017-04-29 06:00:00,211.02630348823
2017-04-30 00:00:00,79.810581513966
2017-04-30 18:00:00,38.0129441283389
2017-05-01 12:00:00,20.9413330846699
2017-05-02 06:00:00,41.6551992741295
2017-05-03 00:00:00,113.43585867564
2017-05-03 18:00:00,37.4893019914377
2017-05-04 12:00:00,111.932272934306
2017-05-05 06:00:00,138.671213383499
2017-05-06 00:00:00,366.961299129347
2017-05-06 18:00:00,37.4444416852354
2017-05-07 12:00:00,312.08441301126
2017-05-08 06:00:00,114.572017556313
2017-05-09 00:00:00,64.4669933505589
2017-05-09 18:00:00,40.0125289549301
2017-05-10 12:00:00,38.9168767933676
2017-05-11 06:00:00,91.0995895350622
2017-05-12 00:00:00,141.97723710785
2017-05-12 18:00:00,51.0394799156776
2017-05-13 12:00:00,166.704320846603
2017-05-14 06:00:00,1104.65701347956
2017-05-15 00:00:00,402.499751164353
2017-05-15 18:00:00,39.9187195103475
2017-05-16 12:00:00,42.8648815818185
2017-05-17 06:00:00,235.670286995389
2017-05-18 00:00:00,89.2850901203095
2017-05-18 18:00:00,59.2830619555693
2017-05-19 12:00:00,87.3792907521997
2017-05-20 06:00:00,760.950205341289
2017-05-21 00:00:00,572.758753265218
2017-05-21 18:00:00,301.593853595305
2017-05-22 12:00:00,45.1172512918188
2017-05-23 06:00:00,81.615026023376
2017-05-24 00:00:00,61.8323262121805
2017-05-24 18:00:00,67.2949877140024
2017-05-25 12:00:00,63.7175722662014
2017-05-26 06:00:00,562.100169332328
2017-05-27 00:00:00,282.757577755155
2017-05-27 18:00:00,1138.64043709326
2017-05-28 12:00:00,981.434727376646
2017-05-29 06:00:00,104.308362718165
2017-05-30 00:00:00,117.429745446917
2017-05-30 18:00:00,65.7687313611901
2017-05-31 12:00:00,75.9007541890392
2017-06-01 06:00:00,103.440549651468
2017-06-02 00:00:00,93.6941969243366
2017-06-02 18:00:00,67.8568244957781
2017-06-03 12:00:00,225.66348908625
2017-06-04 06:00:00,2184.91816312941
2017-06-05 00:00:00,89.3043193518194
2017-06-05 18:00:00,72.3995901236992
2017-06-06 12:00:00,46.4444023050065
2017-06-07 06:00:00,151.991732687051
2017-06-08 00:00:00,262.250565717736
2017-06-08 18:00:00,59.1080248831734
2017-06-09 12:00:00,46.8242575401655
2017-06-10 06:00:00,58.4844236115033
2017-06-11 00:00:00,770.037302213564
2017-06-11 18:00:00,873.991244698347
2017-06-12 12:00:00,38.1137952875602
2017-06-13 06:00:00,84.4736266785041
2017-06-14 00:00:00,400.599949897251
2017-06-14 18:00:00,61.3181501192133
2017-06-15 12:00:00,62.1066941217607
2017-06-16 06:00:00,707.175634402943
2017-06-17 00:00:00,123.203926193719
2017-06-17 18:00:00,300.233816038761
2017-06-18 12:00:00,735.527814161707
2017-06-19 06:00:00,494.749017086489
2017-06-20 00:00:00,833.935821408192
2017-06-20 18:00:00,40.0199062353493
2017-06-21 12:00:00,42.2726256639832
2017-06-22 06:00:00,43.7130710587211
2017-06-23 00:00:00,461.625145002508
2017-06-23 18:00:00,52.2045799602871
2017-06-24 12:00:00,23.0798379115042
2017-06-25 06:00:00,55.4406886303505
2017-06-26 00:00:00,111.378103956229
2017-06-26 18:00:00,37.0328082665731
2017-06-27 12:00:00,24.6345536204651
2017-06-28 06:00:00,34.5597101902166
2017-06-29 00:00:00,36.1089034084273
2017-06-29 18:00:00,63.9888718970241
2017-06-30 12:00:00,158.451419915011
2017-07-01 06:00:00,669.88844502765
2017-07-02 00:00:00,219.749834970929
2017-07-02 18:00:00,156.506568160903
2017-07-03 12:00:00,18.3837606215454
2017-07-04 06:00:00,33.315755732155
2017-07-05 00:00:00,42.678990300255
2017-07-05 18:00:00,214.916321885348
2017-07-06 12:00:00,118.182344438626
2017-07-07 06:00:00,77.1230521241158
2017-07-08 00:00:00,95.7952969247084
2017-07-08 18:00:00,99.6644339379668
2017-07-09 12:00:00,29.5643173060081
2017-07-10 06:00:00,57.5384869355297
2017-07-11 00:00:00,46.0868155628017
2017-07-11 18:00:00,18.6278425146934
2017-07-12 12:00:00,50.1954572433968
2017-07-13 06:00:00,20.8341759494729
2017-07-14 00:00:00,26.8070633469035
2017-07-14 18:00:00,50.6434186164919
2017-07-15 12:00:00,49.0184252355136
2017-07-16 06:00:00,47.3738286168988
2017-07-17 00:00:00,18.129108247762
2017-07-17 18:00:00,62.4452888625968
2017-07-18 12:00:00,20.9614774812529
2017-07-19 06:00:00,57.0823564028033
2017-07-20 00:00:00,25.220223104203
2017-07-20 18:00:00,28.2218759547815
2017-07-21 12:00:00,60.0241600091931
2017-07-22 06:00:00,153.927673774216
2017-07-23 00:00:00,248.669202788851
2017-07-23 18:00:00,18.0788761912564
2017-07-24 12:00:00,30.4802263537271
2017-07-25 06:00:00,24.8377498100618
2017-07-26 00:00:00,23.2014465977688
2017-07-26 18:00:00,30.1953741133964
2017-07-27 12:00:00,19.276225399068
2017-07-28 06:00:00,26.6810797822043
2017-07-29 00:00:00,56.1275270055099
2017-07-29 18:00:00,29.9076161095037
2017-07-30 12:00:00,48.656489119171
2017-07-31 06:00:00,19.8451411792538
2017-08-01 00:00:00,25.143802908512
2017-08-01 18:00:00,23.4762858909133
2017-08-02 12:00:00,17.9887944763476
2017-08-03 06:00:00,11.4370296265094
2017-08-04 00:00:00,47.800262170703
2017-08-04 18:00:00,20.3481999337854
2017-08-05 12:00:00,22.3208899021843
2017-08-06 06:00:00,17.6412220952018
2017-08-07 00:00:00,12.7087175050468
2017-08-07 18:00:00,27.5442353789161
2017-08-08 12:00:00,13.6958412776117
2017-08-09 06:00:00,79.6727768041033
2017-08-10 00:00:00,136.829241927535
2017-08-10 18:00:00,71.9051450785908
2017-08-11 12:00:00,47.6563503974563
2017-08-12 06:00:00,75.2259861932939
2017-08-13 00:00:00,249.174478363561
2017-08-13 18:00:00,105.484913921141
2017-08-14 12:00:00,34.3805068344368
2017-08-15 06:00:00,143.808107324306
2017-08-16 00:00:00,118.118061467933
2017-08-16 18:00:00,110.45924113499
2017-08-17 12:00:00,31.9880536812444
2017-08-18 06:00:00,147.446226320317
2017-08-19 00:00:00,148.988453578539
2017-08-19 18:00:00,40.2080580284106
2017-08-20 12:00:00,35.1508240282774
2017-08-21 06:00:00,17.4836309401919
2017-08-22 00:00:00,76.5237889097203
2017-08-22 18:00:00,146.191376352201
2017-08-23 12:00:00,364.456193355903
2017-08-24 06:00:00,43.2954420198441
2017-08-25 00:00:00,108.035005585059
2017-08-25 18:00:00,102.426385835337
2017-08-26 12:00:00,583.409662288931
2017-08-27 06:00:00,1524.57052176141
2017-08-28 00:00:00,277.673129406257
2017-08-28 18:00:00,99.8163070480517
2017-08-29 12:00:00,25.4847220291225
2017-08-30 06:00:00,169.252504499178
2017-08-31 00:00:00,83.4177460766314
2017-08-31 18:00:00,94.9244725853181
2017-09-01 12:00:00,36.9110156657041
2017-09-02 06:00:00,13.0306599824455
2017-09-03 00:00:00,10.918186957665
2017-09-03 18:00:00,13.3053349351698
2017-09-04 12:00:00,16.4103676388837
2017-09-05 06:00:00,10.3056874891123
2017-09-06 00:00:00,9.60232060008805
2017-09-06 18:00:00,33.8966004504439
2017-09-07 12:00:00,24.2941888265523
2017-09-08 06:00:00,20.1755999108201
2017-09-09 00:00:00,11.5278719181742
2017-09-09 18:00:00,19.223961428759
2017-09-10 12:00:00,30.72117551172
2017-09-11 06:00:00,17.2855165539105
2017-09-12 00:00:00,14.4910064319441
2017-09-12 18:00:00,11.9533876646979
2017-09-13 12:00:00,14.6640446366767
2017-09-14 06:00:00,11.1101385741353
2017-09-15 00:00:00,61.5604258965524
2017-09-15 18:00:00,62.7928766956342
2017-09-16 12:00:00,12.9321324150143
2017-09-17 06:00:00,9.6940189743946
2017-09-18 00:00:00,16.9529292878678
2017-09-18 18:00:00,57.423887587822
2017-09-19 12:00:00,62.6804324110597
2017-09-20 06:00:00,45.002025626531
2017-09-21 00:00:00,19.3239242909479
2017-09-21 18:00:00,9.22834249436738
2017-09-22 12:00:00,26.6473262423816
2017-09-23 06:00:00,10.7278495901152
2017-09-24 00:00:00,16.7796075568402
2017-09-24 18:00:00,14.7300931941708
2017-09-25 12:00:00,30.5196935313238
2017-09-26 06:00:00,110.370276372878
2017-09-27 00:00:00,13.9709178141779
2017-09-27 18:00:00,67.3748756783867
2017-09-28 12:00:00,28.0503825752553
2017-09-29 06:00:00,17.357352676524
2017-09-30 00:00:00,14.464795621788
2017-09-30 18:00:00,97.973544453682
2017-10-01 12:00:00,11.2351436317019
2017-10-02 06:00:00,60.2818415343458
2017-10-03 00:00:00,67.6955495758307
2017-10-03 18:00:00,23.7956533097735
2017-10-04 12:00:00,35.2059670150346
2017-10-05 06:00:00,91.1818205770729
2017-10-06 00:00:00,129.813930425753
2017-10-06 18:00:00,37.1092604077835
2017-10-07 12:00:00,17.0699568711462
2017-10-08 06:00:00,12.3196300906747
2017-10-09 00:00:00,18.2316693348858
2017-10-09 18:00:00,44.7050537711386
2017-10-10 12:00:00,28.3627350658469
2017-10-11 06:00:00,49.7720003159171
2017-10-12 00:00:00,145.853250776905
2017-10-12 18:00:00,50.3755679416737
2017-10-13 12:00:00,42.844132362446
2017-10-14 06:00:00,319.123719540289
2017-10-15 00:00:00,431.275478934506
2017-10-15 18:00:00,16.6185942194916
2017-10-16 12:00:00,16.0003555477198
2017-10-17 06:00:00,29.6410383579325
2017-10-18 00:00:00,67.2225511498567
2017-10-18 18:00:00,83.8016957808227
2017-10-19 12:00:00,59.2284359772986
2017-10-20 06:00:00,18.5836646478696
2017-10-21 00:00:00,92.4126925510668
2017-10-21 18:00:00,49.1425401314328
2017-10-22 12:00:00,30.5213491896811
2017-10-23 06:00:00,23.9381810184074
2017-10-24 00:00:00,139.873052030503
2017-10-24 18:00:00,79.8134354978167
2017-10-25 12:00:00,124.09643948537
2017-10-26 06:00:00,5.95239529788489
2017-10-27 00:00:00,88.7405532471823
2017-10-27 18:00:00,79.2203442506645
2017-10-28 12:00:00,69.929965807888
2017-10-29 06:00:00,859.444260092331
2017-10-30 00:00:00,320.888797853584
2017-10-30 18:00:00,152.136060628422
2017-10-31 12:00:00,17.1896640931142
2017-11-01 06:00:00,169.951169397619
2017-11-02 00:00:00,100.812004843918
2017-11-02 18:00:00,83.1987341031377
2017-11-03 12:00:00,49.547238969443
2017-11-04 06:00:00,203.514029287747
2017-11-05 00:00:00,555.436828265525
2017-11-05 18:00:00,25.9014219309855
2017-11-06 12:00:00,34.5107289557268
2017-11-07 06:00:00,156.573071688037
2017-11-08 00:00:00,125.653964558945
2017-11-08 18:00:00,28.4945869497116
2017-11-09 12:00:00,97.2685162550028
2017-11-10 06:00:00,122.49491112211
2017-11-11 00:00:00,69.9015283017412
2017-11-11 18:00:00,129.875174741652
2017-11-12 12:00:00,164.331965318641
2017-11-13 06:00:00,1063.05154869771
2017-11-14 00:00:00,880.58371411368
2017-11-14 18:00:00,197.082969665696
2017-11-15 12:00:00,86.3962536362377
2017-11-16 06:00:00,317.592659700848
2017-11-17 00:00:00,1209.99181787784
2017-11-17 18:00:00,0
2017-11-18 12:00:00,326.066032961741
2017-11-19 06:00:00,622.607935808578
2017-11-20 00:00:00,75.7175693149529
2017-11-20 18:00:00,42.5257390094097
2017-11-21 12:00:00,47.2499154179647
2017-11-22 06:00:00,38.5552219844289
2017-11-23 00:00:00,117.10911925273
2017-11-23 18:00:00,42.8773796787429
2017-11-24 12:00:00,33.182547652308
2017-11-25 06:00:00,123.64775463829
2017-11-26 00:00:00,47.1706932153392
2017-11-26 18:00:00,68.4754060088287
2017-11-27 12:00:00,41.6974958433564
2017-11-28 06:00:00,73.6137794027088
2017-11-29 00:00:00,100.06826611848
2017-11-29 18:00:00,34.0345559812511
2017-11-30 12:00:00,56.5720630567426
2017-12-01 06:00:00,654.973004681976
2017-12-02 00:00:00,380.038851954373
2017-12-02 18:00:00,53.2465581110682
2017-12-03 12:00:00,37.0688768903941
2017-12-04 06:00:00,28.7545378026655
2017-12-05 00:00:00,91.3114168048962
2017-12-05 18:00:00,35.4941578794309
2017-12-06 12:00:00,30.7870108492331
2017-12-07 06:00:00,55.204260630092
2017-12-08 00:00:00,85.1032476266702
2017-12-08 18:00:00,318.282974314661
2017-12-09 12:00:00,245.933640215544
2017-12-10 06:00:00,1190.76743154094
2017-12-11 00:00:00,61.4275468519688
2017-12-11 18:00:00,69.0437938200284
2017-12-12 12:00:00,47.7468903944121
2017-12-13 06:00:00,114.956431160398
2017-12-14 00:00:00,49.4874386831977
2017-12-14 18:00:00,63.2232774950738
2017-12-15 12:00:00,76.2457751420393
2017-12-16 06:00:00,357.944978185635
2017-12-17 00:00:00,362.674519203272
2017-12-17 18:00:00,59.0862427000133
2017-12-18 12:00:00,55.2352365229879
2017-12-19 06:00:00,35.1769379743705
2017-12-20 00:00:00,61.4612769072415
2017-12-20 18:00:00,33.8591456836405
2017-12-21 12:00:00,49.4330011405574
2017-12-22 06:00:00,68.2804396567084
2017-12-23 00:00:00,354.978925405107
2017-12-23 18:00:00,701.434985130974
2017-12-24 12:00:00,1415.75241400795
2017-12-25 06:00:00,291.505979311971
2017-12-26 00:00:00,254.353610032216
2017-12-26 18:00:00,231.367004852138
2017-12-27 12:00:00,106.358812978259
2017-12-28 06:00:00,370.081339523225
2017-12-29 00:00:00,393.375960287096
2017-12-29 18:00:00,76.661956196269
2017-12-30 12:00:00,109.374678386636
2017-12-31 06:00:00,1426.69161022565
2018-01-01 00:00:00,3327.18810459958
2018-01-01 18:00:00,66.163395086253
2018-01-02 12:00:00,73.5144821524913
2018-01-03 06:00:00,53.3741414878945
2018-01-04 00:00:00,42.9204711374817
2018-01-04 18:00:00,34.8130513031494
2018-01-05 12:00:00,43.6214012841461
2018-01-06 06:00:00,389.498752922837
2018-01-07 00:00:00,171.538630992692
2018-01-07 18:00:00,124.007055235903
2018-01-08 12:00:00,77.3109787078673
2018-01-09 06:00:00,99.4581360768638
2018-01-10 00:00:00,127.599381578596
2018-01-10 18:00:00,50.8184916964268
2018-01-11 12:00:00,55.6495322468344
2018-01-12 06:00:00,95.786734375864
2018-01-13 00:00:00,114.819276184675
2018-01-13 18:00:00,51.3144409626948
2018-01-14 12:00:00,52.0788996920802
2018-01-15 06:00:00,302.892952524538
2018-01-16 00:00:00,47.3753628352217
2018-01-16 18:00:00,233.470790917706
2018-01-17 12:00:00,82.905986835642
2018-01-18 06:00:00,511.857513401463
2018-01-19 00:00:00,255.696054149332
2018-01-19 18:00:00,1190.4757920418
2018-01-20 12:00:00,2061.51026943521
2018-01-21 06:00:00,7961.56763992044
2018-01-22 00:00:00,2997.13611266897
2018-01-22 18:00:00,2535.86512891426
2018-01-23 12:00:00,1500.74400284193
2018-01-24 06:00:00,1727.08936830528
2018-01-25 00:00:00,5203.91415295448
2018-01-25 18:00:00,1785.29464170747
2018-01-26 12:00:00,215.071283831219
2018-01-27 06:00:00,3646.39690592375
2018-01-28 00:00:00,229.145427102557
2018-01-28 18:00:00,5103.57058042198
2018-01-29 12:00:00,92.0410515873016
2018-01-30 06:00:00,283.104998299537
2018-01-31 00:00:00,29.4807725789786
2018-01-31 18:00:00,31.1143149872694
2018-02-01 12:00:00,20.516456731867
2018-02-02 06:00:00,13.4943912812334
2018-02-03 00:00:00,159.084366709174
2018-02-03 18:00:00,235.490797523427
2018-02-04 12:00:00,83.5920170696817
2018-02-05 06:00:00,375.493649812815
2018-02-06 00:00:00,338.328242322865
2018-02-06 18:00:00,29.3707202379076
2018-02-07 12:00:00,28.7548626709543
2018-02-08 06:00:00,309.034533464855
2018-02-09 00:00:00,100.949907039676
2018-02-09 18:00:00,21.4518058868617
2018-02-10 12:00:00,323.429778043894
2018-02-11 06:00:00,237.234555875824
2018-02-12 00:00:00,38.2119288453184
2018-02-12 18:00:00,178.525976371802
2018-02-13 12:00:00,20.7223917677167
2018-02-14 06:00:00,21.501023319841
2018-02-15 00:00:00,121.614297180437
2018-02-15 18:00:00,37.0415777443095
2018-02-16 12:00:00,15.752089846425
2018-02-17 06:00:00,194.406149030347
2018-02-18 00:00:00,117.230859285196
2018-02-18 18:00:00,196.448183576163
2018-02-19 12:00:00,38.6479068605122
2018-02-20 06:00:00,300.862334932396
2018-02-21 00:00:00,320.945263790255
2018-02-21 18:00:00,16.2112248811167
2018-02-22 12:00:00,23.7565074906367
2018-02-23 06:00:00,52.7754510910286
2018-02-24 00:00:00,20.1780087191453
2018-02-24 18:00:00,72.2565376509778
2018-02-25 12:00:00,9.76313359001852
2018-02-26 06:00:00,16.1230338155702
2018-02-27 00:00:00,36.1341910185532
2018-02-27 18:00:00,55.5376640374746
2018-02-28 12:00:00,23.1943816436992
2018-03-01 06:00:00,80.4061299052774
2018-03-02 00:00:00,13.1155589004512
2018-03-02 18:00:00,16.0662219492384
2018-03-03 12:00:00,13.4045097011012
2018-03-04 06:00:00,15.7385591423302
2018-03-05 00:00:00,20.9535353798579
2018-03-05 18:00:00,31.8181779924617
2018-03-06 12:00:00,37.0065178975054
2018-03-07 06:00:00,35.7004733938423
2018-03-08 00:00:00,35.8496486870121
2018-03-08 18:00:00,67.6099039205188
2018-03-09 12:00:00,40.1184993098008
2018-03-10 06:00:00,45.0746035794754
2018-03-11 00:00:00,118.266792091837
2018-03-11 18:00:00,228.657676644268
2018-03-12 12:00:00,16.1105691641787
2018-03-13 06:00:00,7.90657050831905
2018-03-14 00:00:00,9.74947392705012
2018-03-14 18:00:00,16.6325947687295
2018-03-15 12:00:00,21.5018050238431
2018-03-16 06:00:00,7.57102294874294
2018-03-17 00:00:00,9.64154089068032
2018-03-17 18:00:00,13.9442556692467
2018-03-18 12:00:00,22.1891305606485
2018-03-19 06:00:00,9.83824445402712
2018-03-20 00:00:00,11.8931712869601
2018-03-20 18:00:00,9.80455736988695
2018-03-21 12:00:00,21.3392376810099
2018-03-22 06:00:00,8.95071442089326
2018-03-23 00:00:00,10.9156163059712
2018-03-23 18:00:00,9.97274881685483
2018-03-24 12:00:00,14.8567063232191
2018-03-25 06:00:00,12.4201683744176
2018-03-26 00:00:00,12.2108934836015
2018-03-26 18:00:00,14.2424653341581
2018-03-27 12:00:00,30.4318938345313
2018-03-28 06:00:00,17.6274367312082
2018-03-29 00:00:00,14.3356806771285
2018-03-29 18:00:00,12.3880803676644
2018-03-30 12:00:00,14.29710582825
2018-03-31 06:00:00,13.7620551208895
2018-04-01 00:00:00,8.93555891461437
2018-04-01 18:00:00,7.53519687876288
2018-04-02 12:00:00,9.63984679622977
2018-04-03 06:00:00,9.6896136395702
2018-04-04 00:00:00,12.4100038996128
2018-04-04 18:00:00,8.93251054421769
2018-04-05 12:00:00,15.1907912864027
2018-04-06 06:00:00,13.3422377163004
2018-04-07 00:00:00,7.39955478894452
2018-04-07 18:00:00,16.786204591846
2018-04-08 12:00:00,12.3040040954823
2018-04-09 06:00:00,10.183262056663
2018-04-10 00:00:00,7.00624334468011
2018-04-10 18:00:00,0
2018-04-11 12:00:00,20.6411456044831
2018-04-12 06:00:00,11.8211819373566
2018-04-13 00:00:00,7.7205351117909
2018-04-13 18:00:00,40.2378990671534
2018-04-14 12:00:00,20.5671798586596
2018-04-15 06:00:00,9.42012704505987
2018-04-16 00:00:00,10.0826418646929
2018-04-16 18:00:00,33.0114895994959
2018-04-17 12:00:00,15.7864069674586
2018-04-18 06:00:00,8.71508581852558
2018-04-19 00:00:00,8.32362134533128
2018-04-19 18:00:00,13.7814620712523
2018-04-20 12:00:00,25.5453174178592
2018-04-21 06:00:00,9.45590693678659
2018-04-22 00:00:00,14.2757633645653
2018-04-22 18:00:00,9.71990128921207
2018-04-23 12:00:00,16.8145417926957
2018-04-24 06:00:00,38.8310411357441
2018-04-25 00:00:00,12.0389932824982
2018-04-25 18:00:00,81.1482818505873
2018-04-26 12:00:00,26.1563428307391
2018-04-27 06:00:00,14.8997440201427
2018-04-28 00:00:00,24.8551552203769
2018-04-28 18:00:00,10.5149414417193
2018-04-29 12:00:00,20.0676075185803
2018-04-30 06:00:00,8.10612151820627
2018-05-01 00:00:00,9.17895798453321
2018-05-01 18:00:00,18.0771271133785
2018-05-02 12:00:00,31.6458161416927
2018-05-03 06:00:00,9.94769189960622
2018-05-04 00:00:00,22.010238287396
2018-05-04 18:00:00,38.1070539636402
2018-05-05 12:00:00,18.5231306453963
2018-05-06 06:00:00,22.1672424870888
2018-05-07 00:00:00,15.3781174975946
2018-05-07 18:00:00,48.6329745891891
2018-05-08 12:00:00,46.3935598967795
2018-05-09 06:00:00,10.4940476190476
2018-05-10 00:00:00,6.72948039614706
2018-05-10 18:00:00,14.7257464273169
2018-05-11 12:00:00,35.8118712266097
2018-05-12 06:00:00,9.51096357263323
2018-05-13 00:00:00,12.2543253351746
2018-05-13 18:00:00,44.4538923146801
2018-05-14 12:00:00,50.6541641940568
2018-05-15 06:00:00,12.6824690464705
2018-05-16 00:00:00,8.26422047077579
2018-05-16 18:00:00,11.2882675163336
2018-05-17 12:00:00,25.8224053713467
2018-05-18 06:00:00,12.3573821437563
2018-05-19 00:00:00,9.79412555255863
2018-05-19 18:00:00,13.1564314377922
2018-05-20 12:00:00,26.1364603195719
2018-05-21 06:00:00,9.49916072506202
2018-05-22 00:00:00,6.52382355854963
2018-05-22 18:00:00,24.1541454962584
2018-05-23 12:00:00,16.7416710751898
2018-05-24 06:00:00,22.1010157165419
2018-05-25 00:00:00,6.32793142274063
2018-05-25 18:00:00,7.56486239435233
2018-05-26 12:00:00,11.0495077551779
2018-05-27 06:00:00,16.2270769604954
2018-05-28 00:00:00,10.5649646577381
2018-05-28 18:00:00,30.6569586572532
2018-05-29 12:00:00,21.9738864530212
2018-05-30 06:00:00,8.81834617287914
2018-05-31 00:00:00,11.2803121350939
2018-05-31 18:00:00,14.7778331604456
2018-06-01 12:00:00,15.8229478350919
2018-06-02 06:00:00,13.4476084794973
2018-06-03 00:00:00,7.92700618805104
2018-06-03 18:00:00,16.5375085443414
2018-06-04 12:00:00,15.8068200660107
2018-06-05 06:00:00,9.26886829530646
2018-06-06 00:00:00,23.199274909884
2018-06-06 18:00:00,23.5474579657762
2018-06-07 12:00:00,27.4614393894951
2018-06-08 06:00:00,39.303652285673
2018-06-09 00:00:00,10.8022998943019
2018-06-09 18:00:00,17.7317268875738
2018-06-10 12:00:00,20.3172026868178
2018-06-11 06:00:00,10.6310113519092
2018-06-12 00:00:00,10.8793453064408
2018-06-12 18:00:00,40.9077658125354
2018-06-13 12:00:00,22.7602674025163
2018-06-14 06:00:00,9.00266018945515
2018-06-15 00:00:00,49.2008286405037
2018-06-15 18:00:00,11.9198303723778
2018-06-16 12:00:00,13.1175619739988
2018-06-17 06:00:00,19.7008973753126
2018-06-18 00:00:00,8.88974744169443
2018-06-18 18:00:00,15.7109933675291
2018-06-19 12:00:00,16.1009499203044
2018-06-20 06:00:00,35.7378513885744
2018-06-21 00:00:00,8.14918543127846
2018-06-21 18:00:00,16.3288578513037
2018-06-22 12:00:00,30.3099433800461
2018-06-23 06:00:00,13.0801837743231
2018-06-24 00:00:00,8.71254242050883
2018-06-24 18:00:00,13.1116693823618
2018-06-25 12:00:00,17.5264328122076
2018-06-26 06:00:00,12.0547139521308
2018-06-27 00:00:00,32.0322238241791
2018-06-27 18:00:00,38.1064059597573
2018-06-28 12:00:00,10.8739977132515
2018-06-29 06:00:00,16.2706402153558
2018-06-30 00:00:00,10.8396312456809
2018-06-30 18:00:00,14.9286657400973
2018-07-01 12:00:00,16.5882742184012
2018-07-02 06:00:00,12.2114019875292
2018-07-03 00:00:00,24.3988648852205
2018-07-03 18:00:00,31.5950090857823
2018-07-04 12:00:00,14.8855560603111
2018-07-05 06:00:00,13.6491287996412
2018-07-06 00:00:00,9.48952651710061
2018-07-06 18:00:00,8.68613084786367
2018-07-07 12:00:00,9.84369456429078
2018-07-08 06:00:00,8.39854297929793
2018-07-09 00:00:00,21.4030090064865
2018-07-09 18:00:00,17.2850635362384
2018-07-10 12:00:00,28.4869990088583
2018-07-11 06:00:00,17.0788892505272
2018-07-12 00:00:00,22.9276653187926
2018-07-12 18:00:00,13.2956950038867
2018-07-13 12:00:00,43.0399686246215
2018-07-14 06:00:00,23.3377628425292
2018-07-15 00:00:00,123.338866925902
2018-07-15 18:00:00,9.09931504604595
2018-07-16 12:00:00,51.8549045547327
2018-07-17 06:00:00,10.3262036316472
2018-07-18 00:00:00,18.0505637634667
2018-07-18 18:00:00,31.8092930462298
2018-07-19 12:00:00,37.2678609471714
2018-07-20 06:00:00,8.6354237398029
2018-07-21 00:00:00,7.71398075869625
2018-07-21 18:00:00,23.9480134538575
2018-07-22 12:00:00,10.2735974317614
2018-07-23 06:00:00,10.1940405613464
2018-07-24 00:00:00,9.8478441905134
2018-07-24 18:00:00,26.1373496390282
2018-07-25 12:00:00,20.1252010446029
2018-07-26 06:00:00,23.4651139964997
2018-07-27 00:00:00,16.2287824511811
2018-07-27 18:00:00,8.39589403080243
2018-07-28 12:00:00,20.522916443205
2018-07-29 06:00:00,9.25037437896104
2018-07-30 00:00:00,13.1899435992227
2018-07-30 18:00:00,24.764492776648
2018-07-31 12:00:00,21.138865715229
2018-08-01 06:00:00,9.53858163714566
2018-08-02 00:00:00,13.5515570256316
2018-08-02 18:00:00,12.5217201212098
2018-08-03 12:00:00,29.8464731294754
2018-08-05 00:00:00,6.80764139221625
2018-08-08 00:00:00,11.0025049265979
2018-08-11 00:00:00,7.90145754454118
2018-08-14 00:00:00,27.1948827352674
2018-08-17 00:00:00,21.2470144413842
2018-08-20 00:00:00,21.8702941813926
2018-08-23 00:00:00,12.3199621531781
2018-08-26 00:00:00,7.31077938569813
2018-08-29 00:00:00,15.2575207237573
2018-09-01 00:00:00,9.84115983903629
2018-09-04 00:00:00,26.8961561342292
2018-09-07 00:00:00,28.407990376529
2018-09-10 00:00:00,15.3805421811999
2018-09-13 00:00:00,12.3001208777867
2018-09-16 00:00:00,8.28917151239577
2018-09-19 00:00:00,14.2153383948237
2018-09-22 00:00:00,9.69437120833526
2018-09-25 00:00:00,17.4414806712534
2018-09-28 00:00:00,19.8131071462878
2018-10-01 00:00:00,13.8112354806904
2018-10-04 00:00:00,11.8635119145775
2018-10-07 00:00:00,18.8175600911196
2018-10-10 00:00:00,15.6777032328857
2018-10-13 00:00:00,18.7184241034359
2018-10-16 00:00:00,30.8405377784091
2018-10-19 00:00:00,27.7356842654067
2018-10-22 00:00:00,24.5126152638343
2018-10-25 00:00:00,40.7163917074417
2018-10-28 00:00:00,11.3730603166531
2018-10-31 00:00:00,14.9305235722703
2018-11-03 00:00:00,9.15060570903847
2018-11-06 00:00:00,39.3297442520409
2018-11-09 00:00:00,43.1703197236417
2018-11-12 00:00:00,19.7658339991217
2018-11-15 00:00:00,87.7771081827938
2018-11-18 00:00:00,23.735223516535
2018-11-21 00:00:00,139.103106141194
2018-11-24 00:00:00,19.5828971537397
2018-11-27 00:00:00,37.0822631551229
2018-11-30 00:00:00,57.9882026786604
2018-12-03 00:00:00,20.192297521297
2018-12-06 00:00:00,26.5299536331725
2018-12-09 00:00:00,15.7633253284643
2018-12-12 00:00:00,38.3962930389458
2018-12-15 00:00:00,12.6036497556785
2018-12-18 00:00:00,43.4978521125005
2018-12-21 00:00:00,25.5889737513232
2018-12-24 00:00:00,19.4022900234302
2018-12-27 00:00:00,10.9462433156219
2018-12-30 00:00:00,7.13921721755652
2019-01-02 00:00:00,15.032364808592
2019-01-05 00:00:00,8.81664063807997
2019-01-08 00:00:00,11.6697977943265
2019-01-11 00:00:00,19.2173631374801
2019-01-14 00:00:00,13.8097599413207
2019-01-17 00:00:00,24.3310297284577
2019-01-20 00:00:00,9.86362853985772
2019-01-23 00:00:00,24.6143387437639
2019-01-26 00:00:00,15.2156843320626
2019-01-29 00:00:00,15.4036536414696
2019-02-01 00:00:00,20.9203643587808
2019-02-04 00:00:00,13.3119915725515
2019-02-07 00:00:00,12.8057518021211
2019-02-10 00:00:00,13.7135115772208
2019-02-13 00:00:00,141.921631922435
2019-02-16 00:00:00,51.7693099254761
2019-02-19 00:00:00,45.3054246395986
2019-02-22 00:00:00,62.0598005582291
2019-02-25 00:00:00,33.9572113091883
2019-02-28 00:00:00,32.4378978520967
2019-03-03 00:00:00,21.2767315679288
2019-03-06 00:00:00,45.223701038591
2019-03-09 00:00:00,17.2129731447047
2019-03-12 00:00:00,24.0608263236998
2019-03-15 00:00:00,14.1900921626591
2019-03-18 00:00:00,12.7553834154385
2019-03-21 00:00:00,24.8427834369506
2019-03-24 00:00:00,9.41908469525409
2019-03-27 00:00:00,64.9990692586444
2019-03-30 00:00:00,82.5723764827461
2019-04-02 00:00:00,90.1518762740477
2019-04-05 00:00:00,455.214175639243
2019-04-08 00:00:00,44.7557988668537
2019-04-11 00:00:00,41.6258522453923
2019-04-14 00:00:00,25.5203807991028
2019-04-17 00:00:00,70.2561981737411
2019-04-20 00:00:00,40.2957877090659
2019-04-23 00:00:00,45.9277984248855
2019-04-26 00:00:00,59.2412444381129
2019-04-29 00:00:00,22.3108138795326
2019-05-02 00:00:00,16.5870935331228
2019-05-05 00:00:00,45.4801076155401
2019-05-08 00:00:00,66.1517966371007
2019-05-11 00:00:00,101.57351031447
2019-05-14 00:00:00,58.0147534996139
2019-05-17 00:00:00,145.91399585488
2019-05-20 00:00:00,25.9194894621446
2019-05-23 00:00:00,66.9313427301568
2019-05-26 00:00:00,11.3792706780276
2019-05-29 00:00:00,28.5473170739408
2019-06-01 00:00:00,168.351554454199
2019-06-04 00:00:00,144.388174186275
2019-06-07 00:00:00,37.9907929397057
2019-06-10 00:00:00,24.2269446692291
2019-06-13 00:00:00,69.349992161097
2019-06-16 00:00:00,50.7330966955474
2019-06-19 00:00:00,88.6380612247407
2019-06-22 00:00:00,153.832007572962
2019-06-25 00:00:00,49.1252813491971
2019-06-28 00:00:00,310.038853555527
2019-07-01 00:00:00,34.5431772516699
2019-07-04 00:00:00,32.1421966977099
2019-07-07 00:00:00,13.1018060411433
2019-07-10 00:00:00,70.310369346504
2019-07-13 00:00:00,55.5029573120944
2019-07-16 00:00:00,13.7131741272164
2019-07-19 00:00:00,120.624187405745
2019-07-22 00:00:00,21.4896473972591
2019-07-25 00:00:00,36.5219532695638
2019-07-28 00:00:00,8.25645254719534
2019-07-31 00:00:00,18.6628126279472
2019-08-03 00:00:00,8.92732166356241
2019-08-06 00:00:00,37.5627131535352
2019-08-09 00:00:00,27.5970567668051
2019-08-12 00:00:00,16.9752824809575
2019-08-15 00:00:00,20.7043727783933
2019-08-18 00:00:00,17.3049294411841
2019-08-21 00:00:00,32.3899248030473
2019-08-24 00:00:00,13.5548501240521
2019-08-27 00:00:00,29.7763470279035
2019-08-30 00:00:00,19.0494036023392
2019-09-02 00:00:00,29.1429433763589
2019-09-05 00:00:00,19.3352024833411
2019-09-08 00:00:00,9.58714497184427
2019-09-11 00:00:00,16.5100618988273
2019-09-14 00:00:00,16.0514178642996
2019-09-17 00:00:00,27.2609503494476
2019-09-20 00:00:00,22.8196099303769
2019-09-23 00:00:00,34.1685347656724
2019-09-26 00:00:00,13.3258107083118
2019-09-29 00:00:00,10.9377820094844
2019-10-02 00:00:00,16.2673974894575
2019-10-05 00:00:00,9.70414101563169
2019-10-08 00:00:00,13.0962549383246
2019-10-11 00:00:00,17.7505657812071
2019-10-14 00:00:00,34.442515885436
2019-10-17 00:00:00,23.9274747536604
2019-10-20 00:00:00,9.01978135419436
2019-10-23 00:00:00,13.4078678499913
2019-10-26 00:00:00,54.9845971076458
2019-10-29 00:00:00,29.0002131476869
2019-11-01 00:00:00,61.9129494172175
2019-11-04 00:00:00,32.8739351934053
2019-11-07 00:00:00,39.0744688620756
2019-11-10 00:00:00,10.4435382991275
2019-11-13 00:00:00,73.1086378732713
2019-11-16 00:00:00,48.3937748139532
2019-11-19 00:00:00,60.5745447600601
2019-11-22 00:00:00,56.6074800080724
2019-11-25 00:00:00,23.0386891771464
2019-11-28 00:00:00,13.2614682970773
2019-12-01 00:00:00,10.9716521750099
2019-12-04 00:00:00,11.2842449949229
2019-12-07 00:00:00,11.3843287056197
2019-12-10 00:00:00,31.5161669189003
2019-12-13 00:00:00,14.4666699534645
2019-12-16 00:00:00,22.3281529426663
2019-12-19 00:00:00,19.5485168471837
2019-12-22 00:00:00,9.04770425856403
2019-12-25 00:00:00,12.5457433853145
2019-12-28 00:00:00,11.8782487020259
2019-12-31 00:00:00,21.7056167168272
2020-01-03 00:00:00,11.0009062137555
2020-01-06 00:00:00,36.1172463258412
2020-01-09 00:00:00,33.4367355398001
2020-01-12 00:00:00,10.6862596815059
2020-01-15 00:00:00,24.7743427176622
2020-01-18 00:00:00,17.7625854627236
2020-01-21 00:00:00,25.2881835773685
2020-01-24 00:00:00,14.7909303038832
2020-01-27 00:00:00,26.9306902271859
2020-01-30 00:00:00,27.0798934319185
2020-02-02 00:00:00,25.431969477972
2020-02-05 00:00:00,27.9870737726169
2020-02-08 00:00:00,39.1766482000323
2020-02-11 00:00:00,94.0988235739341
2020-02-14 00:00:00,20.3690867685439
2020-02-17 00:00:00,18.7606096591993
2020-02-20 00:00:00,36.7121051881468
2020-02-23 00:00:00,12.6737963146477
2020-02-26 00:00:00,43.8634967195441
2020-02-29 00:00:00,15.2074197801683
2020-03-03 00:00:00,29.8636955689795
2020-03-06 00:00:00,43.3986362920596
2020-03-09 00:00:00,27.6103963410433
2020-03-12 00:00:00,98.1181141230367
2020-03-15 00:00:00,32.7380954733402
2020-03-18 00:00:00,58.1795135015115
2020-03-21 00:00:00,113.019779442305
2020-03-24 00:00:00,35.5157053395413
2020-03-27 00:00:00,28.5498259181597
2020-03-30 00:00:00,18.0407858603903
2020-04-02 00:00:00,21.1856214068808
2020-04-05 00:00:00,10.0136990261083
2020-04-08 00:00:00,22.3970071532783
2020-04-11 00:00:00,10.5233492081838
2020-04-14 00:00:00,30.2668984872753
2020-04-17 00:00:00,39.0508552958195
2020-04-20 00:00:00,20.475544904171
2020-04-23 00:00:00,108.817200933308
2020-04-26 00:00:00,17.2438079988191
2020-04-29 00:00:00,27.4087943825812
2020-05-02 00:00:00,189.72848694939
2020-05-05 00:00:00,43.5371245493995
2020-05-08 00:00:00,55.2722213497083
2020-05-11 00:00:00,106.698247864277
2020-05-14 00:00:00,71.9318595801494
2020-05-17 00:00:00,101.727037064933
2020-05-20 00:00:00,109.29145396657
2020-05-23 00:00:00,166.532865047518
2020-05-26 00:00:00,68.3594299423756
2020-05-29 00:00:00,60.7171205665049
2020-06-01 00:00:00,44.4346247975204
2020-06-04 00:00:00,86.0817025560519
2020-06-07 00:00:00,14.5965592620209
2020-06-10 00:00:00,20.0633581092589
2020-06-13 00:00:00,30.098038717312
2020-06-16 00:00:00,88.4954207123501
2020-06-19 00:00:00,122.095238512713
2020-06-22 00:00:00,21.4489938056863
2020-06-25 00:00:00,41.099652219397
2020-06-28 00:00:00,21.2718911837447
2020-07-01 00:00:00,128.594628894437
2020-07-04 00:00:00,17.3382322896773
2020-07-07 00:00:00,33.7068608479694
2020-07-10 00:00:00,35.1096057594522
2020-07-13 00:00:00,25.9063040354244
2020-07-16 00:00:00,100.36103270829
2020-07-19 00:00:00,216.17418785058
2020-07-22 00:00:00,110.02533284758
2020-07-25 00:00:00,104.835866716645
2020-07-28 00:00:00,74.5345903127432
2020-07-31 00:00:00,116.199027352011
2020-08-03 00:00:00,42.7039274353989
2020-08-06 00:00:00,134.591360368691
2020-08-09 00:00:00,120.489046756298
2020-08-12 00:00:00,81.0060349898231
2020-08-15 00:00:00,32.1672623689793
2020-08-18 00:00:00,121.450602893014
2020-08-21 00:00:00,106.5606767029443
2020-08-24 00:00:00,48.50569968451464
2020-08-27 00:00:00,132.26262702740289
2020-08-30 00:00:00,41.016364243437216
2020-09-02 00:00:00,122.40677031744329
2020-09-05 00:00:00,261.057763793614
2020-09-08 00:00:00,28.118182584209006
2020-09-11 00:00:00,50.03957650976111
2020-09-14 00:00:00,26.43472632999052
2020-09-17 00:00:00,41.28512769383495
2020-09-20 00:00:00,22.33809432260915
2020-09-23 00:00:00,162.44577964479308
2020-09-26 00:00:00,106.42212059957892