Timestamp,blocks-size
2009-01-03 00:00:00,0.000285
2009-01-11 00:00:00,0.016639
2009-01-14 00:00:00,0.085231
2009-01-17 00:00:00,0.167422
2009-01-20 00:00:00,0.241267
2009-01-23 00:00:00,0.310038
2009-01-26 00:00:00,0.415376
2009-01-29 00:00:00,0.483934
2009-02-01 00:00:00,0.568769
2009-02-04 00:00:00,0.655754
2009-02-07 00:00:00,0.734941
2009-02-10 00:00:00,0.828643
2009-02-13 00:00:00,0.910687
2009-02-16 00:00:00,0.996166
2009-02-19 00:00:00,1.076697
2009-02-22 00:00:00,1.156301
2009-02-25 00:00:00,1.230171
2009-02-28 00:00:00,1.304902
2009-03-03 00:00:00,1.373129
2009-03-06 00:00:00,1.447383
2009-03-09 00:00:00,1.5242
2009-03-12 00:00:00,1.595217
2009-03-15 00:00:00,1.670779
2009-03-18 00:00:00,1.753607
2009-03-21 00:00:00,1.833121
2009-03-24 00:00:00,1.899013
2009-03-27 00:00:00,1.97544
2009-03-30 00:00:00,2.051495
2009-04-02 00:00:00,2.129452
2009-04-05 00:00:00,2.203708
2009-04-08 00:00:00,2.278951
2009-04-11 00:00:00,2.346311
2009-04-14 00:00:00,2.424693
2009-04-17 00:00:00,2.502404
2009-04-20 00:00:00,2.581214
2009-04-23 00:00:00,2.673045
2009-04-26 00:00:00,2.739522
2009-04-29 00:00:00,2.813194
2009-05-02 00:00:00,2.897569
2009-05-05 00:00:00,2.981532
2009-05-08 00:00:00,3.067371
2009-05-11 00:00:00,3.125624
2009-05-14 00:00:00,3.205018
2009-05-17 00:00:00,3.291993
2009-05-20 00:00:00,3.363465
2009-05-23 00:00:00,3.420452
2009-05-26 00:00:00,3.472275
2009-05-29 00:00:00,3.545444
2009-06-01 00:00:00,3.619678
2009-06-04 00:00:00,3.674588
2009-06-07 00:00:00,3.701129
2009-06-10 00:00:00,3.741915
2009-06-13 00:00:00,3.797405
2009-06-16 00:00:00,3.847881
2009-06-19 00:00:00,3.897498
2009-06-22 00:00:00,3.95057
2009-06-25 00:00:00,4.011288
2009-06-28 00:00:00,4.065805
2009-07-01 00:00:00,4.112902
2009-07-04 00:00:00,4.164995
2009-07-07 00:00:00,4.219413
2009-07-10 00:00:00,4.268848
2009-07-13 00:00:00,4.320876
2009-07-16 00:00:00,4.362337
2009-07-19 00:00:00,4.388881
2009-07-22 00:00:00,4.450501
2009-07-25 00:00:00,4.49558
2009-07-28 00:00:00,4.52299
2009-07-31 00:00:00,4.539671
2009-08-03 00:00:00,4.554339
2009-08-06 00:00:00,4.593163
2009-08-09 00:00:00,4.659909
2009-08-12 00:00:00,4.713038
2009-08-15 00:00:00,4.758552
2009-08-18 00:00:00,4.772133
2009-08-21 00:00:00,4.782902
2009-08-24 00:00:00,4.790435
2009-08-27 00:00:00,4.820564
2009-08-30 00:00:00,4.859822
2009-09-02 00:00:00,4.91725
2009-09-05 00:00:00,4.9599
2009-09-08 00:00:00,5.009346
2009-09-11 00:00:00,5.050345
2009-09-14 00:00:00,5.09589
2009-09-17 00:00:00,5.13712
2009-09-20 00:00:00,5.199689
2009-09-23 00:00:00,5.2426
2009-09-26 00:00:00,5.293743
2009-09-29 00:00:00,5.354295
2009-10-02 00:00:00,5.414328
2009-10-05 00:00:00,5.454973
2009-10-08 00:00:00,5.490925
2009-10-11 00:00:00,5.539663
2009-10-14 00:00:00,5.589063
2009-10-17 00:00:00,5.641584
2009-10-20 00:00:00,5.694815
2009-10-23 00:00:00,5.770388
2009-10-26 00:00:00,5.820218
2009-10-29 00:00:00,5.86572
2009-11-01 00:00:00,5.903029
2009-11-04 00:00:00,5.928881
2009-11-07 00:00:00,5.973057
2009-11-10 00:00:00,6.017476
2009-11-13 00:00:00,6.069942
2009-11-16 00:00:00,6.126518
2009-11-19 00:00:00,6.184299
2009-11-22 00:00:00,6.244853
2009-11-25 00:00:00,6.308489
2009-11-28 00:00:00,6.361945
2009-12-01 00:00:00,6.406373
2009-12-04 00:00:00,6.480948
2009-12-07 00:00:00,6.527339
2009-12-10 00:00:00,6.602926
2009-12-13 00:00:00,6.68098
2009-12-16 00:00:00,6.790871
2009-12-19 00:00:00,6.908696
2009-12-22 00:00:00,7.027292
2009-12-25 00:00:00,7.128668
2009-12-28 00:00:00,7.235288
2009-12-31 00:00:00,7.332134
2010-01-03 00:00:00,7.417838
2010-01-06 00:00:00,7.549362
2010-01-09 00:00:00,7.650748
2010-01-12 00:00:00,7.758636
2010-01-15 00:00:00,7.885734
2010-01-18 00:00:00,7.972764
2010-01-21 00:00:00,8.06068
2010-01-24 00:00:00,8.166247
2010-01-27 00:00:00,8.297509
2010-01-30 00:00:00,8.420739
2010-02-02 00:00:00,8.551008
2010-02-05 00:00:00,8.698129
2010-02-08 00:00:00,8.868468
2010-02-11 00:00:00,9.124726
2010-02-14 00:00:00,9.27668
2010-02-17 00:00:00,9.422701
2010-02-20 00:00:00,9.572792
2010-02-23 00:00:00,9.76883
2010-02-26 00:00:00,9.922062
2010-03-01 00:00:00,10.046184
2010-03-04 00:00:00,10.184584
2010-03-07 00:00:00,10.355365
2010-03-10 00:00:00,10.49616
2010-03-13 00:00:00,10.599664
2010-03-16 00:00:00,10.695495
2010-03-19 00:00:00,10.798219
2010-03-22 00:00:00,10.938063
2010-03-25 00:00:00,11.077524
2010-03-28 00:00:00,11.251824
2010-03-31 00:00:00,11.392947
2010-04-03 00:00:00,11.517309
2010-04-06 00:00:00,11.653204
2010-04-09 00:00:00,11.804382
2010-04-12 00:00:00,12.032366
2010-04-15 00:00:00,12.202844
2010-04-18 00:00:00,12.469603
2010-04-21 00:00:00,13.518781
2010-04-24 00:00:00,13.677032
2010-04-27 00:00:00,13.848148
2010-04-30 00:00:00,14.00248
2010-05-03 00:00:00,14.134825
2010-05-06 00:00:00,14.293795
2010-05-09 00:00:00,14.468855
2010-05-12 00:00:00,14.595946
2010-05-15 00:00:00,14.877493
2010-05-18 00:00:00,15.159792
2010-05-21 00:00:00,15.328107
2010-05-24 00:00:00,15.556197
2010-05-27 00:00:00,15.752429
2010-05-30 00:00:00,15.952253
2010-06-02 00:00:00,16.090362
2010-06-05 00:00:00,16.241307
2010-06-08 00:00:00,16.409479
2010-06-11 00:00:00,16.575434
2010-06-14 00:00:00,16.747808
2010-06-17 00:00:00,16.945043
2010-06-20 00:00:00,17.114328
2010-06-23 00:00:00,17.290697
2010-06-26 00:00:00,17.464873
2010-06-29 00:00:00,17.619162
2010-07-02 00:00:00,17.989284
2010-07-05 00:00:00,18.253425
2010-07-08 00:00:00,18.435379
2010-07-11 00:00:00,18.615679
2010-07-14 00:00:00,19.667504
2010-07-17 00:00:00,22.167054
2010-07-20 00:00:00,22.583731
2010-07-23 00:00:00,23.007368
2010-07-26 00:00:00,24.14263
2010-07-29 00:00:00,25.088919
2010-08-01 00:00:00,25.705968
2010-08-04 00:00:00,26.104078
2010-08-07 00:00:00,26.553291
2010-08-10 00:00:00,27.036529
2010-08-13 00:00:00,27.342762
2010-08-16 00:00:00,27.745396
2010-08-19 00:00:00,28.252929
2010-08-22 00:00:00,28.545437
2010-08-25 00:00:00,28.930062
2010-08-28 00:00:00,29.218766
2010-08-31 00:00:00,29.489047
2010-09-03 00:00:00,29.904086
2010-09-06 00:00:00,30.15122
2010-09-09 00:00:00,30.398527
2010-09-12 00:00:00,30.675789
2010-09-15 00:00:00,31.053689
2010-09-18 00:00:00,31.455441
2010-09-21 00:00:00,31.811819
2010-09-24 00:00:00,32.489266
2010-09-27 00:00:00,32.911544
2010-09-30 00:00:00,33.749753
2010-10-03 00:00:00,34.214387
2010-10-06 00:00:00,34.591095
2010-10-09 00:00:00,34.952869
2010-10-12 00:00:00,35.313328
2010-10-15 00:00:00,35.689773
2010-10-18 00:00:00,36.062901
2010-10-21 00:00:00,36.776469
2010-10-24 00:00:00,37.306355
2010-10-27 00:00:00,37.754276
2010-10-30 00:00:00,38.270332
2010-11-02 00:00:00,38.590619
2010-11-05 00:00:00,38.871367
2010-11-08 00:00:00,39.268479
2010-11-11 00:00:00,39.730936
2010-11-14 00:00:00,40.020586
2010-11-17 00:00:00,44.079666
2010-11-20 00:00:00,46.746305
2010-11-23 00:00:00,51.364176
2010-11-26 00:00:00,54.161726
2010-11-29 00:00:00,54.789987
2010-12-02 00:00:00,55.228755
2010-12-05 00:00:00,55.621092
2010-12-08 00:00:00,56.038866
2010-12-11 00:00:00,56.435682
2010-12-14 00:00:00,57.031172
2010-12-17 00:00:00,57.541328
2010-12-20 00:00:00,58.036522
2010-12-23 00:00:00,58.682062
2010-12-26 00:00:00,59.159055
2010-12-29 00:00:00,59.696284
2011-01-01 00:00:00,60.189594
2011-01-04 00:00:00,60.959881
2011-01-07 00:00:00,61.804482
2011-01-10 00:00:00,62.815615
2011-01-13 00:00:00,63.906472
2011-01-16 00:00:00,64.957429
2011-01-19 00:00:00,65.758762
2011-01-22 00:00:00,66.684186
2011-01-25 00:00:00,68.020446
2011-01-28 00:00:00,68.879935
2011-01-31 00:00:00,70.741511
2011-02-03 00:00:00,71.943578
2011-02-06 00:00:00,72.757291
2011-02-09 00:00:00,73.600472
2011-02-12 00:00:00,75.370258
2011-02-15 00:00:00,77.254947
2011-02-18 00:00:00,79.189986
2011-02-21 00:00:00,80.962911
2011-02-24 00:00:00,82.895927
2011-02-27 00:00:00,84.800005
2011-03-02 00:00:00,86.964611
2011-03-05 00:00:00,89.242074
2011-03-08 00:00:00,91.36275
2011-03-11 00:00:00,93.378881
2011-03-14 00:00:00,95.652146
2011-03-17 00:00:00,98.375801
2011-03-20 00:00:00,101.025112
2011-03-23 00:00:00,104.725492
2011-03-26 00:00:00,107.682255
2011-03-29 00:00:00,110.896558
2011-04-01 00:00:00,113.192627
2011-04-04 00:00:00,115.068527
2011-04-07 00:00:00,117.315633
2011-04-10 00:00:00,119.235205
2011-04-13 00:00:00,121.592151
2011-04-16 00:00:00,124.507747
2011-04-19 00:00:00,127.514321
2011-04-22 00:00:00,130.776326
2011-04-25 00:00:00,133.433442
2011-04-28 00:00:00,137.827503
2011-05-01 00:00:00,142.209625
2011-05-04 00:00:00,146.2448
2011-05-07 00:00:00,150.226779
2011-05-10 00:00:00,154.222732
2011-05-13 00:00:00,158.467535
2011-05-16 00:00:00,163.99383
2011-05-19 00:00:00,170.245944
2011-05-22 00:00:00,176.275441
2011-05-25 00:00:00,182.960341
2011-05-28 00:00:00,190.332517
2011-05-31 00:00:00,196.474636
2011-06-03 00:00:00,204.843866
2011-06-06 00:00:00,215.916748
2011-06-09 00:00:00,229.521634
2011-06-12 00:00:00,243.817663
2011-06-15 00:00:00,259.610382
2011-06-18 00:00:00,275.465837
2011-06-21 00:00:00,289.430685
2011-06-24 00:00:00,301.858985
2011-06-27 00:00:00,314.536892
2011-06-30 00:00:00,328.648109
2011-07-03 00:00:00,340.895617
2011-07-06 00:00:00,352.408932
2011-07-09 00:00:00,364.574656
2011-07-12 00:00:00,376.174472
2011-07-15 00:00:00,387.232659
2011-07-18 00:00:00,397.914982
2011-07-21 00:00:00,410.496384
2011-07-24 00:00:00,421.329017
2011-07-27 00:00:00,433.044348
2011-07-30 00:00:00,443.480063
2011-08-02 00:00:00,453.295824
2011-08-05 00:00:00,464.112841
2011-08-08 00:00:00,473.203119
2011-08-11 00:00:00,484.544383
2011-08-14 00:00:00,493.700352
2011-08-17 00:00:00,505.054376
2011-08-20 00:00:00,515.227927
2011-08-23 00:00:00,525.106528
2011-08-26 00:00:00,534.661846
2011-08-29 00:00:00,543.54839
2011-09-01 00:00:00,553.123101
2011-09-04 00:00:00,561.534208
2011-09-07 00:00:00,573.517054
2011-09-10 00:00:00,583.291292
2011-09-13 00:00:00,592.190091
2011-09-16 00:00:00,600.362512
2011-09-19 00:00:00,607.791988
2011-09-22 00:00:00,618.577671
2011-09-25 00:00:00,626.578908
2011-09-28 00:00:00,634.278279
2011-10-01 00:00:00,641.426865
2011-10-04 00:00:00,648.461152
2011-10-07 00:00:00,656.0492
2011-10-10 00:00:00,663.081137
2011-10-13 00:00:00,670.80771
2011-10-16 00:00:00,677.885425
2011-10-19 00:00:00,684.899667
2011-10-22 00:00:00,690.87503
2011-10-25 00:00:00,697.757987
2011-10-28 00:00:00,704.131586
2011-10-31 00:00:00,710.852323
2011-11-03 00:00:00,717.585556
2011-11-06 00:00:00,725.295254
2011-11-09 00:00:00,732.320707
2011-11-12 00:00:00,739.895874
2011-11-15 00:00:00,747.005883
2011-11-18 00:00:00,754.602016
2011-11-21 00:00:00,761.302707
2011-11-24 00:00:00,767.86159
2011-11-27 00:00:00,774.501356
2011-11-30 00:00:00,782.169304
2011-12-03 00:00:00,791.090335
2011-12-06 00:00:00,798.501717
2011-12-09 00:00:00,807.330621
2011-12-12 00:00:00,814.764844
2011-12-15 00:00:00,822.015065
2011-12-18 00:00:00,828.469309
2011-12-21 00:00:00,836.526965
2011-12-24 00:00:00,843.854678
2011-12-27 00:00:00,850.48504
2011-12-30 00:00:00,857.365908
2012-01-02 00:00:00,864.547504
2012-01-05 00:00:00,873.24615
2012-01-08 00:00:00,883.666477
2012-01-11 00:00:00,894.51238
2012-01-14 00:00:00,904.86685
2012-01-17 00:00:00,914.206026
2012-01-20 00:00:00,923.67785
2012-01-23 00:00:00,931.958009
2012-01-26 00:00:00,941.64926
2012-01-29 00:00:00,950.468832
2012-02-01 00:00:00,959.456529
2012-02-04 00:00:00,969.151775
2012-02-07 00:00:00,978.210252
2012-02-10 00:00:00,987.668096
2012-02-13 00:00:00,998.049807
2012-02-16 00:00:00,1010.203878
2012-02-19 00:00:00,1020.229808
2012-02-22 00:00:00,1028.453025
2012-02-25 00:00:00,1038.659625
2012-02-28 00:00:00,1047.37865
2012-03-02 00:00:00,1056.971758
2012-03-05 00:00:00,1065.948078
2012-03-08 00:00:00,1075.616753
2012-03-11 00:00:00,1085.005454
2012-03-14 00:00:00,1094.49012
2012-03-17 00:00:00,1104.173982
2012-03-20 00:00:00,1112.911836
2012-03-23 00:00:00,1122.071319
2012-03-26 00:00:00,1130.304996
2012-03-29 00:00:00,1139.884052
2012-04-01 00:00:00,1149.184617
2012-04-04 00:00:00,1158.509095
2012-04-07 00:00:00,1168.668112
2012-04-10 00:00:00,1177.033512
2012-04-13 00:00:00,1188.206634
2012-04-16 00:00:00,1198.200471
2012-04-19 00:00:00,1210.489189
2012-04-22 00:00:00,1221.962507
2012-04-25 00:00:00,1231.758429
2012-04-28 00:00:00,1242.802291
2012-05-01 00:00:00,1253.742901
2012-05-04 00:00:00,1269.37973
2012-05-07 00:00:00,1287.068964
2012-05-10 00:00:00,1310.931188
2012-05-13 00:00:00,1332.764008
2012-05-16 00:00:00,1361.655817
2012-05-19 00:00:00,1389.285078
2012-05-22 00:00:00,1432.241403
2012-05-25 00:00:00,1466.775632
2012-05-28 00:00:00,1501.005073
2012-05-31 00:00:00,1539.306923
2012-06-03 00:00:00,1566.560037
2012-06-06 00:00:00,1620.191682
2012-06-09 00:00:00,1653.349969
2012-06-12 00:00:00,1698.769143
2012-06-15 00:00:00,1760.357326
2012-06-18 00:00:00,1822.958258
2012-06-21 00:00:00,1872.478265
2012-06-24 00:00:00,1906.613744
2012-06-27 00:00:00,1942.816697
2012-06-30 00:00:00,1977.586095
2012-07-03 00:00:00,2005.791342
2012-07-06 00:00:00,2035.15284
2012-07-09 00:00:00,2065.392689
2012-07-12 00:00:00,2105.625696
2012-07-15 00:00:00,2137.629088
2012-07-18 00:00:00,2178.951852
2012-07-21 00:00:00,2225.059257
2012-07-24 00:00:00,2268.024829
2012-07-27 00:00:00,2305.095697
2012-07-30 00:00:00,2345.405384
2012-08-02 00:00:00,2392.379203
2012-08-05 00:00:00,2431.162143
2012-08-08 00:00:00,2470.78043
2012-08-11 00:00:00,2511.923818
2012-08-14 00:00:00,2559.460411
2012-08-17 00:00:00,2618.279738
2012-08-20 00:00:00,2668.966704
2012-08-23 00:00:00,2717.847967
2012-08-26 00:00:00,2757.04281
2012-08-29 00:00:00,2795.985634
2012-09-01 00:00:00,2840.298825
2012-09-04 00:00:00,2887.420592
2012-09-07 00:00:00,2940.881262
2012-09-10 00:00:00,2981.250309
2012-09-13 00:00:00,3023.672064
2012-09-16 00:00:00,3064.569171
2012-09-19 00:00:00,3102.894725
2012-09-22 00:00:00,3143.584312
2012-09-25 00:00:00,3180.762502
2012-09-28 00:00:00,3217.665627
2012-10-01 00:00:00,3253.853713
2012-10-04 00:00:00,3295.513451
2012-10-07 00:00:00,3342.367489
2012-10-10 00:00:00,3392.262647
2012-10-13 00:00:00,3432.319576
2012-10-16 00:00:00,3475.109968
2012-10-19 00:00:00,3521.600523
2012-10-22 00:00:00,3567.383097
2012-10-25 00:00:00,3617.786292
2012-10-28 00:00:00,3649.693136
2012-10-31 00:00:00,3683.985935
2012-11-03 00:00:00,3721.492715
2012-11-06 00:00:00,3759.544536
2012-11-09 00:00:00,3806.231331
2012-11-12 00:00:00,3841.104967
2012-11-15 00:00:00,3877.902294
2012-11-18 00:00:00,3929.020565
2012-11-21 00:00:00,3977.568954
2012-11-24 00:00:00,4026.487995
2012-11-27 00:00:00,4074.432212
2012-11-30 00:00:00,4122.107267
2012-12-03 00:00:00,4160.623715
2012-12-06 00:00:00,4202.940196
2012-12-09 00:00:00,4249.838377
2012-12-12 00:00:00,4298.669577
2012-12-15 00:00:00,4353.246215
2012-12-18 00:00:00,4401.48491
2012-12-21 00:00:00,4459.982994
2012-12-24 00:00:00,4517.107291
2012-12-27 00:00:00,4565.445924
2012-12-30 00:00:00,4625.560125
2013-01-02 00:00:00,4672.938457
2013-01-05 00:00:00,4729.780339
2013-01-08 00:00:00,4778.543272
2013-01-11 00:00:00,4842.024982
2013-01-14 00:00:00,4905.455938
2013-01-17 00:00:00,4968.268373
2013-01-20 00:00:00,5037.534914
2013-01-23 00:00:00,5094.950827
2013-01-26 00:00:00,5163.071246
2013-01-29 00:00:00,5236.06183
2013-02-01 00:00:00,5304.469043
2013-02-04 00:00:00,5382.640343
2013-02-07 00:00:00,5450.58542
2013-02-10 00:00:00,5530.858119
2013-02-13 00:00:00,5608.64024
2013-02-16 00:00:00,5685.451972
2013-02-19 00:00:00,5756.208372
2013-02-22 00:00:00,5835.614128
2013-02-25 00:00:00,5915.65164
2013-02-28 00:00:00,6003.373978
2013-03-03 00:00:00,6088.595752
2013-03-06 00:00:00,6170.438173
2013-03-09 00:00:00,6258.619931
2013-03-12 00:00:00,6347.172545
2013-03-15 00:00:00,6425.71497
2013-03-18 00:00:00,6489.991645
2013-03-21 00:00:00,6554.96703
2013-03-24 00:00:00,6639.731624
2013-03-27 00:00:00,6713.144718
2013-03-30 00:00:00,6800.867029
2013-04-02 00:00:00,6886.151212
2013-04-05 00:00:00,6984.30527
2013-04-08 00:00:00,7073.93785
2013-04-11 00:00:00,7168.119529
2013-04-14 00:00:00,7255.226278
2013-04-17 00:00:00,7340.517091
2013-04-20 00:00:00,7418.88164
2013-04-23 00:00:00,7487.41892
2013-04-26 00:00:00,7580.576935
2013-04-29 00:00:00,7651.026033
2013-05-02 00:00:00,7729.394126
2013-05-05 00:00:00,7806.062681
2013-05-08 00:00:00,7887.036854
2013-05-11 00:00:00,7976.507804
2013-05-14 00:00:00,8071.252795
2013-05-17 00:00:00,8162.904911
2013-05-20 00:00:00,8237.952109
2013-05-23 00:00:00,8312.378988
2013-05-26 00:00:00,8392.075268
2013-05-29 00:00:00,8466.732238
2013-06-01 00:00:00,8547.312583
2013-06-04 00:00:00,8625.08015
2013-06-07 00:00:00,8705.936071
2013-06-10 00:00:00,8774.427727
2013-06-13 00:00:00,8838.779159
2013-06-16 00:00:00,8899.0299
2013-06-19 00:00:00,8960.474068
2013-06-22 00:00:00,9028.976401
2013-06-25 00:00:00,9087.46498
2013-06-28 00:00:00,9149.998811
2013-07-01 00:00:00,9204.764111
2013-07-04 00:00:00,9256.400134
2013-07-07 00:00:00,9305.094809
2013-07-10 00:00:00,9356.510638
2013-07-13 00:00:00,9418.279116
2013-07-16 00:00:00,9470.305303
2013-07-19 00:00:00,9525.902942
2013-07-22 00:00:00,9574.432105
2013-07-25 00:00:00,9630.003624
2013-07-28 00:00:00,9684.876831
2013-07-31 00:00:00,9741.993735
2013-08-03 00:00:00,9812.737556
2013-08-06 00:00:00,9877.370248
2013-08-09 00:00:00,9952.316659
2013-08-12 00:00:00,10015.193586
2013-08-15 00:00:00,10094.229425
2013-08-18 00:00:00,10177.295633
2013-08-21 00:00:00,10262.906886
2013-08-24 00:00:00,10344.701939
2013-08-27 00:00:00,10415.392713
2013-08-30 00:00:00,10498.786895
2013-09-02 00:00:00,10570.206945
2013-09-05 00:00:00,10642.216741
2013-09-08 00:00:00,10717.812519
2013-09-11 00:00:00,10787.409425
2013-09-14 00:00:00,10854.029219
2013-09-17 00:00:00,10923.750983
2013-09-20 00:00:00,11006.49188
2013-09-23 00:00:00,11079.07405
2013-09-26 00:00:00,11160.582637
2013-09-29 00:00:00,11228.585656
2013-10-02 00:00:00,11295.903012
2013-10-05 00:00:00,11379.084625
2013-10-08 00:00:00,11443.934365
2013-10-11 00:00:00,11514.729606
2013-10-14 00:00:00,11587.402639
2013-10-17 00:00:00,11666.593347
2013-10-20 00:00:00,11745.515198
2013-10-23 00:00:00,11832.203127
2013-10-26 00:00:00,11925.892747
2013-10-29 00:00:00,11993.674205
2013-11-01 00:00:00,12069.76464
2013-11-04 00:00:00,12133.256855
2013-11-07 00:00:00,12214.586234
2013-11-10 00:00:00,12306.173533
2013-11-13 00:00:00,12392.497966
2013-11-16 00:00:00,12486.508854
2013-11-19 00:00:00,12575.431461
2013-11-22 00:00:00,12704.955304
2013-11-25 00:00:00,12810.142063
2013-11-28 00:00:00,12928.90937
2013-12-01 00:00:00,13051.861984
2013-12-04 00:00:00,13163.325071
2013-12-07 00:00:00,13278.692917
2013-12-10 00:00:00,13364.711639
2013-12-13 00:00:00,13461.794551
2013-12-16 00:00:00,13555.948773
2013-12-19 00:00:00,13666.982276
2013-12-22 00:00:00,13761.259852
2013-12-25 00:00:00,13845.742422
2013-12-28 00:00:00,13931.150725
2013-12-31 00:00:00,14017.482583
2014-01-03 00:00:00,14093.986991
2014-01-06 00:00:00,14184.012024
2014-01-09 00:00:00,14283.567035
2014-01-12 00:00:00,14370.037072
2014-01-15 00:00:00,14452.327634
2014-01-18 00:00:00,14540.463744
2014-01-21 00:00:00,14625.772216
2014-01-24 00:00:00,14728.060038
2014-01-27 00:00:00,14815.098706
2014-01-30 00:00:00,14910.122904
2014-02-02 00:00:00,15000.480447
2014-02-05 00:00:00,15100.476354
2014-02-08 00:00:00,15213.915978
2014-02-11 00:00:00,15309.668829
2014-02-14 00:00:00,15425.853825
2014-02-17 00:00:00,15531.092539
2014-02-20 00:00:00,15642.617502
2014-02-23 00:00:00,15754.460707
2014-02-26 00:00:00,15879.109533
2014-03-01 00:00:00,16003.491067
2014-03-04 00:00:00,16124.171322
2014-03-07 00:00:00,16263.529574
2014-03-10 00:00:00,16376.081752
2014-03-13 00:00:00,16503.51793
2014-03-16 00:00:00,16616.414358
2014-03-19 00:00:00,16705.156811
2014-03-22 00:00:00,16822.253702
2014-03-25 00:00:00,16935.335479
2014-03-28 00:00:00,17053.996888
2014-03-31 00:00:00,17154.792893
2014-04-03 00:00:00,17268.803902
2014-04-06 00:00:00,17375.92315
2014-04-09 00:00:00,17484.274038
2014-04-12 00:00:00,17600.817227
2014-04-15 00:00:00,17700.145907
2014-04-18 00:00:00,17824.879464
2014-04-21 00:00:00,17918.921272
2014-04-24 00:00:00,18036.404554
2014-04-27 00:00:00,18148.535084
2014-04-30 00:00:00,18255.643159
2014-05-03 00:00:00,18360.796395
2014-05-06 00:00:00,18457.413329
2014-05-09 00:00:00,18577.356829
2014-05-12 00:00:00,18678.100568
2014-05-15 00:00:00,18797.21037
2014-05-18 00:00:00,18910.240117
2014-05-21 00:00:00,19026.582427
2014-05-24 00:00:00,19151.591823
2014-05-27 00:00:00,19255.885109
2014-05-30 00:00:00,19376.567036
2014-06-02 00:00:00,19480.140124
2014-06-05 00:00:00,19597.728314
2014-06-08 00:00:00,19704.017462
2014-06-11 00:00:00,19811.248105
2014-06-14 00:00:00,19925.114813
2014-06-17 00:00:00,20030.070808
2014-06-20 00:00:00,20144.120238
2014-06-23 00:00:00,20240.84972
2014-06-26 00:00:00,20352.335686
2014-06-29 00:00:00,20456.672486
2014-07-02 00:00:00,20574.659818
2014-07-05 00:00:00,20684.353853
2014-07-08 00:00:00,20783.745615
2014-07-11 00:00:00,20906.272587
2014-07-14 00:00:00,21007.206882
2014-07-17 00:00:00,21121.696352
2014-07-20 00:00:00,21232.84925
2014-07-23 00:00:00,21342.70212
2014-07-26 00:00:00,21456.45227
2014-07-29 00:00:00,21559.25532
2014-08-01 00:00:00,21675.317481
2014-08-04 00:00:00,21775.583681
2014-08-07 00:00:00,21904.396703
2014-08-10 00:00:00,22019.587366
2014-08-13 00:00:00,22145.847628
2014-08-16 00:00:00,22281.255895
2014-08-19 00:00:00,22407.702087
2014-08-22 00:00:00,22531.406696
2014-08-25 00:00:00,22637.59141
2014-08-28 00:00:00,22762.514921
2014-08-31 00:00:00,22871.105346
2014-09-03 00:00:00,22986.777418
2014-09-06 00:00:00,23106.589154
2014-09-09 00:00:00,23223.57972
2014-09-12 00:00:00,23359.672824
2014-09-15 00:00:00,23472.925783
2014-09-18 00:00:00,23614.028926
2014-09-21 00:00:00,23731.291308
2014-09-24 00:00:00,23856.767787
2014-09-27 00:00:00,23992.087873
2014-09-30 00:00:00,24118.477865
2014-10-03 00:00:00,24251.253796
2014-10-06 00:00:00,24382.001027
2014-10-09 00:00:00,24516.742609
2014-10-12 00:00:00,24640.944958
2014-10-15 00:00:00,24778.265555
2014-10-18 00:00:00,24905.969308
2014-10-21 00:00:00,25030.695047
2014-10-24 00:00:00,25171.117904
2014-10-27 00:00:00,25297.017488
2014-10-30 00:00:00,25445.827354
2014-11-02 00:00:00,25582.58125
2014-11-05 00:00:00,25732.490102
2014-11-08 00:00:00,25884.784956
2014-11-11 00:00:00,26024.772096
2014-11-14 00:00:00,26184.175424
2014-11-17 00:00:00,26321.779863
2014-11-20 00:00:00,26472.815494
2014-11-23 00:00:00,26609.781699
2014-11-26 00:00:00,26757.719553
2014-11-29 00:00:00,26902.33205
2014-12-02 00:00:00,27057.288197
2014-12-05 00:00:00,27226.292771
2014-12-08 00:00:00,27365.05403
2014-12-11 00:00:00,27523.973096
2014-12-14 00:00:00,27660.45639
2014-12-17 00:00:00,27832.722445
2014-12-20 00:00:00,28001.507359
2014-12-23 00:00:00,28157.479617
2014-12-26 00:00:00,28297.401678
2014-12-29 00:00:00,28430.42748
2015-01-01 00:00:00,28564.885541
2015-01-04 00:00:00,28687.953126
2015-01-07 00:00:00,28842.17123
2015-01-10 00:00:00,29004.588368
2015-01-13 00:00:00,29169.409374
2015-01-16 00:00:00,29354.649272
2015-01-19 00:00:00,29512.95796
2015-01-22 00:00:00,29676.199047
2015-01-25 00:00:00,29825.336451
2015-01-28 00:00:00,30002.032217
2015-01-31 00:00:00,30137.155695
2015-02-03 00:00:00,30284.202085
2015-02-06 00:00:00,30433.129572
2015-02-09 00:00:00,30577.947387
2015-02-12 00:00:00,30749.161886
2015-02-15 00:00:00,30939.502417
2015-02-18 00:00:00,31136.444848
2015-02-21 00:00:00,31309.121294
2015-02-24 00:00:00,31477.374339
2015-02-27 00:00:00,31645.126815
2015-03-02 00:00:00,31819.946308
2015-03-05 00:00:00,32005.410547
2015-03-08 00:00:00,32180.139638
2015-03-11 00:00:00,32360.03282
2015-03-14 00:00:00,32537.847623
2015-03-17 00:00:00,32699.904035
2015-03-20 00:00:00,32872.372977
2015-03-23 00:00:00,33035.972215
2015-03-26 00:00:00,33197.25357
2015-03-29 00:00:00,33354.273088
2015-04-01 00:00:00,33527.144331
2015-04-04 00:00:00,33709.807458
2015-04-07 00:00:00,33876.533062
2015-04-10 00:00:00,34053.194764
2015-04-13 00:00:00,34212.020944
2015-04-16 00:00:00,34390.684544
2015-04-19 00:00:00,34548.10281
2015-04-22 00:00:00,34720.402806
2015-04-25 00:00:00,34900.391969
2015-04-28 00:00:00,35068.831175
2015-05-01 00:00:00,35249.213773
2015-05-04 00:00:00,35402.816334
2015-05-07 00:00:00,35576.321054
2015-05-10 00:00:00,35745.407419
2015-05-13 00:00:00,35922.098459
2015-05-16 00:00:00,36086.339135
2015-05-19 00:00:00,36245.049315
2015-05-22 00:00:00,36412.09292
2015-05-25 00:00:00,36575.464776
2015-05-28 00:00:00,36756.897662
2015-05-31 00:00:00,36946.997649
2015-06-03 00:00:00,37143.55952
2015-06-06 00:00:00,37329.78628
2015-06-09 00:00:00,37492.364143
2015-06-12 00:00:00,37700.779778
2015-06-15 00:00:00,37888.712657
2015-06-18 00:00:00,38110.556304
2015-06-21 00:00:00,38321.184304
2015-06-24 00:00:00,38541.649091
2015-06-27 00:00:00,38720.114244
2015-06-30 00:00:00,38909.556056
2015-07-03 00:00:00,39155.424689
2015-07-06 00:00:00,39346.090103
2015-07-09 00:00:00,39660.114973
2015-07-12 00:00:00,39969.074027
2015-07-15 00:00:00,40283.305136
2015-07-18 00:00:00,40577.602977
2015-07-21 00:00:00,40840.968153
2015-07-24 00:00:00,41036.355293
2015-07-27 00:00:00,41217.379271
2015-07-30 00:00:00,41502.426536
2015-08-02 00:00:00,41834.026587
2015-08-05 00:00:00,42078.383585
2015-08-08 00:00:00,42365.695233
2015-08-11 00:00:00,42548.93208
2015-08-14 00:00:00,42744.827898
2015-08-17 00:00:00,42911.822848
2015-08-20 00:00:00,43106.935463
2015-08-23 00:00:00,43288.041699
2015-08-26 00:00:00,43480.368992
2015-08-29 00:00:00,43666.017407
2015-09-01 00:00:00,43849.641216
2015-09-04 00:00:00,44112.309374
2015-09-07 00:00:00,44292.887448
2015-09-10 00:00:00,44568.532808
2015-09-13 00:00:00,44887.740011
2015-09-16 00:00:00,45206.132909
2015-09-19 00:00:00,45485.813166
2015-09-22 00:00:00,45685.258301
2015-09-25 00:00:00,45901.80822
2015-09-28 00:00:00,46102.42831
2015-10-01 00:00:00,46332.74864
2015-10-04 00:00:00,46530.946987
2015-10-07 00:00:00,46730.476999
2015-10-10 00:00:00,46988.911885
2015-10-13 00:00:00,47250.044403
2015-10-16 00:00:00,47496.01386
2015-10-19 00:00:00,47737.199669
2015-10-22 00:00:00,47991.305625
2015-10-25 00:00:00,48231.969613
2015-10-28 00:00:00,48471.956997
2015-10-31 00:00:00,48732.375535
2015-11-03 00:00:00,48990.675102
2015-11-06 00:00:00,49324.679397
2015-11-09 00:00:00,49577.584935
2015-11-12 00:00:00,49847.447987
2015-11-15 00:00:00,50087.782458
2015-11-18 00:00:00,50340.571025
2015-11-21 00:00:00,50599.206161
2015-11-24 00:00:00,50839.604733
2015-11-27 00:00:00,51098.697787
2015-11-30 00:00:00,51338.160405
2015-12-03 00:00:00,51647.42395
2015-12-06 00:00:00,51929.055856
2015-12-09 00:00:00,52231.962278
2015-12-12 00:00:00,52565.355964
2015-12-15 00:00:00,52897.051515
2015-12-18 00:00:00,53226.302111
2015-12-21 00:00:00,53531.478363
2015-12-24 00:00:00,53866.008014
2015-12-27 00:00:00,54144.590753
2015-12-30 00:00:00,54434.5942
2016-01-02 00:00:00,54670.70778
2016-01-05 00:00:00,54936.400034
2016-01-08 00:00:00,55234.275192
2016-01-11 00:00:00,55523.12912
2016-01-14 00:00:00,55838.175627
2016-01-17 00:00:00,56135.490938
2016-01-20 00:00:00,56467.222964
2016-01-23 00:00:00,56830.100821
2016-01-26 00:00:00,57154.753437
2016-01-29 00:00:00,57505.275248
2016-02-01 00:00:00,57827.946495
2016-02-04 00:00:00,58213.257987
2016-02-07 00:00:00,58565.932531
2016-02-10 00:00:00,58933.00014
2016-02-13 00:00:00,59281.804278
2016-02-16 00:00:00,59600.057012
2016-02-19 00:00:00,59934.711502
2016-02-22 00:00:00,60265.117037
2016-02-25 00:00:00,60607.646992
2016-02-28 00:00:00,60937.695872
2016-03-02 00:00:00,61290.834574
2016-03-05 00:00:00,61678.351585
2016-03-08 00:00:00,61982.693449
2016-03-11 00:00:00,62317.398261
2016-03-14 00:00:00,62582.379761
2016-03-17 00:00:00,62902.14454
2016-03-20 00:00:00,63195.133252
2016-03-23 00:00:00,63502.128756
2016-03-26 00:00:00,63792.629327
2016-03-29 00:00:00,64091.543185
2016-04-01 00:00:00,64438.184693
2016-04-04 00:00:00,64769.769773
2016-04-07 00:00:00,65106.230052
2016-04-10 00:00:00,65418.786281
2016-04-13 00:00:00,65755.823988
2016-04-16 00:00:00,66099.436059
2016-04-19 00:00:00,66408.959439
2016-04-22 00:00:00,66746.931438
2016-04-25 00:00:00,67048.126471
2016-04-28 00:00:00,67394.895324
2016-05-01 00:00:00,67755.088896
2016-05-04 00:00:00,68086.948256
2016-05-07 00:00:00,68425.626147
2016-05-10 00:00:00,68729.146908
2016-05-13 00:00:00,69060.550829
2016-05-16 00:00:00,69401.555453
2016-05-19 00:00:00,69785.468824
2016-05-22 00:00:00,70141.465964
2016-05-25 00:00:00,70494.597885
2016-05-28 00:00:00,70857.288939
2016-05-31 00:00:00,71200.500689
2016-06-03 00:00:00,71544.737504
2016-06-06 00:00:00,71866.183742
2016-06-09 00:00:00,72214.848213
2016-06-12 00:00:00,72560.518521
2016-06-15 00:00:00,72955.494588
2016-06-18 00:00:00,73375.757517
2016-06-21 00:00:00,73769.338988
2016-06-24 00:00:00,74156.34867
2016-06-27 00:00:00,74517.502995
2016-06-30 00:00:00,74856.03685
2016-07-03 00:00:00,75195.311819
2016-07-06 00:00:00,75516.099744
2016-07-09 00:00:00,75853.379584
2016-07-12 00:00:00,76156.254615
2016-07-15 00:00:00,76485.560393
2016-07-18 00:00:00,76806.02494
2016-07-21 00:00:00,77157.249908
2016-07-24 00:00:00,77484.240751
2016-07-27 00:00:00,77821.018048
2016-07-30 00:00:00,78178.930354
2016-08-02 00:00:00,78529.411654
2016-08-05 00:00:00,78912.518748
2016-08-08 00:00:00,79247.209981
2016-08-11 00:00:00,79606.924249
2016-08-14 00:00:00,79964.396641
2016-08-17 00:00:00,80311.112835
2016-08-20 00:00:00,80672.529677
2016-08-23 00:00:00,81007.663246
2016-08-26 00:00:00,81357.311884
2016-08-29 00:00:00,81660.197765
2016-09-01 00:00:00,82020.819564
2016-09-04 00:00:00,82348.11717
2016-09-07 00:00:00,82692.96889
2016-09-10 00:00:00,83048.669502
2016-09-13 00:00:00,83358.53951
2016-09-16 00:00:00,83722.558259
2016-09-19 00:00:00,84051.550603
2016-09-22 00:00:00,84398.570485
2016-09-25 00:00:00,84721.165102
2016-09-28 00:00:00,85072.656709
2016-10-01 00:00:00,85427.273541
2016-10-04 00:00:00,85770.8187
2016-10-07 00:00:00,86165.960872
2016-10-10 00:00:00,86526.98284
2016-10-13 00:00:00,86886.966479
2016-10-16 00:00:00,87231.589421
2016-10-19 00:00:00,87576.94173
2016-10-22 00:00:00,87938.581035
2016-10-25 00:00:00,88297.71735
2016-10-28 00:00:00,88721.765668
2016-10-31 00:00:00,89065.927425
2016-11-03 00:00:00,89429.116153
2016-11-06 00:00:00,89785.259703
2016-11-09 00:00:00,90173.24093
2016-11-12 00:00:00,90562.531967
2016-11-15 00:00:00,90927.621759
2016-11-18 00:00:00,91339.077015
2016-11-21 00:00:00,91713.673409
2016-11-24 00:00:00,92110.198686
2016-11-27 00:00:00,92552.1413
2016-11-30 00:00:00,92954.675213
2016-12-03 00:00:00,93355.193718
2016-12-06 00:00:00,93767.704844
2016-12-09 00:00:00,94199.448328
2016-12-12 00:00:00,94571.38799
2016-12-15 00:00:00,94967.672986
2016-12-18 00:00:00,95335.225337
2016-12-21 00:00:00,95728.727328
2016-12-24 00:00:00,96163.227383
2016-12-27 00:00:00,96508.819552
2016-12-30 00:00:00,96929.06564
2017-01-02 00:00:00,97293.875547
2017-01-05 00:00:00,97743.65672
2017-01-08 00:00:00,98176.161409
2017-01-11 00:00:00,98590.585191
2017-01-14 00:00:00,98995.768556
2017-01-17 00:00:00,99364.754369
2017-01-20 00:00:00,99786.247964
2017-01-23 00:00:00,100165.581817
2017-01-26 00:00:00,100583.241782
2017-01-29 00:00:00,101012.958348
2017-02-01 00:00:00,101433.664784
2017-02-04 00:00:00,101906.568632
2017-02-07 00:00:00,102318.392564
2017-02-10 00:00:00,102763.083275
2017-02-13 00:00:00,103161.407425
2017-02-16 00:00:00,103590.004948
2017-02-19 00:00:00,104028.658475
2017-02-22 00:00:00,104425.249295
2017-02-25 00:00:00,104862.504578
2017-02-28 00:00:00,105324.057034
2017-03-03 00:00:00,105763.223261
2017-03-06 00:00:00,106186.687534
2017-03-09 00:00:00,106612.025864
2017-03-12 00:00:00,107062.17399
2017-03-15 00:00:00,107503.655104
2017-03-18 00:00:00,107947.899258
2017-03-21 00:00:00,108375.42017
2017-03-24 00:00:00,108813.851508
2017-03-27 00:00:00,109203.443318
2017-03-30 00:00:00,109610.313779
2017-04-02 00:00:00,110025.507761
2017-04-05 00:00:00,110432.543145
2017-04-08 00:00:00,110891.281675
2017-04-11 00:00:00,111306.811016
2017-04-14 00:00:00,111730.695199
2017-04-17 00:00:00,112152.812663
2017-04-20 00:00:00,112561.873562
2017-04-23 00:00:00,113000.355878
2017-04-26 00:00:00,113407.735979
2017-04-29 00:00:00,113834.217362
2017-05-02 00:00:00,114295.669912
2017-05-05 00:00:00,114745.060056
2017-05-08 00:00:00,115192.297105
2017-05-11 00:00:00,115661.774535
2017-05-14 00:00:00,116089.452949
2017-05-17 00:00:00,116542.950881
2017-05-20 00:00:00,116992.823811
2017-05-23 00:00:00,117439.150362
2017-05-26 00:00:00,117912.263651
2017-05-29 00:00:00,118386.890453
2017-06-01 00:00:00,118870.248868
2017-06-04 00:00:00,119368.207395
2017-06-07 00:00:00,119834.030345
2017-06-10 00:00:00,120304.754356
2017-06-13 00:00:00,120721.30214
2017-06-16 00:00:00,121146.929861
2017-06-19 00:00:00,121571.085434
2017-06-22 00:00:00,121990.991627
2017-06-25 00:00:00,122419.006018
2017-06-28 00:00:00,122802.5087
2017-07-01 00:00:00,123218.497789
2017-07-04 00:00:00,123648.002935
2017-07-07 00:00:00,124057.070698
2017-07-10 00:00:00,124440.42426
2017-07-13 00:00:00,124898.03749
2017-07-16 00:00:00,125281.276666
2017-07-19 00:00:00,125716.448823
2017-07-22 00:00:00,126157.359942
2017-07-25 00:00:00,126582.224779
2017-07-28 00:00:00,127004.930335
2017-07-31 00:00:00,127398.514581
2017-08-03 00:00:00,127774.425257
2017-08-06 00:00:00,128215.537858
2017-08-09 00:00:00,128630.800826
2017-08-12 00:00:00,129033.251271
2017-08-15 00:00:00,129435.255265
2017-08-18 00:00:00,129884.324518
2017-08-21 00:00:00,130298.285653
2017-08-24 00:00:00,130656.264574
2017-08-27 00:00:00,130949.711815
2017-08-30 00:00:00,131378.602978
2017-09-02 00:00:00,131872.9234
2017-09-05 00:00:00,132285.86823
2017-09-08 00:00:00,132725.330135
2017-09-11 00:00:00,133117.0232
2017-09-14 00:00:00,133530.285179
2017-09-17 00:00:00,133940.70213
2017-09-20 00:00:00,134308.131467
2017-09-23 00:00:00,134665.429696
2017-09-26 00:00:00,134980.073748
2017-09-29 00:00:00,135387.039259
2017-10-02 00:00:00,135754.923888
2017-10-05 00:00:00,136177.654458
2017-10-08 00:00:00,136583.440305
2017-10-11 00:00:00,137025.228419
2017-10-14 00:00:00,137455.496538
2017-10-17 00:00:00,137933.776718
2017-10-20 00:00:00,138426.175924
2017-10-23 00:00:00,138945.69675
2017-10-26 00:00:00,139465.43586
2017-10-29 00:00:00,139790.309702
2017-11-01 00:00:00,140241.345441
2017-11-04 00:00:00,140684.293949
2017-11-07 00:00:00,141103.955453
2017-11-10 00:00:00,141568.734187
2017-11-13 00:00:00,141863.659105
2017-11-16 00:00:00,142300.093687
2017-11-19 00:00:00,142770.711308
2017-11-22 00:00:00,143298.579685
2017-11-25 00:00:00,143778.401187
2017-11-28 00:00:00,144279.372952
2017-12-01 00:00:00,144807.724271
2017-12-04 00:00:00,145354.358646
2017-12-07 00:00:00,145935.272358
2017-12-10 00:00:00,146441.076438
2017-12-13 00:00:00,146961.280045
2017-12-16 00:00:00,147529.374879
2017-12-19 00:00:00,148092.334806
2017-12-22 00:00:00,148523.738766
2017-12-25 00:00:00,148997.57684
2017-12-28 00:00:00,149455.153988
2017-12-31 00:00:00,149941.738091
2018-01-03 00:00:00,150451.629839
2018-01-06 00:00:00,150950.682578
2018-01-09 00:00:00,151471.960884
2018-01-12 00:00:00,152024.622243
2018-01-15 00:00:00,152526.356471
2018-01-18 00:00:00,153029.607111
2018-01-21 00:00:00,153581.391891
2018-01-24 00:00:00,154152.788631
2018-01-27 00:00:00,154678.175698
2018-01-30 00:00:00,155153.771754
2018-02-02 00:00:00,155610.347284
2018-02-05 00:00:00,156115.914121
2018-02-08 00:00:00,156652.542616
2018-02-11 00:00:00,157083.07799
2018-02-14 00:00:00,157577.403619
2018-02-17 00:00:00,158053.999484
2018-02-20 00:00:00,158519.660286
2018-02-23 00:00:00,158965.610932
2018-02-26 00:00:00,159384.300932
2018-03-01 00:00:00,159849.508816
2018-03-04 00:00:00,160335.950536
2018-03-07 00:00:00,160795.198856
2018-03-10 00:00:00,161271.46641
2018-03-13 00:00:00,161720.183306
2018-03-16 00:00:00,162079.109866
2018-03-19 00:00:00,162367.894486
2018-03-22 00:00:00,162676.150801
2018-03-25 00:00:00,162993.323652
2018-03-28 00:00:00,163293.062293
2018-03-31 00:00:00,163595.811314
2018-04-03 00:00:00,163843.946204
2018-04-06 00:00:00,164160.846209
2018-04-09 00:00:00,164441.587369
2018-04-12 00:00:00,164764.541883
2018-04-15 00:00:00,165121.182964
2018-04-18 00:00:00,165513.633207
2018-04-21 00:00:00,165845.313254
2018-04-24 00:00:00,166172.666117
2018-04-27 00:00:00,166579.501606
2018-04-30 00:00:00,166921.216729
2018-05-03 00:00:00,167266.980876
2018-05-06 00:00:00,167648.431591
2018-05-09 00:00:00,168010.767442
2018-05-12 00:00:00,168377.675827
2018-05-15 00:00:00,168683.560816
2018-05-18 00:00:00,169021.985682
2018-05-21 00:00:00,169315.61935
2018-05-24 00:00:00,169660.765346
2018-05-27 00:00:00,169952.989056
2018-05-30 00:00:00,170253.738107
2018-06-02 00:00:00,170601.609994
2018-06-05 00:00:00,171016.169192
2018-06-08 00:00:00,171465.353152
2018-06-11 00:00:00,171781.749348
2018-06-14 00:00:00,172175.297459
2018-06-17 00:00:00,172489.797117
2018-06-20 00:00:00,172814.466859
2018-06-23 00:00:00,173206.617086
2018-06-26 00:00:00,173518.872439
2018-06-29 00:00:00,173915.481324
2018-07-02 00:00:00,174270.308688
2018-07-05 00:00:00,174664.828011
2018-07-08 00:00:00,174964.966779
2018-07-11 00:00:00,175348.424658
2018-07-14 00:00:00,175809.500512
2018-07-17 00:00:00,176178.227507
2018-07-20 00:00:00,176630.119741
2018-07-23 00:00:00,176935.590773
2018-07-26 00:00:00,177400.300232
2018-07-29 00:00:00,177785.47067
2018-08-01 00:00:00,178139.392541
2018-08-04 00:00:00,178549.904186
2018-08-07 00:00:00,178881.24578
2018-08-10 00:00:00,179281.572371
2018-08-13 00:00:00,179616.124431
2018-08-16 00:00:00,180017.091513
2018-08-19 00:00:00,180358.720635
2018-08-22 00:00:00,180686.573778
2018-08-25 00:00:00,181044.812692
2018-08-28 00:00:00,181376.185912
2018-08-31 00:00:00,181762.80476
2018-09-03 00:00:00,182097.608134
2018-09-06 00:00:00,182473.750828
2018-09-09 00:00:00,182848.562518
2018-09-12 00:00:00,183202.920813
2018-09-15 00:00:00,183583.345852
2018-09-18 00:00:00,183903.091111
2018-09-21 00:00:00,184287.588406
2018-09-24 00:00:00,184645.140969
2018-09-27 00:00:00,185019.282154
2018-09-30 00:00:00,185381.604228
2018-10-03 00:00:00,185758.1138
2018-10-06 00:00:00,186124.58706
2018-10-09 00:00:00,186488.678857
2018-10-12 00:00:00,186889.781088
2018-10-15 00:00:00,187268.843095
2018-10-18 00:00:00,187710.943989
2018-10-21 00:00:00,188120.155675
2018-10-24 00:00:00,188519.173903
2018-10-27 00:00:00,188941.6556
2018-10-30 00:00:00,189325.452879
2018-11-02 00:00:00,189770.748846
2018-11-05 00:00:00,190202.285325
2018-11-08 00:00:00,190637.415963
2018-11-11 00:00:00,191048.214685
2018-11-14 00:00:00,191458.122941
2018-11-17 00:00:00,191903.684286
2018-11-20 00:00:00,192292.51236
2018-11-23 00:00:00,192727.233576
2018-11-26 00:00:00,193137.282487
2018-11-29 00:00:00,193540.42918
2018-12-02 00:00:00,193921.29666
2018-12-05 00:00:00,194310.980329
2018-12-08 00:00:00,194732.610371
2018-12-11 00:00:00,195118.685935
2018-12-14 00:00:00,195531.350563
2018-12-17 00:00:00,195943.603395
2018-12-20 00:00:00,196401.814182
2018-12-23 00:00:00,196843.53123
2018-12-26 00:00:00,197246.155964
2018-12-29 00:00:00,197695.445725
2019-01-01 00:00:00,198101.21908
2019-01-04 00:00:00,198514.023883
2019-01-07 00:00:00,198906.032513
2019-01-10 00:00:00,199335.417225
2019-01-13 00:00:00,199757.458177
2019-01-16 00:00:00,200157.509817
2019-01-19 00:00:00,200587.779363
2019-01-22 00:00:00,200983.41026
2019-01-25 00:00:00,201417.662554
2019-01-28 00:00:00,201825.737961
2019-01-31 00:00:00,202268.515427
2019-02-03 00:00:00,202728.86132
2019-02-06 00:00:00,203161.190166
2019-02-09 00:00:00,203657.589093
2019-02-12 00:00:00,204082.809151
2019-02-15 00:00:00,204582.526613
2019-02-18 00:00:00,205013.617484
2019-02-21 00:00:00,205501.391383
2019-02-24 00:00:00,205958.067939
2019-02-27 00:00:00,206435.718437
2019-03-02 00:00:00,206934.814322
2019-03-05 00:00:00,207385.013301
2019-03-08 00:00:00,207839.710046
2019-03-11 00:00:00,208214.083978
2019-03-14 00:00:00,208670.937417
2019-03-17 00:00:00,209112.15408
2019-03-20 00:00:00,209527.770331
2019-03-23 00:00:00,209988.629466
2019-03-26 00:00:00,210379.814931
2019-03-29 00:00:00,210898.358047
2019-04-01 00:00:00,211410.209058
2019-04-04 00:00:00,211942.349161
2019-04-07 00:00:00,212476.5689
2019-04-10 00:00:00,212982.597209
2019-04-13 00:00:00,213529.760567
2019-04-16 00:00:00,214003.826294
2019-04-19 00:00:00,214535.433795
2019-04-22 00:00:00,215067.298052
2019-04-25 00:00:00,215567.396031
2019-04-28 00:00:00,216091.672205
2019-05-01 00:00:00,216628.418736
2019-05-04 00:00:00,217210.175209
2019-05-07 00:00:00,217705.888733
2019-05-10 00:00:00,218244.863239
2019-05-13 00:00:00,218758.519312
2019-05-16 00:00:00,219330.906926
2019-05-19 00:00:00,219893.417012
2019-05-22 00:00:00,220458.765967
2019-05-25 00:00:00,221044.96422
2019-05-28 00:00:00,221574.078697
2019-05-31 00:00:00,222188.382626
2019-06-03 00:00:00,222684.563661
2019-06-06 00:00:00,223225.644072
2019-06-09 00:00:00,223736.207055
2019-06-12 00:00:00,224233.905137
2019-06-15 00:00:00,224807.881111
2019-06-18 00:00:00,225304.793733
2019-06-21 00:00:00,225890.913325
2019-06-24 00:00:00,226442.962496
2019-06-27 00:00:00,227045.048426
2019-06-30 00:00:00,227624.632208
2019-07-03 00:00:00,228153.61811
2019-07-06 00:00:00,228742.172631
2019-07-09 00:00:00,229238.101719
2019-07-12 00:00:00,229741.61774
2019-07-15 00:00:00,230229.655006
2019-07-18 00:00:00,230727.03344
2019-07-21 00:00:00,231213.438146
2019-07-24 00:00:00,231662.759248
2019-07-27 00:00:00,232145.496258
2019-07-30 00:00:00,232560.532224
2019-08-02 00:00:00,233061.921533
2019-08-05 00:00:00,233521.044438
2019-08-08 00:00:00,234047.69469
2019-08-11 00:00:00,234531.074776
2019-08-14 00:00:00,234976.947991
2019-08-17 00:00:00,235469.708276
2019-08-20 00:00:00,235870.060084
2019-08-23 00:00:00,236371.469312
2019-08-26 00:00:00,236820.076393
2019-08-29 00:00:00,237293.800357
2019-09-01 00:00:00,237764.010968
2019-09-04 00:00:00,238226.468673
2019-09-07 00:00:00,238727.047306
2019-09-10 00:00:00,239150.873652
2019-09-13 00:00:00,239655.079037
2019-09-16 00:00:00,240083.518717
2019-09-19 00:00:00,240612.717177
2019-09-22 00:00:00,241080.025243
2019-09-25 00:00:00,241545.985674
2019-09-28 00:00:00,242028.718541
2019-10-01 00:00:00,242441.669138
2019-10-04 00:00:00,242903.31787
2019-10-07 00:00:00,243323.304314
2019-10-10 00:00:00,243778.95347
2019-10-13 00:00:00,244223.81647
2019-10-16 00:00:00,244635.235792
2019-10-19 00:00:00,245110.527857
2019-10-22 00:00:00,245531.89199
2019-10-25 00:00:00,246003.428052
2019-10-28 00:00:00,246466.055368
2019-10-31 00:00:00,246927.561497
2019-11-03 00:00:00,247365.134976
2019-11-06 00:00:00,247816.556845
2019-11-09 00:00:00,248293.03821
2019-11-12 00:00:00,248735.343342
2019-11-15 00:00:00,249196.673568
2019-11-18 00:00:00,249716.672832
2019-11-21 00:00:00,250173.118967
2019-11-24 00:00:00,250650.257038
2019-11-27 00:00:00,251052.507043
2019-11-30 00:00:00,251503.150801
2019-12-03 00:00:00,251906.959306
2019-12-06 00:00:00,252362.482194
2019-12-09 00:00:00,252773.398559
2019-12-12 00:00:00,253256.695364
2019-12-15 00:00:00,253689.345613
2019-12-18 00:00:00,254176.496395
2019-12-21 00:00:00,254640.364353
2019-12-24 00:00:00,255046.851997
2019-12-27 00:00:00,255439.484456
2019-12-30 00:00:00,255841.586113
2020-01-02 00:00:00,256251.622994
2020-01-05 00:00:00,256682.872531
2020-01-08 00:00:00,257131.06746
2020-01-11 00:00:00,257612.906274
2020-01-14 00:00:00,258015.371384
2020-01-17 00:00:00,258509.500202
2020-01-20 00:00:00,258920.635418
2020-01-23 00:00:00,259389.014705
2020-01-26 00:00:00,259851.978845
2020-01-29 00:00:00,260277.518958
2020-02-01 00:00:00,260754.955096
2020-02-04 00:00:00,261221.372863
2020-02-07 00:00:00,261705.195533
2020-02-10 00:00:00,262184.003043
2020-02-13 00:00:00,262679.882959
2020-02-16 00:00:00,263156.604168
2020-02-19 00:00:00,263618.682929
2020-02-22 00:00:00,264104.989999
2020-02-25 00:00:00,264534.543925
2020-02-28 00:00:00,265008.073867
2020-03-02 00:00:00,265463.650111
2020-03-05 00:00:00,266009.105727
2020-03-08 00:00:00,266481.86887
2020-03-11 00:00:00,266962.804927
2020-03-14 00:00:00,267455.271979
2020-03-17 00:00:00,267892.869648
2020-03-20 00:00:00,268300.805442
2020-03-23 00:00:00,268683.154463
2020-03-26 00:00:00,269070.975172
2020-03-29 00:00:00,269547.199076
2020-04-01 00:00:00,269982.311656
2020-04-04 00:00:00,270474.904204
2020-04-07 00:00:00,270927.874751
2020-04-10 00:00:00,271444.314916
2020-04-13 00:00:00,271838.380074
2020-04-16 00:00:00,272361.487062
2020-04-19 00:00:00,272878.248407
2020-04-22 00:00:00,273354.812078
2020-04-25 00:00:00,273856.325797
2020-04-28 00:00:00,274338.317818
2020-05-01 00:00:00,274870.013013
2020-05-04 00:00:00,275445.33336
2020-05-07 00:00:00,275994.061822
2020-05-10 00:00:00,276537.58933
2020-05-13 00:00:00,277137.885444
2020-05-16 00:00:00,277602.141239
2020-05-19 00:00:00,278070.067795
2020-05-22 00:00:00,278545.588273
2020-05-25 00:00:00,279005.664995
2020-05-28 00:00:00,279513.118984
2020-05-31 00:00:00,280036.871025
2020-06-03 00:00:00,280530.267391
2020-06-06 00:00:00,281081.745172
2020-06-09 00:00:00,281560.995101
2020-06-12 00:00:00,282182.276068
2020-06-15 00:00:00,282711.60615
2020-06-18 00:00:00,283226.978222
2020-06-21 00:00:00,283716.093629
2020-06-24 00:00:00,284223.343995
2020-06-27 00:00:00,284773.775348
2020-06-30 00:00:00,285242.703493
2020-07-03 00:00:00,285813.258157
2020-07-06 00:00:00,286321.889873
2020-07-09 00:00:00,286877.112581
2020-07-12 00:00:00,287449.680917
2020-07-15 00:00:00,287947.872746
2020-07-18 00:00:00,288452.151843
2020-07-21 00:00:00,288974.179553
2020-07-24 00:00:00,289492.919309
2020-07-27 00:00:00,290111.56125
2020-07-30 00:00:00,290678.696518
2020-08-02 00:00:00,291227.545921
2020-08-05 00:00:00,291823.40102
2020-08-08 00:00:00,292384.08706
2020-08-11 00:00:00,292938.959227
2020-08-14 00:00:00,293518.28557
2020-08-17 00:00:00,294095.853177
2020-08-20 00:00:00,294607.408898
2020-08-23 00:00:00,295179.767066
2020-08-26 00:00:00,295719.020046
2020-08-29 00:00:00,296279.595324
2020-09-01 00:00:00,296815.852584
2020-09-04 00:00:00,297365.336643
2020-09-07 00:00:00,297933.968458
2020-09-10 00:00:00,298529.737255
2020-09-13 00:00:00,299103.962703
2020-09-16 00:00:00,299643.206042
2020-09-19 00:00:00,300262.399307
2020-09-22 00:00:00,300778.75962
2020-09-25 00:00:00,301300.104066