Timestamp,cost-per-transaction-percent
2010-08-28 00:00:00,69.0311598741331
2010-08-30 00:00:00,56.697093908745
2010-09-01 00:00:00,46.6202725455917
2010-09-03 00:00:00,33.3030302189317
2010-09-05 00:00:00,27.0732328419903
2010-09-07 00:00:00,68.181626660395
2010-09-09 00:00:00,40.1402954047416
2010-09-11 00:00:00,87.9865144571501
2010-09-13 00:00:00,30.7316804548289
2010-09-15 00:00:00,30.5133684664378
2010-09-17 00:00:00,15.3740182539886
2010-09-19 00:00:00,30.1996915979401
2010-09-21 00:00:00,52.7772031606872
2010-09-23 00:00:00,17.2460763714723
2010-09-25 00:00:00,43.6727103790412
2010-09-27 00:00:00,38.8649947846323
2010-09-29 00:00:00,33.8289064337282
2010-10-01 00:00:00,22.1628809385618
2010-10-03 00:00:00,17.01239122373
2010-10-05 00:00:00,6.15882254260799
2010-10-07 00:00:00,8.60097131512355
2010-10-09 00:00:00,5.36342281423547
2010-10-11 00:00:00,32.7987209765544
2010-10-13 00:00:00,25.1309369150757
2010-10-15 00:00:00,23.16104469221
2010-10-17 00:00:00,122.949007120428
2010-10-19 00:00:00,35.8973919992445
2010-10-21 00:00:00,15.318476234804
2010-10-23 00:00:00,55.5341766504873
2010-10-25 00:00:00,24.5695357412437
2010-10-27 00:00:00,12.6684323029058
2010-10-29 00:00:00,21.411250087889
2010-10-31 00:00:00,19.4595105007985
2010-11-02 00:00:00,38.8111914032775
2010-11-04 00:00:00,8.23154713797457
2010-11-06 00:00:00,10.632711071639
2010-11-08 00:00:00,3.32767022625961
2010-11-10 00:00:00,36.7906250962809
2010-11-12 00:00:00,63.347133703252
2010-11-14 00:00:00,45.208721185132
2010-11-16 00:00:00,33.8100718389809
2010-11-18 00:00:00,45.1051304298468
2010-11-20 00:00:00,13.4009032025402
2010-11-22 00:00:00,59.6694461135875
2010-11-24 00:00:00,37.038646377391
2010-11-26 00:00:00,12.9627616601224
2010-11-28 00:00:00,71.0833677175294
2010-11-30 00:00:00,19.7262556587316
2010-12-02 00:00:00,24.3971878181245
2010-12-04 00:00:00,27.4630498487776
2010-12-06 00:00:00,18.7981857516604
2010-12-08 00:00:00,71.9506585232942
2010-12-10 00:00:00,59.3921647722471
2010-12-12 00:00:00,57.4678920392172
2010-12-14 00:00:00,56.8826558889253
2010-12-16 00:00:00,47.3562461037636
2010-12-18 00:00:00,31.4614011737516
2010-12-20 00:00:00,30.6283690416483
2010-12-22 00:00:00,37.2628601211944
2010-12-24 00:00:00,69.8936899254035
2010-12-26 00:00:00,86.156700318365
2010-12-28 00:00:00,56.6932109104926
2010-12-30 00:00:00,33.9299475565655
2011-01-01 00:00:00,73.8734145526828
2011-01-03 00:00:00,30.0194733306498
2011-01-05 00:00:00,42.6503874182836
2011-01-07 00:00:00,42.3651355529386
2011-01-09 00:00:00,63.5211398697465
2011-01-11 00:00:00,14.6122342787074
2011-01-13 00:00:00,17.0442081211164
2011-01-15 00:00:00,56.2118500428065
2011-01-17 00:00:00,32.1727843236286
2011-01-19 00:00:00,24.2543434254667
2011-01-21 00:00:00,35.5671169529244
2011-01-23 00:00:00,17.3293385727986
2011-01-25 00:00:00,33.7516344892651
2011-01-27 00:00:00,1.10680117613372
2011-01-29 00:00:00,50.4742586326738
2011-01-31 00:00:00,19.2718106831814
2011-02-02 00:00:00,13.1696253682054
2011-02-04 00:00:00,33.2897778406502
2011-02-06 00:00:00,25.4870275733435
2011-02-08 00:00:00,41.7761155810525
2011-02-10 00:00:00,26.5729688508795
2011-02-12 00:00:00,40.4138305013079
2011-02-14 00:00:00,19.8042873186773
2011-02-16 00:00:00,60.8367701775512
2011-02-18 00:00:00,24.923956300288
2011-02-20 00:00:00,23.0013101734178
2011-02-22 00:00:00,34.0782853196916
2011-02-24 00:00:00,28.9105970728585
2011-02-26 00:00:00,30.3804456845009
2011-02-28 00:00:00,16.7223693332551
2011-03-02 00:00:00,5.10108556023095
2011-03-04 00:00:00,25.1998758609233
2011-03-06 00:00:00,36.3851487197467
2011-03-08 00:00:00,16.032842114683
2011-03-10 00:00:00,3.5110918214259
2011-03-12 00:00:00,9.80248749547493
2011-03-14 00:00:00,3.88041617934812
2011-03-16 00:00:00,9.33572319421277
2011-03-18 00:00:00,8.01154174363836
2011-03-20 00:00:00,14.1592546548631
2011-03-22 00:00:00,7.89184073717003
2011-03-24 00:00:00,8.86825399977123
2011-03-26 00:00:00,5.61703988533485
2011-03-28 00:00:00,13.4216303749348
2011-03-30 00:00:00,13.7365686426764
2011-04-01 00:00:00,21.72477883181
2011-04-03 00:00:00,27.5424549607505
2011-04-05 00:00:00,17.4909130238606
2011-04-07 00:00:00,11.4302520922615
2011-04-09 00:00:00,12.8795435099021
2011-04-11 00:00:00,15.7213009095856
2011-04-13 00:00:00,13.6156069213411
2011-04-15 00:00:00,12.8339677772819
2011-04-17 00:00:00,1.3279157024891
2011-04-19 00:00:00,0.432895002229143
2011-04-21 00:00:00,8.16356012993169
2011-04-23 00:00:00,9.04133834164901
2011-04-25 00:00:00,20.8213421087528
2011-04-27 00:00:00,9.56217304878438
2011-04-29 00:00:00,4.76040219948461
2011-05-01 00:00:00,13.2051031523966
2011-05-03 00:00:00,9.3118646874062
2011-05-05 00:00:00,13.0631048543306
2011-05-07 00:00:00,11.3856213665878
2011-05-09 00:00:00,17.2871805230761
2011-05-11 00:00:00,9.1639462348743
2011-05-13 00:00:00,3.16442326195048
2011-05-15 00:00:00,5.2283014031233
2011-05-17 00:00:00,17.599460561623
2011-05-19 00:00:00,15.1278698791618
2011-05-21 00:00:00,2.70414244978305
2011-05-23 00:00:00,15.8459676931862
2011-05-25 00:00:00,22.931751435099
2011-05-27 00:00:00,2.45018971341294
2011-05-29 00:00:00,14.8109216769866
2011-05-31 00:00:00,10.8737425147834
2011-06-02 00:00:00,10.5291430955023
2011-06-04 00:00:00,13.0597353236062
2011-06-06 00:00:00,11.1701796535212
2011-06-08 00:00:00,4.64988335469461
2011-06-10 00:00:00,8.55786110250893
2011-06-12 00:00:00,1.87114459340421
2011-06-14 00:00:00,4.5394007080371
2011-06-16 00:00:00,5.2949742049294
2011-06-18 00:00:00,11.6376916741181
2011-06-20 00:00:00,13.4035648058573
2011-06-22 00:00:00,14.1368619137569
2011-06-24 00:00:00,11.8461415512257
2011-06-26 00:00:00,9.61933136567766
2011-06-28 00:00:00,7.25902308179241
2011-06-30 00:00:00,10.217370741513
2011-07-02 00:00:00,9.67088685920273
2011-07-04 00:00:00,10.9707417978602
2011-07-06 00:00:00,10.4153855297904
2011-07-08 00:00:00,16.2121537466862
2011-07-10 00:00:00,11.1527416269031
2011-07-12 00:00:00,12.981932301567
2011-07-14 00:00:00,13.6514152359191
2011-07-16 00:00:00,17.739998146624
2011-07-18 00:00:00,4.28519552793466
2011-07-20 00:00:00,13.6613492351123
2011-07-22 00:00:00,11.4897743683002
2011-07-24 00:00:00,17.8025131624846
2011-07-26 00:00:00,13.735523238503
2011-07-28 00:00:00,7.35237890768732
2011-07-30 00:00:00,15.9890491583464
2011-08-01 00:00:00,9.55657218931848
2011-08-03 00:00:00,8.67473848060746
2011-08-05 00:00:00,6.04608593342685
2011-08-07 00:00:00,7.52617327293706
2011-08-09 00:00:00,10.6115644562938
2011-08-11 00:00:00,14.1576058073297
2011-08-27 00:00:00,0.54352558035973
2011-08-29 00:00:00,14.2175072671006
2011-08-31 00:00:00,15.6361775116055
2011-09-02 00:00:00,14.7492559888112
2011-09-04 00:00:00,9.21299353507108
2011-09-06 00:00:00,10.0241367384796
2011-09-08 00:00:00,10.2877640833186
2011-09-10 00:00:00,11.7001872878169
2011-09-12 00:00:00,8.16873131864729
2011-09-14 00:00:00,10.4720846793638
2011-09-16 00:00:00,7.44287310397839
2011-09-18 00:00:00,14.7282928925969
2011-09-20 00:00:00,8.21496079587497
2011-09-22 00:00:00,10.4765207403128
2011-09-24 00:00:00,11.9050777692312
2011-09-26 00:00:00,11.6836192011443
2011-09-28 00:00:00,12.08707374166
2011-09-30 00:00:00,10.2895847522492
2011-10-02 00:00:00,12.5043843537555
2011-10-04 00:00:00,7.52694868047397
2011-10-06 00:00:00,4.52467425220838
2011-10-08 00:00:00,9.10238320225812
2011-10-10 00:00:00,9.70900413934146
2011-10-12 00:00:00,9.05236292191016
2011-10-14 00:00:00,8.6377439939802
2011-10-16 00:00:00,9.71958790805062
2011-10-18 00:00:00,7.51828723912329
2011-10-20 00:00:00,6.01156050418143
2011-10-22 00:00:00,4.78364203515837
2011-10-24 00:00:00,5.24821403758052
2011-10-26 00:00:00,4.82098080905848
2011-10-28 00:00:00,3.97800181626729
2011-10-30 00:00:00,9.685818639112
2011-11-01 00:00:00,7.05196024021467
2011-11-03 00:00:00,5.57250814843386
2011-11-05 00:00:00,8.90849962296655
2011-11-07 00:00:00,8.97008815743302
2011-11-09 00:00:00,4.41564434695541
2011-11-11 00:00:00,4.91274395394136
2011-11-13 00:00:00,10.9739795381897
2011-11-15 00:00:00,5.40873532652976
2011-11-17 00:00:00,0.225637735367537
2011-11-19 00:00:00,0.217623541097032
2011-11-21 00:00:00,0.188842591617458
2011-11-23 00:00:00,0.599565766584349
2011-11-25 00:00:00,3.61847499835
2011-11-27 00:00:00,0.539075220097804
2011-11-29 00:00:00,0.294445522013891
2011-12-01 00:00:00,0.861955042098006
2011-12-03 00:00:00,0.312218174323629
2011-12-05 00:00:00,0.47142617996602
2011-12-07 00:00:00,0.137228366824746
2011-12-09 00:00:00,0.838927057804729
2011-12-11 00:00:00,2.81400172061817
2011-12-13 00:00:00,4.57784376325177
2011-12-15 00:00:00,3.8924159160447
2011-12-17 00:00:00,6.16175508360409
2011-12-19 00:00:00,5.16732970607716
2011-12-21 00:00:00,5.26436224699757
2011-12-23 00:00:00,9.14851190894766
2011-12-25 00:00:00,12.9845662773673
2011-12-27 00:00:00,12.6026861285283
2011-12-29 00:00:00,5.75057886076688
2011-12-31 00:00:00,9.13836326721723
2012-01-02 00:00:00,8.39178582246823
2012-01-04 00:00:00,6.27921003976465
2012-01-06 00:00:00,5.22994192134496
2012-01-08 00:00:00,8.58583041537817
2012-01-10 00:00:00,6.65819807631753
2012-01-12 00:00:00,6.63487562504426
2012-01-14 00:00:00,6.53755333657686
2012-01-16 00:00:00,6.48441633110788
2012-01-18 00:00:00,5.45727216563102
2012-01-20 00:00:00,5.83924293185995
2012-01-22 00:00:00,10.4611912684243
2012-01-24 00:00:00,6.18600728759778
2012-01-26 00:00:00,5.42930920797431
2012-01-28 00:00:00,7.36634365891848
2012-01-30 00:00:00,9.82453530315402
2012-02-01 00:00:00,4.49066352643832
2012-02-03 00:00:00,6.45776721227949
2012-02-05 00:00:00,6.39204656635282
2012-02-07 00:00:00,6.40717558509528
2012-02-09 00:00:00,8.17861946911284
2012-02-11 00:00:00,5.27473948224641
2012-02-13 00:00:00,3.33242259124384
2012-02-15 00:00:00,1.50315362236582
2012-02-17 00:00:00,4.46094421161284
2012-02-19 00:00:00,8.8090088717145
2012-02-21 00:00:00,5.12607074575282
2012-02-23 00:00:00,6.08614632251637
2012-02-25 00:00:00,6.44143849979207
2012-02-27 00:00:00,7.24766473222704
2012-02-29 00:00:00,8.49680112417892
2012-03-02 00:00:00,3.51498592071748
2012-03-04 00:00:00,7.49393044210889
2012-03-06 00:00:00,6.05038619381091
2012-03-08 00:00:00,6.87158435265095
2012-03-10 00:00:00,9.74286067999642
2012-03-12 00:00:00,8.24979107269303
2012-03-14 00:00:00,4.81929376590338
2012-03-16 00:00:00,5.45170362750171
2012-03-18 00:00:00,8.97239883884649
2012-03-20 00:00:00,7.01060382792046
2012-03-22 00:00:00,5.82041708080175
2012-03-24 00:00:00,10.9800149835562
2012-03-26 00:00:00,6.48960652778713
2012-03-28 00:00:00,5.87903435243856
2012-03-30 00:00:00,6.38128498035103
2012-04-01 00:00:00,8.0977602064601
2012-04-03 00:00:00,4.46272523797473
2012-04-05 00:00:00,4.48492427430407
2012-04-07 00:00:00,6.15855873629647
2012-04-09 00:00:00,2.31789379825635
2012-04-11 00:00:00,4.00122419311263
2012-04-13 00:00:00,3.25021342161032
2012-04-15 00:00:00,5.74565105205742
2012-04-17 00:00:00,3.89952948085384
2012-04-19 00:00:00,3.7027717034078
2012-04-21 00:00:00,6.15753458027062
2012-04-23 00:00:00,5.35922221993173
2012-04-25 00:00:00,3.70875551028502
2012-04-27 00:00:00,4.73461335140539
2012-04-29 00:00:00,5.97456203831585
2012-05-01 00:00:00,5.25534274060419
2012-05-03 00:00:00,5.28536693482969
2012-05-05 00:00:00,5.93041693865369
2012-05-07 00:00:00,4.22930842316364
2012-05-09 00:00:00,3.26056159171201
2012-05-11 00:00:00,2.78237690405129
2012-05-13 00:00:00,5.9833959104856
2012-05-15 00:00:00,2.96959292281073
2012-05-17 00:00:00,2.65825421763299
2012-05-19 00:00:00,4.09646912669161
2012-05-21 00:00:00,2.59910719593344
2012-05-23 00:00:00,3.26324191186192
2012-05-25 00:00:00,2.98153594380276
2012-05-27 00:00:00,4.88890001655296
2012-05-29 00:00:00,2.68593142268922
2012-05-31 00:00:00,1.65758650819626
2012-06-02 00:00:00,5.56831645699087
2012-06-04 00:00:00,4.02576019208002
2012-06-06 00:00:00,3.58788417167593
2012-06-08 00:00:00,2.95560339641128
2012-06-10 00:00:00,5.4434321130834
2012-06-12 00:00:00,3.28013482655989
2012-06-14 00:00:00,3.96992442727636
2012-06-16 00:00:00,3.38256879166333
2012-06-18 00:00:00,5.08811104752432
2012-06-20 00:00:00,2.9608715067958
2012-06-22 00:00:00,2.64480460633259
2012-06-24 00:00:00,2.43701386749068
2012-06-26 00:00:00,2.42121259782592
2012-06-28 00:00:00,3.22953711906986
2012-06-30 00:00:00,6.31054231477963
2012-07-02 00:00:00,3.29236737545671
2012-07-04 00:00:00,3.32722156933754
2012-07-06 00:00:00,4.1877578847445
2012-07-08 00:00:00,5.57274585178138
2012-07-10 00:00:00,3.00635670097504
2012-07-12 00:00:00,3.19577504883652
2012-07-14 00:00:00,3.59989436001861
2012-07-16 00:00:00,2.62604415529591
2012-07-18 00:00:00,2.83313013296768
2012-07-20 00:00:00,2.95137804192597
2012-07-22 00:00:00,4.92448328475846
2012-07-24 00:00:00,3.72012619063938
2012-07-26 00:00:00,3.9602412297772
2012-07-28 00:00:00,4.94493194215867
2012-07-30 00:00:00,5.16436270205749
2012-08-01 00:00:00,2.5518361088418
2012-08-03 00:00:00,3.5274021437538
2012-08-05 00:00:00,3.79984065702258
2012-08-07 00:00:00,3.93606169111197
2012-08-09 00:00:00,3.08087167932594
2012-08-11 00:00:00,5.82604365216981
2012-08-13 00:00:00,3.35198316648762
2012-08-15 00:00:00,3.64605347324071
2012-08-17 00:00:00,2.30607001602259
2012-08-19 00:00:00,1.28340279860746
2012-08-21 00:00:00,2.69377772496918
2012-08-23 00:00:00,2.67619214970238
2012-08-25 00:00:00,3.69072202022162
2012-08-27 00:00:00,2.32657893570078
2012-08-29 00:00:00,3.50325500699416
2012-08-31 00:00:00,2.20584122768675
2012-09-02 00:00:00,4.64916930777876
2012-09-04 00:00:00,2.88130136373329
2012-09-06 00:00:00,3.334912671153
2012-09-08 00:00:00,3.25713797499442
2012-09-10 00:00:00,1.66991284615265
2012-09-12 00:00:00,3.12810754582884
2012-09-14 00:00:00,4.11866745065771
2012-09-16 00:00:00,4.15972388601557
2012-09-18 00:00:00,3.36837112523903
2012-09-20 00:00:00,2.5288319221903
2012-09-22 00:00:00,4.95229861088547
2012-09-24 00:00:00,2.97465792082346
2012-09-26 00:00:00,2.98364620041238
2012-09-28 00:00:00,3.79801779476269
2012-09-30 00:00:00,5.73697909271347
2012-10-02 00:00:00,2.49759772738229
2012-10-04 00:00:00,2.61853265684807
2012-10-06 00:00:00,5.3586140370793
2012-10-08 00:00:00,3.3345918182125
2012-10-10 00:00:00,3.70566798025985
2012-10-12 00:00:00,3.70253315195396
2012-10-14 00:00:00,3.99203615744027
2012-10-16 00:00:00,2.95504073947725
2012-10-18 00:00:00,3.52496584675358
2012-10-20 00:00:00,3.34504061863879
2012-10-22 00:00:00,3.03102525618899
2012-10-24 00:00:00,3.12535285141075
2012-10-26 00:00:00,3.01080503664917
2012-10-28 00:00:00,5.61154172820777
2012-10-30 00:00:00,2.05386490816964
2012-11-01 00:00:00,2.3225627015916
2012-11-03 00:00:00,4.64297895438905
2012-11-05 00:00:00,4.07188832794912
2012-11-07 00:00:00,3.18849219840573
2012-11-09 00:00:00,4.40997617648551
2012-11-11 00:00:00,6.73943988784982
2012-11-13 00:00:00,3.81962671207784
2012-11-15 00:00:00,2.84769597323105
2012-11-17 00:00:00,2.98528212579961
2012-11-19 00:00:00,2.60491995178
2012-11-21 00:00:00,3.44676593346638
2012-11-23 00:00:00,4.85575127813544
2012-11-25 00:00:00,4.9892677466891
2012-11-27 00:00:00,2.90828834956926
2012-11-29 00:00:00,2.13936241462494
2012-12-01 00:00:00,2.27846932558331
2012-12-03 00:00:00,1.56247932505548
2012-12-05 00:00:00,1.30202602033592
2012-12-07 00:00:00,1.34055806263267
2012-12-09 00:00:00,1.53454225796387
2012-12-11 00:00:00,1.37759297019831
2012-12-13 00:00:00,0.98440712887777
2012-12-15 00:00:00,1.81512227107306
2012-12-17 00:00:00,1.43561332684735
2012-12-19 00:00:00,1.43761348773833
2012-12-21 00:00:00,1.32325959354162
2012-12-23 00:00:00,2.5544175037008
2012-12-25 00:00:00,2.1502600289601
2012-12-27 00:00:00,2.15827886791389
2012-12-29 00:00:00,1.96495487445482
2012-12-31 00:00:00,1.46344042721337
2013-01-02 00:00:00,1.21811233383978
2013-01-04 00:00:00,1.59963271932219
2013-01-06 00:00:00,2.31611980482494
2013-01-08 00:00:00,1.28256479345744
2013-01-10 00:00:00,1.37236692880173
2013-01-12 00:00:00,1.75456281019782
2013-01-14 00:00:00,2.06324307371675
2013-01-16 00:00:00,1.11131126994268
2013-01-18 00:00:00,1.1044877500448
2013-01-20 00:00:00,1.91219725955464
2013-01-22 00:00:00,0.971363332356902
2013-01-24 00:00:00,0.896116599395992
2013-01-26 00:00:00,1.43785129249941
2013-01-28 00:00:00,0.956276571159094
2013-01-30 00:00:00,0.883938885873404
2013-02-01 00:00:00,0.861453543317727
2013-02-03 00:00:00,2.05130450021933
2013-02-05 00:00:00,1.2818123421677
2013-02-07 00:00:00,1.37098308186791
2013-02-09 00:00:00,1.54475447139124
2013-02-11 00:00:00,1.70392209347824
2013-02-13 00:00:00,1.40125327650939
2013-02-15 00:00:00,1.4825886175158
2013-02-17 00:00:00,1.79176940789574
2013-02-19 00:00:00,1.40621754587304
2013-02-21 00:00:00,1.65061525640845
2013-02-23 00:00:00,1.49483654111705
2013-02-25 00:00:00,1.40430773927945
2013-02-27 00:00:00,1.8535148525753
2013-03-01 00:00:00,1.35406459730263
2013-03-03 00:00:00,2.74255132038979
2013-03-05 00:00:00,1.09158774694969
2013-03-07 00:00:00,1.0792684612947
2013-03-09 00:00:00,2.13588854814211
2013-03-11 00:00:00,1.83756124694131
2013-03-13 00:00:00,1.32299363224089
2013-03-15 00:00:00,1.74001636925482
2013-03-17 00:00:00,3.39961821589086
2013-03-19 00:00:00,1.25202007834158
2013-03-21 00:00:00,1.55279668648873
2013-03-23 00:00:00,2.27647633431176
2013-03-25 00:00:00,1.11783719524548
2013-03-27 00:00:00,1.24173232220912
2013-03-29 00:00:00,1.51117760090218
2013-03-31 00:00:00,2.80300540863115
2013-04-02 00:00:00,1.24802470374279
2013-04-04 00:00:00,1.36923502691789
2013-04-06 00:00:00,2.08665588289894
2013-04-08 00:00:00,1.10976567128119
2013-04-10 00:00:00,0.882464683680352
2013-04-12 00:00:00,0.970242681475285
2013-04-14 00:00:00,1.99200139076161
2013-04-16 00:00:00,0.844905821490642
2013-04-18 00:00:00,1.59411568445971
2013-04-20 00:00:00,2.1192824526315
2013-04-22 00:00:00,2.29307788433071
2013-04-24 00:00:00,1.49655203481708
2013-04-26 00:00:00,1.78188345997611
2013-04-28 00:00:00,3.22621367208472
2013-04-30 00:00:00,1.67139265495541
2013-05-02 00:00:00,1.05927691908118
2013-05-04 00:00:00,2.19169620902418
2013-05-06 00:00:00,1.36869767651733
2013-05-08 00:00:00,1.30175460707445
2013-05-10 00:00:00,1.95768577131171
2013-05-12 00:00:00,1.51248271271074
2013-05-14 00:00:00,1.5711602482743
2013-05-16 00:00:00,1.62805941200508
2013-05-18 00:00:00,2.08074578782142
2013-05-20 00:00:00,2.27146220200716
2013-05-22 00:00:00,2.46871382879615
2013-05-24 00:00:00,1.88190209733022
2013-05-26 00:00:00,5.3273072233889
2013-05-28 00:00:00,2.09829566817651
2013-05-30 00:00:00,2.10055719939974
2013-06-01 00:00:00,5.08101513601607
2013-06-03 00:00:00,2.1717093491557
2013-06-05 00:00:00,2.62357644783035
2013-06-07 00:00:00,1.74984761061254
2013-06-09 00:00:00,1.62929478240896
2013-06-11 00:00:00,2.75229844447002
2013-06-13 00:00:00,2.87663162897157
2013-06-15 00:00:00,3.55807750400778
2013-06-17 00:00:00,2.4119503007492
2013-06-19 00:00:00,2.43346937723979
2013-06-21 00:00:00,2.12150124592388
2013-06-23 00:00:00,3.66154592248835
2013-06-25 00:00:00,2.5146869311355
2013-06-27 00:00:00,2.81917843858252
2013-06-29 00:00:00,3.36887161308756
2013-07-01 00:00:00,1.35918752576017
2013-07-03 00:00:00,1.58029694245598
2013-07-05 00:00:00,1.38690920630603
2013-07-07 00:00:00,3.0463186847412
2013-07-09 00:00:00,1.22502650654855
2013-07-11 00:00:00,1.64918474363225
2013-07-13 00:00:00,1.36170685356681
2013-07-15 00:00:00,2.36299015488883
2013-07-17 00:00:00,1.19538162851343
2013-07-19 00:00:00,2.28647918615285
2013-07-21 00:00:00,3.22837084384419
2013-07-23 00:00:00,1.08975563671147
2013-07-25 00:00:00,1.90386795043784
2013-07-27 00:00:00,3.92696672557846
2013-07-29 00:00:00,2.36791019638495
2013-07-31 00:00:00,2.01455301678738
2013-08-02 00:00:00,2.52254973519894
2013-08-04 00:00:00,4.30325809875273
2013-08-06 00:00:00,3.01133029078418
2013-08-08 00:00:00,2.82895716760448
2013-08-10 00:00:00,3.94524762536837
2013-08-12 00:00:00,2.05475386529989
2013-08-14 00:00:00,1.94735299063
2013-08-16 00:00:00,2.74925076199184
2013-08-18 00:00:00,4.59986392477923
2013-08-20 00:00:00,1.96567794403831
2013-08-22 00:00:00,3.07643286227943
2013-08-24 00:00:00,4.32275899930172
2013-08-26 00:00:00,2.4234159903113
2013-08-28 00:00:00,2.16017771459847
2013-08-30 00:00:00,2.80772851380067
2013-09-01 00:00:00,3.69890631374684
2013-09-03 00:00:00,2.16222940203224
2013-09-05 00:00:00,2.55153979989104
2013-09-07 00:00:00,3.46008592366194
2013-09-09 00:00:00,3.15146024034235
2013-09-11 00:00:00,3.61066796260386
2013-09-13 00:00:00,3.71446294481243
2013-09-15 00:00:00,4.7597487488124
2013-09-17 00:00:00,3.39510650300551
2013-09-19 00:00:00,2.03152407193639
2013-09-21 00:00:00,4.27483417659477
2013-09-23 00:00:00,2.76611107562911
2013-09-25 00:00:00,2.7470240131611
2013-09-27 00:00:00,2.80001321481766
2013-09-29 00:00:00,2.8123352935406
2013-10-01 00:00:00,2.1496805537168
2013-10-03 00:00:00,2.08346392558951
2013-10-05 00:00:00,5.47549016733123
2013-10-07 00:00:00,1.98385663168844
2013-10-09 00:00:00,2.33943573958315
2013-10-11 00:00:00,2.74773055340139
2013-10-13 00:00:00,6.2927114319444
2013-10-15 00:00:00,3.40064031524878
2013-10-17 00:00:00,2.76095675544364
2013-10-19 00:00:00,3.26421364787527
2013-10-21 00:00:00,2.31507616720241
2013-10-23 00:00:00,2.14551661008411
2013-10-25 00:00:00,1.8023339034534
2013-10-27 00:00:00,4.00842599457843
2013-10-29 00:00:00,1.45724743178865
2013-10-31 00:00:00,3.75930592632378
2013-11-02 00:00:00,4.25174923624186
2013-11-04 00:00:00,1.80042188300712
2013-11-06 00:00:00,1.88700031360976
2013-11-08 00:00:00,1.19725904276688
2013-11-10 00:00:00,1.89499465897517
2013-11-12 00:00:00,2.16764617763951
2013-11-14 00:00:00,1.85275411952202
2013-11-16 00:00:00,2.66400425087463
2013-11-18 00:00:00,1.18894615807099
2013-11-20 00:00:00,1.14456594344464
2013-11-22 00:00:00,0.706836046957074
2013-11-24 00:00:00,2.0605964451843
2013-11-26 00:00:00,1.33513771758694
2013-11-28 00:00:00,1.30366191824304
2013-11-30 00:00:00,2.29382719981692
2013-12-02 00:00:00,2.12125315270699
2013-12-04 00:00:00,2.46985282720152
2013-12-06 00:00:00,2.24549797739835
2013-12-08 00:00:00,3.17963249812876
2013-12-10 00:00:00,2.87788130796564
2013-12-12 00:00:00,4.08972065055905
2013-12-14 00:00:00,4.28751054901513
2013-12-16 00:00:00,2.10515104279431
2013-12-18 00:00:00,1.44196217179356
2013-12-20 00:00:00,2.90089786626108
2013-12-22 00:00:00,2.51846439812611
2013-12-24 00:00:00,1.68298418733283
2013-12-26 00:00:00,4.3726296419759
2013-12-28 00:00:00,5.12365919749298
2013-12-30 00:00:00,4.24597857394554
2014-01-01 00:00:00,7.08753379340296
2014-01-03 00:00:00,2.14215208031604
2014-01-05 00:00:00,2.68219946612065
2014-01-07 00:00:00,3.99805967367389
2014-01-09 00:00:00,6.36938324647492
2014-01-11 00:00:00,5.76611236930937
2014-01-13 00:00:00,4.79351769879883
2014-01-15 00:00:00,4.64243782544807
2014-01-17 00:00:00,4.68234527330085
2014-01-19 00:00:00,6.33013315835402
2014-01-21 00:00:00,3.33423746132675
2014-01-23 00:00:00,5.32529953522793
2014-01-25 00:00:00,5.10364647872211
2014-01-27 00:00:00,4.34451897909547
2014-01-29 00:00:00,5.50216717837737
2014-01-31 00:00:00,7.87967568326434
2014-02-02 00:00:00,8.18147119310548
2014-02-04 00:00:00,4.48719226277431
2014-02-06 00:00:00,3.74086111904697
2014-02-08 00:00:00,6.38315995090321
2014-02-10 00:00:00,2.80995846342668
2014-02-12 00:00:00,5.3424516540426
2014-02-14 00:00:00,4.10050928640575
2014-02-16 00:00:00,5.23735296770882
2014-02-18 00:00:00,3.79044492425977
2014-02-20 00:00:00,4.4591781137165
2014-02-22 00:00:00,5.58682786891281
2014-02-24 00:00:00,3.00555915057996
2014-02-26 00:00:00,3.41199214368116
2014-02-28 00:00:00,3.3776363556039
2014-03-02 00:00:00,5.03506486086042
2014-03-04 00:00:00,2.21630240854597
2014-03-06 00:00:00,3.94939272709699
2014-03-08 00:00:00,1.18096858960154
2014-03-10 00:00:00,1.09502703341101
2014-03-12 00:00:00,1.41327427515548
2014-03-14 00:00:00,1.62645396363547
2014-03-16 00:00:00,11.3245587666844
2014-03-18 00:00:00,3.93986646175279
2014-03-20 00:00:00,3.94801502528741
2014-03-22 00:00:00,6.57194517512831
2014-03-24 00:00:00,5.35808840163409
2014-03-26 00:00:00,4.46805887595337
2014-03-28 00:00:00,2.79381080239529
2014-03-30 00:00:00,3.82715671488489
2014-04-01 00:00:00,3.65646406737767
2014-04-03 00:00:00,3.75660086133307
2014-04-05 00:00:00,4.35911724783307
2014-04-07 00:00:00,5.16251207169335
2014-04-09 00:00:00,2.99259749142863
2014-04-11 00:00:00,2.497570354824
2014-04-13 00:00:00,8.35808174486957
2014-04-15 00:00:00,4.31210255378519
2014-04-17 00:00:00,3.96022260032156
2014-04-19 00:00:00,7.89068043253219
2014-04-21 00:00:00,3.47002974340332
2014-04-23 00:00:00,4.13047202661976
2014-04-25 00:00:00,4.13058209806482
2014-04-27 00:00:00,7.27375247479858
2014-04-29 00:00:00,3.90551992939269
2014-05-01 00:00:00,6.87101490190376
2014-05-03 00:00:00,6.33612154191496
2014-05-05 00:00:00,4.37497842574709
2014-05-07 00:00:00,3.77579287633145
2014-05-09 00:00:00,6.23419775331861
2014-05-11 00:00:00,7.98626090283827
2014-05-13 00:00:00,5.81090874557915
2014-05-15 00:00:00,4.95304944143551
2014-05-17 00:00:00,11.3824905735317
2014-05-19 00:00:00,4.89523176429319
2014-05-21 00:00:00,5.232675416067
2014-05-23 00:00:00,3.33283327485892
2014-05-25 00:00:00,3.22457303764928
2014-05-27 00:00:00,2.08285663920692
2014-05-29 00:00:00,4.60962302784471
2014-05-31 00:00:00,4.79735461852501
2014-06-02 00:00:00,4.77831768590243
2014-06-04 00:00:00,4.56272235605139
2014-06-06 00:00:00,3.87306272844372
2014-06-08 00:00:00,6.38325631702868
2014-06-10 00:00:00,3.14434282162791
2014-06-12 00:00:00,0.653111440972754
2014-06-14 00:00:00,6.36068294461393
2014-06-16 00:00:00,5.33117994041584
2014-06-18 00:00:00,4.70849770646662
2014-06-20 00:00:00,7.2718600760036
2014-06-22 00:00:00,9.91522265660624
2014-06-24 00:00:00,2.73978618428383
2014-06-26 00:00:00,4.65608417469844
2014-06-28 00:00:00,9.24796288399819
2014-06-30 00:00:00,3.65099284825887
2014-07-02 00:00:00,3.10643814856841
2014-07-04 00:00:00,7.09372630580252
2014-07-06 00:00:00,9.12851369274839
2014-07-08 00:00:00,5.71271253477358
2014-07-10 00:00:00,5.02956824499675
2014-07-12 00:00:00,8.60239292182814
2014-07-14 00:00:00,5.08527908719687
2014-07-16 00:00:00,3.74352808838871
2014-07-18 00:00:00,6.37971656588679
2014-07-20 00:00:00,10.7465674026573
2014-07-22 00:00:00,4.78921358930027
2014-07-24 00:00:00,3.30896749729361
2014-07-26 00:00:00,7.11801914804442
2014-07-28 00:00:00,4.7723013099561
2014-07-30 00:00:00,6.4281766663559
2014-08-01 00:00:00,2.64866387589424
2014-08-03 00:00:00,8.61299035962268
2014-08-05 00:00:00,2.2066031296481
2014-08-07 00:00:00,4.47197958490221
2014-08-09 00:00:00,5.89440902933605
2014-08-11 00:00:00,5.8383674432775
2014-08-13 00:00:00,3.08105467512645
2014-08-15 00:00:00,3.03762281369158
2014-08-17 00:00:00,5.61318782258978
2014-08-19 00:00:00,4.73266154882849
2014-08-21 00:00:00,2.99998190615052
2014-08-23 00:00:00,5.84158697059014
2014-08-25 00:00:00,2.32583186553303
2014-08-27 00:00:00,3.82076175882976
2014-08-29 00:00:00,1.88300861182056
2014-08-31 00:00:00,7.91594723526674
2014-09-02 00:00:00,3.06637492209392
2014-09-04 00:00:00,4.73360784745921
2014-09-06 00:00:00,5.88250747132216
2014-09-08 00:00:00,3.70704464499722
2014-09-10 00:00:00,4.38154583571672
2014-09-12 00:00:00,3.894873071991
2014-09-14 00:00:00,5.50576936360664
2014-09-16 00:00:00,4.90291996020471
2014-09-18 00:00:00,3.04716969008573
2014-09-20 00:00:00,3.06905374730131
2014-09-22 00:00:00,4.87106784712707
2014-09-24 00:00:00,3.6128007437561
2014-09-26 00:00:00,3.21271340738879
2014-09-28 00:00:00,3.77117372022344
2014-09-30 00:00:00,2.68974467494186
2014-10-02 00:00:00,3.25937042086305
2014-10-04 00:00:00,2.67838242458855
2014-10-06 00:00:00,1.8353059565151
2014-10-08 00:00:00,1.91864955421619
2014-10-10 00:00:00,1.89056990459139
2014-10-12 00:00:00,3.69552663177014
2014-10-14 00:00:00,1.79765906314704
2014-10-16 00:00:00,2.99392217562488
2014-10-18 00:00:00,4.15651606453285
2014-10-20 00:00:00,2.83004355518318
2014-10-22 00:00:00,2.13321371307138
2014-10-24 00:00:00,2.59176544438701
2014-10-26 00:00:00,3.28956306007234
2014-10-28 00:00:00,2.99954866225458
2014-10-30 00:00:00,3.10437469162492
2014-11-01 00:00:00,3.99120104985917
2014-11-03 00:00:00,3.45134585397683
2014-11-05 00:00:00,2.0486631644936
2014-11-07 00:00:00,2.33959908570963
2014-11-09 00:00:00,3.50496679224057
2014-11-11 00:00:00,2.25808932847899
2014-11-13 00:00:00,1.10845710861007
2014-11-15 00:00:00,2.02757308067361
2014-11-17 00:00:00,2.12560760854741
2014-11-19 00:00:00,2.47986693335809
2014-11-21 00:00:00,2.26248228003326
2014-11-23 00:00:00,3.73632501442612
2014-11-25 00:00:00,1.71112676384373
2014-11-27 00:00:00,3.1209364764546
2014-11-29 00:00:00,3.1714896155015
2014-12-01 00:00:00,2.07566118033521
2014-12-03 00:00:00,1.54996895055095
2014-12-05 00:00:00,1.87771621302112
2014-12-07 00:00:00,2.79955264945711
2014-12-09 00:00:00,1.51995186951021
2014-12-11 00:00:00,2.17902310063638
2014-12-13 00:00:00,3.02159322405343
2014-12-15 00:00:00,2.28881132802345
2014-12-17 00:00:00,1.46691498128637
2014-12-19 00:00:00,2.05879192827575
2014-12-21 00:00:00,3.38981958286432
2014-12-23 00:00:00,1.89515159929204
2014-12-25 00:00:00,3.73774856591667
2014-12-27 00:00:00,3.00812659829937
2014-12-29 00:00:00,2.81821684852859
2014-12-31 00:00:00,2.57558682592032
2015-01-02 00:00:00,3.57547836343201
2015-01-04 00:00:00,1.9760346898862
2015-01-06 00:00:00,1.68599782624928
2015-01-08 00:00:00,1.39719178513241
2015-01-10 00:00:00,2.14911776022813
2015-01-12 00:00:00,1.92632386641491
2015-01-14 00:00:00,0.777234665730385
2015-01-16 00:00:00,1.48262679802496
2015-01-18 00:00:00,2.44074424107114
2015-01-20 00:00:00,1.46518221421386
2015-01-22 00:00:00,1.59090956584823
2015-01-24 00:00:00,1.75978558983095
2015-01-26 00:00:00,0.865835722655464
2015-01-28 00:00:00,3.00719008968317
2015-01-30 00:00:00,1.95070642202056
2015-02-01 00:00:00,3.2730531209859
2015-02-03 00:00:00,1.56998341242449
2015-02-05 00:00:00,1.93117455279393
2015-02-07 00:00:00,2.98058605576515
2015-02-09 00:00:00,2.01679279764484
2015-02-11 00:00:00,2.13684034807623
2015-02-13 00:00:00,1.5595300699991
2015-02-15 00:00:00,2.18633364010422
2015-02-17 00:00:00,2.43926323314621
2015-02-19 00:00:00,2.66442117393845
2015-02-21 00:00:00,2.97791662618101
2015-02-23 00:00:00,2.38009754415277
2015-02-25 00:00:00,2.17236946239989
2015-02-27 00:00:00,1.76330257834556
2015-03-01 00:00:00,2.70628793945744
2015-03-03 00:00:00,1.56443280480423
2015-03-05 00:00:00,1.49819256083282
2015-03-07 00:00:00,1.58630100588651
2015-03-09 00:00:00,1.48896437700896
2015-03-11 00:00:00,2.0417968870366
2015-03-13 00:00:00,1.88090667108243
2015-03-15 00:00:00,3.74265777171164
2015-03-17 00:00:00,2.2985788293408
2015-03-19 00:00:00,1.65307531305988
2015-03-21 00:00:00,3.12893310135772
2015-03-23 00:00:00,1.8050804882617
2015-03-25 00:00:00,1.93346003925742
2015-03-27 00:00:00,2.24181823362203
2015-03-29 00:00:00,3.31024696507873
2015-03-31 00:00:00,2.14053305105381
2015-04-02 00:00:00,2.33387173971613
2015-04-04 00:00:00,4.43810644160621
2015-04-06 00:00:00,2.36084505661419
2015-04-08 00:00:00,1.55362544050231
2015-04-10 00:00:00,1.90921121670016
2015-04-12 00:00:00,3.21992431243524
2015-04-14 00:00:00,1.64669210071464
2015-04-16 00:00:00,2.44005994277119
2015-04-18 00:00:00,2.58316505800965
2015-04-20 00:00:00,1.92660408850816
2015-04-22 00:00:00,2.20456730716389
2015-04-24 00:00:00,1.74185958204521
2015-04-26 00:00:00,2.13479532212928
2015-04-28 00:00:00,1.85859433203882
2015-04-30 00:00:00,1.65488827712853
2015-05-02 00:00:00,3.58147677149347
2015-05-04 00:00:00,1.77699418523986
2015-05-06 00:00:00,2.09554506582809
2015-05-08 00:00:00,2.05151975747456
2015-05-10 00:00:00,3.05950308689113
2015-05-12 00:00:00,2.05184021387057
2015-05-14 00:00:00,2.24351280774076
2015-05-16 00:00:00,3.02340766023839
2015-05-18 00:00:00,2.11547790794832
2015-05-20 00:00:00,1.99354932759621
2015-05-22 00:00:00,1.4029617982238
2015-05-24 00:00:00,3.33948484429907
2015-05-26 00:00:00,2.04020712819288
2015-05-28 00:00:00,1.75810183372949
2015-05-30 00:00:00,1.9782754527004
2015-06-01 00:00:00,1.18435241901018
2015-06-03 00:00:00,1.52284456816162
2015-06-05 00:00:00,1.56914704090731
2015-06-07 00:00:00,2.67524565129559
2015-06-09 00:00:00,1.77932412522663
2015-06-11 00:00:00,1.51793953674357
2015-06-13 00:00:00,2.46616433524226
2015-06-15 00:00:00,1.63715476342412
2015-06-17 00:00:00,1.12447222339095
2015-06-19 00:00:00,0.872203279804633
2015-06-21 00:00:00,2.25485823950505
2015-06-23 00:00:00,1.83004824640423
2015-06-25 00:00:00,2.01260087438272
2015-06-27 00:00:00,2.02426245435325
2015-06-29 00:00:00,1.41931283326475
2015-07-01 00:00:00,1.41263214140418
2015-07-03 00:00:00,1.89884949445662
2015-07-05 00:00:00,1.3048544616855
2015-07-07 00:00:00,1.11669409874666
2015-07-09 00:00:00,1.38420907145017
2015-07-11 00:00:00,1.76332278210929
2015-07-13 00:00:00,1.63794288453538
2015-07-15 00:00:00,1.93472724043042
2015-07-17 00:00:00,1.76792687327658
2015-07-19 00:00:00,3.08002218310621
2015-07-21 00:00:00,1.6231535070535
2015-07-23 00:00:00,1.95237144568019
2015-07-25 00:00:00,2.37009650954441
2015-07-27 00:00:00,1.8477198914815
2015-07-29 00:00:00,1.83179109930641
2015-07-31 00:00:00,1.88527105474302
2015-08-02 00:00:00,2.43607349788273
2015-08-04 00:00:00,1.589930722094
2015-08-06 00:00:00,1.70490089391637
2015-08-08 00:00:00,1.82911924568042
2015-08-10 00:00:00,1.62864176111309
2015-08-12 00:00:00,1.22825006412255
2015-08-14 00:00:00,1.40716255159031
2015-08-16 00:00:00,1.5768888149147
2015-08-18 00:00:00,0.857476287305151
2015-08-20 00:00:00,1.15178592241801
2015-08-22 00:00:00,1.76844153381816
2015-08-24 00:00:00,0.820841176911264
2015-08-26 00:00:00,1.34437963651765
2015-08-28 00:00:00,1.22066812523313
2015-08-30 00:00:00,2.3367205417052
2015-09-01 00:00:00,1.30692627463565
2015-09-03 00:00:00,1.50587856691148
2015-09-05 00:00:00,2.32705777778632
2015-09-07 00:00:00,1.62941652303753
2015-09-09 00:00:00,1.34270510308291
2015-09-11 00:00:00,1.66474546641822
2015-09-13 00:00:00,2.03791174080797
2015-09-15 00:00:00,1.62687421703788
2015-09-17 00:00:00,1.39843782158363
2015-09-19 00:00:00,1.42173549454387
2015-09-21 00:00:00,0.966746922814804
2015-09-23 00:00:00,1.54999744481872
2015-09-25 00:00:00,1.60696651691201
2015-09-27 00:00:00,2.63210837100111
2015-09-29 00:00:00,1.45436781438022
2015-10-01 00:00:00,1.18703318806849
2015-10-03 00:00:00,2.32311621157781
2015-10-05 00:00:00,1.35629639203527
2015-10-07 00:00:00,1.08028082988627
2015-10-09 00:00:00,1.17725538701175
2015-10-11 00:00:00,2.38039037538356
2015-10-13 00:00:00,1.07847145707743
2015-10-15 00:00:00,1.23087038250219
2015-10-17 00:00:00,1.07652694981708
2015-10-19 00:00:00,1.37364452970219
2015-10-21 00:00:00,1.21001072943306
2015-10-23 00:00:00,1.28023915114207
2015-10-25 00:00:00,1.37116149823612
2015-10-27 00:00:00,0.999557772917115
2015-10-29 00:00:00,0.854710807672667
2015-10-31 00:00:00,1.0624541103987
2015-11-02 00:00:00,0.750908472938858
2015-11-04 00:00:00,0.556687850866142
2015-11-06 00:00:00,0.739190996201225
2015-11-08 00:00:00,1.1984991531369
2015-11-10 00:00:00,0.729684196076803
2015-11-12 00:00:00,0.819014592505622
2015-11-14 00:00:00,0.868618575389944
2015-11-16 00:00:00,1.05298820026342
2015-11-18 00:00:00,1.16447812486685
2015-11-20 00:00:00,1.23114000981948
2015-11-22 00:00:00,1.75824012695546
2015-11-24 00:00:00,1.35423038620508
2015-11-26 00:00:00,0.990119187235737
2015-11-28 00:00:00,1.39975387911742
2015-11-30 00:00:00,0.971753294780993
2015-12-02 00:00:00,0.849548320735722
2015-12-04 00:00:00,1.12716523932899
2015-12-06 00:00:00,0.77857233556534
2015-12-08 00:00:00,0.99135800942251
2015-12-10 00:00:00,1.36255880198718
2015-12-12 00:00:00,1.01411379268917
2015-12-14 00:00:00,1.10904508699342
2015-12-16 00:00:00,0.894884080450684
2015-12-18 00:00:00,1.05108758956092
2015-12-20 00:00:00,1.19715714048896
2015-12-22 00:00:00,0.783731981486437
2015-12-24 00:00:00,0.839409622574139
2015-12-26 00:00:00,1.24439921998371
2015-12-28 00:00:00,1.17981368637226
2015-12-30 00:00:00,1.86934376939787
2016-01-01 00:00:00,2.66472715395722
2016-01-03 00:00:00,2.54308107918279
2016-01-05 00:00:00,1.7641331473686
2016-01-07 00:00:00,1.14119559852934
2016-01-09 00:00:00,2.68538911783197
2016-01-11 00:00:00,1.70052770045926
2016-01-13 00:00:00,1.2687113914469
2016-01-15 00:00:00,0.834149759829746
2016-01-17 00:00:00,2.00670025844945
2016-01-19 00:00:00,1.36404167751342
2016-01-21 00:00:00,1.05590867531664
2016-01-23 00:00:00,1.90921154085108
2016-01-25 00:00:00,0.893676827702024
2016-01-27 00:00:00,0.933581120680667
2016-01-29 00:00:00,0.897429142351578
2016-01-31 00:00:00,1.72595915634915
2016-02-02 00:00:00,1.14586529834096
2016-02-04 00:00:00,1.21270080434669
2016-02-06 00:00:00,1.7154981504835
2016-02-08 00:00:00,1.37256938926391
2016-02-10 00:00:00,1.13515007765223
2016-02-12 00:00:00,1.36374001702657
2016-02-14 00:00:00,1.40008812854439
2016-02-16 00:00:00,0.861142265692348
2016-02-18 00:00:00,1.16049527157295
2016-02-20 00:00:00,1.09563683606029
2016-02-22 00:00:00,0.840712040600815
2016-02-24 00:00:00,0.770862769259023
2016-02-26 00:00:00,0.981921282605298
2016-02-28 00:00:00,0.826989984016154
2016-03-01 00:00:00,0.593648404713777
2016-03-03 00:00:00,0.664826379828795
2016-03-05 00:00:00,0.690408963759508
2016-03-07 00:00:00,0.960581008420334
2016-03-09 00:00:00,1.39117124013069
2016-03-11 00:00:00,1.19048069600522
2016-03-13 00:00:00,1.59376694968802
2016-03-15 00:00:00,1.3198493233003
2016-03-17 00:00:00,1.20301734591729
2016-03-19 00:00:00,1.61029812043795
2016-03-21 00:00:00,1.23013716381444
2016-03-23 00:00:00,1.28967772992632
2016-03-25 00:00:00,1.13559255930411
2016-03-27 00:00:00,1.18689473221764
2016-03-29 00:00:00,1.0483894994791
2016-03-31 00:00:00,0.971532273519957
2016-04-02 00:00:00,1.68206937361857
2016-04-04 00:00:00,1.37233375652157
2016-04-06 00:00:00,1.06651931090008
2016-04-08 00:00:00,1.10595939993463
2016-04-10 00:00:00,1.78718544119252
2016-04-12 00:00:00,1.03137683437473
2016-04-14 00:00:00,1.48622217749148
2016-04-16 00:00:00,1.73208831138357
2016-04-18 00:00:00,1.26394931059239
2016-04-20 00:00:00,1.33423828812856
2016-04-22 00:00:00,1.17240880713907
2016-04-24 00:00:00,1.47216390770028
2016-04-26 00:00:00,1.13653804073391
2016-04-28 00:00:00,0.942988634701479
2016-04-30 00:00:00,1.80468633122373
2016-05-02 00:00:00,1.37723969247012
2016-05-04 00:00:00,0.909854132533628
2016-05-06 00:00:00,1.28105377097108
2016-05-08 00:00:00,2.60858331206117
2016-05-10 00:00:00,1.25112077313933
2016-05-12 00:00:00,1.11928117489288
2016-05-14 00:00:00,1.65839122323169
2016-05-16 00:00:00,1.17733540999586
2016-05-18 00:00:00,1.20643462662945
2016-05-20 00:00:00,1.07304932632431
2016-05-22 00:00:00,2.43300055741364
2016-05-24 00:00:00,1.15088930920565
2016-05-26 00:00:00,0.936799725376675
2016-05-28 00:00:00,0.677348839840204
2016-05-30 00:00:00,0.837021530268353
2016-06-01 00:00:00,1.01443912634468
2016-06-03 00:00:00,1.27010932504637
2016-06-05 00:00:00,1.77902031010523
2016-06-07 00:00:00,1.08137063625095
2016-06-09 00:00:00,1.23327791799452
2016-06-11 00:00:00,1.44840202632549
2016-06-13 00:00:00,0.890498399805729
2016-06-15 00:00:00,1.19755921040629
2016-06-17 00:00:00,0.928183401409547
2016-06-19 00:00:00,2.22463880693083
2016-06-21 00:00:00,0.779157514408345
2016-06-23 00:00:00,0.740805437505099
2016-06-25 00:00:00,1.84511305878172
2016-06-27 00:00:00,1.20159268923733
2016-06-29 00:00:00,1.29691345995263
2016-07-01 00:00:00,1.41946863817692
2016-07-03 00:00:00,1.7202482256324
2016-07-05 00:00:00,1.26533063433238
2016-07-07 00:00:00,1.04941334904463
2016-07-09 00:00:00,1.52884530493276
2016-07-11 00:00:00,0.727605184941143
2016-07-13 00:00:00,0.59591110446454
2016-07-15 00:00:00,0.628811066443151
2016-07-17 00:00:00,0.81159128177808
2016-07-19 00:00:00,0.71346937744625
2016-07-21 00:00:00,0.830968701460294
2016-07-23 00:00:00,0.978336683470977
2016-07-25 00:00:00,0.841462654942798
2016-07-27 00:00:00,0.652390402492919
2016-07-29 00:00:00,0.839491038327294
2016-07-31 00:00:00,0.853429407111996
2016-08-02 00:00:00,0.384474307463198
2016-08-04 00:00:00,0.544136991773067
2016-08-06 00:00:00,1.07817092780859
2016-08-08 00:00:00,0.842642993521705
2016-08-10 00:00:00,0.662003020360872
2016-08-12 00:00:00,0.746471696772939
2016-08-14 00:00:00,1.03730168342869
2016-08-16 00:00:00,0.567108898121273
2016-08-18 00:00:00,0.81407406378489
2016-08-20 00:00:00,1.03004136399346
2016-08-22 00:00:00,0.822608373697904
2016-08-24 00:00:00,0.737980460734384
2016-08-26 00:00:00,0.815360548745133
2016-08-28 00:00:00,1.35920273124944
2016-08-30 00:00:00,0.830351992527222
2016-09-01 00:00:00,0.654557106133602
2016-09-03 00:00:00,0.930505264757427
2016-09-05 00:00:00,0.831008143378341
2016-09-07 00:00:00,0.865612315153851
2016-09-09 00:00:00,0.786098217676244
2016-09-11 00:00:00,1.29590618388147
2016-09-13 00:00:00,0.901866063822601
2016-09-15 00:00:00,0.991283174840725
2016-09-17 00:00:00,1.37349847563392
2016-09-19 00:00:00,0.781790017161149
2016-09-21 00:00:00,0.962740880342977
2016-09-23 00:00:00,0.729673302789766
2016-09-25 00:00:00,0.935761981010645
2016-09-27 00:00:00,0.890838347984237
2016-09-29 00:00:00,0.729743209427952
2016-10-01 00:00:00,1.20654025007412
2016-10-03 00:00:00,0.790105668708973
2016-10-05 00:00:00,0.888055051265857
2016-10-07 00:00:00,0.805103283131269
2016-10-09 00:00:00,1.0814983277991
2016-10-11 00:00:00,0.597952110415122
2016-10-13 00:00:00,0.647957570192444
2016-10-15 00:00:00,0.905913107895022
2016-10-17 00:00:00,0.641772682029899
2016-10-19 00:00:00,0.667663228922767
2016-10-21 00:00:00,0.853530538827411
2016-10-23 00:00:00,1.20093591598943
2016-10-25 00:00:00,0.675784142009555
2016-10-27 00:00:00,0.569377507911031
2016-10-29 00:00:00,0.832621400972131
2016-10-31 00:00:00,0.644190156402574
2016-11-02 00:00:00,0.769523060499527
2016-11-04 00:00:00,0.547220598920734
2016-11-06 00:00:00,1.21881859273304
2016-11-08 00:00:00,0.747332693804517
2016-11-10 00:00:00,0.8313780151706
2016-11-12 00:00:00,1.28046178380495
2016-11-14 00:00:00,0.935117535216312
2016-11-16 00:00:00,0.604489366534271
2016-11-18 00:00:00,0.745729172378762
2016-11-20 00:00:00,0.960371231240504
2016-11-22 00:00:00,0.595209198001371
2016-11-24 00:00:00,0.640554764483075
2016-11-26 00:00:00,0.808197017971533
2016-11-28 00:00:00,0.796240886570668
2016-11-30 00:00:00,0.68001896588016
2016-12-02 00:00:00,0.642710923693817
2016-12-04 00:00:00,1.47807973911489
2016-12-06 00:00:00,0.709323178708557
2016-12-08 00:00:00,0.743718400870308
2016-12-10 00:00:00,0.898820491856906
2016-12-12 00:00:00,0.743488098885218
2016-12-14 00:00:00,0.689442439308594
2016-12-16 00:00:00,0.572759847705736
2016-12-18 00:00:00,0.979994345011682
2016-12-20 00:00:00,0.592777957792286
2016-12-22 00:00:00,0.54952717994319
2016-12-24 00:00:00,0.799893051257218
2016-12-26 00:00:00,0.69001136502607
2016-12-28 00:00:00,0.640086416767237
2016-12-30 00:00:00,0.625714022120161
2017-01-01 00:00:00,1.18118424515205
2017-01-03 00:00:00,0.656970575226676
2017-01-05 00:00:00,0.3552265718429
2017-01-07 00:00:00,0.538421514687064
2017-01-09 00:00:00,0.598353766315062
2017-01-11 00:00:00,0.416620137023008
2017-01-13 00:00:00,0.644310381828629
2017-01-15 00:00:00,1.11983443546752
2017-01-17 00:00:00,0.655100817778206
2017-01-19 00:00:00,0.88392831087184
2017-01-21 00:00:00,1.04695093562786
2017-01-23 00:00:00,0.855247384239955
2017-01-25 00:00:00,0.668626305147686
2017-01-27 00:00:00,1.18829076412542
2017-01-29 00:00:00,1.54986874561995
2017-01-31 00:00:00,0.868427653262473
2017-02-02 00:00:00,1.02924770644886
2017-02-04 00:00:00,0.916766158635027
2017-02-06 00:00:00,0.802740424659338
2017-02-08 00:00:00,0.773353863231171
2017-02-10 00:00:00,0.682040686717813
2017-02-12 00:00:00,1.58118602849285
2017-02-14 00:00:00,1.00601867700496
2017-02-16 00:00:00,0.989495305324549
2017-02-18 00:00:00,1.22875948534632
2017-02-20 00:00:00,1.11646630834439
2017-02-22 00:00:00,0.97741137655268
2017-02-24 00:00:00,0.730856554000025
2017-02-26 00:00:00,1.421935826781
2017-02-28 00:00:00,0.998255808370045
2017-03-02 00:00:00,0.642877318390692
2017-03-04 00:00:00,0.92524787718806
2017-03-06 00:00:00,0.900657896466109
2017-03-08 00:00:00,0.774866820820965
2017-03-10 00:00:00,0.807871764566943
2017-03-12 00:00:00,1.23013845568975
2017-03-14 00:00:00,0.809611129316324
2017-03-16 00:00:00,0.51871061230454
2017-03-18 00:00:00,0.586545725956519
2017-03-20 00:00:00,0.668063998349863
2017-03-22 00:00:00,0.623900104979416
2017-03-24 00:00:00,0.579408508585373
2017-03-26 00:00:00,0.940971340745558
2017-03-28 00:00:00,0.530804380652732
2017-03-30 00:00:00,0.698016815786801
2017-04-01 00:00:00,0.734446608984975
2017-04-03 00:00:00,0.815415163466301
2017-04-05 00:00:00,0.710644490682011
2017-04-07 00:00:00,0.689138277885976
2017-04-09 00:00:00,1.20827695666924
2017-04-11 00:00:00,0.806525521346619
2017-04-13 00:00:00,0.725660497604618
2017-04-15 00:00:00,0.899884694392615
2017-04-17 00:00:00,0.677481924643376
2017-04-19 00:00:00,0.800818657821078
2017-04-21 00:00:00,0.904487758268148
2017-04-23 00:00:00,1.41758904084391
2017-04-25 00:00:00,0.694444833649756
2017-04-27 00:00:00,0.702546325273651
2017-04-29 00:00:00,0.904106776937364
2017-05-01 00:00:00,0.677483977373238
2017-05-03 00:00:00,0.598443905598436
2017-05-05 00:00:00,0.506801966903831
2017-05-07 00:00:00,0.858193213743151
2017-05-09 00:00:00,0.506941106021423
2017-05-11 00:00:00,0.53903292089331
2017-05-13 00:00:00,0.910561139681125
2017-05-15 00:00:00,0.614905696026313
2017-05-17 00:00:00,0.468004940701264
2017-05-19 00:00:00,0.569751444023995
2017-05-21 00:00:00,0.822020342925364
2017-05-23 00:00:00,0.572402582014616
2017-05-25 00:00:00,0.504534795714708
2017-05-27 00:00:00,0.81590191072662
2017-05-29 00:00:00,0.943414699589607
2017-05-31 00:00:00,0.701424853182537
2017-06-02 00:00:00,0.773015185592774
2017-06-04 00:00:00,0.98932630732585
2017-06-06 00:00:00,0.787581464189885
2017-06-08 00:00:00,0.88062029429827
2017-06-10 00:00:00,0.91741385164215
2017-06-12 00:00:00,0.728651357468452
2017-06-14 00:00:00,0.723383603012878
2017-06-16 00:00:00,0.880320851279633
2017-06-18 00:00:00,1.00774571506398
2017-06-20 00:00:00,0.833957857692641
2017-06-22 00:00:00,0.858841066522697
2017-06-24 00:00:00,1.32226390053898
2017-06-26 00:00:00,0.762275249027652
2017-06-28 00:00:00,0.843915008517244
2017-06-30 00:00:00,0.753357132849655
2017-07-02 00:00:00,1.35171186410855
2017-07-04 00:00:00,1.00756295972482
2017-07-06 00:00:00,0.987559926188289
2017-07-08 00:00:00,1.07062637982279
2017-07-10 00:00:00,0.924620883117369
2017-07-12 00:00:00,1.03317997219956
2017-07-14 00:00:00,0.892829557482509
2017-07-16 00:00:00,0.927701896655211
2017-07-18 00:00:00,0.868551385475183
2017-07-20 00:00:00,0.847658032860975
2017-07-22 00:00:00,1.22078845951745
2017-07-24 00:00:00,1.19938319190106
2017-07-26 00:00:00,0.740099035546483
2017-07-28 00:00:00,0.436331711707103
2017-07-30 00:00:00,0.462844619857646
2017-08-01 00:00:00,0.386738007293174
2017-08-03 00:00:00,0.535791466855738
2017-08-05 00:00:00,0.764589406345019
2017-08-07 00:00:00,0.503590291616295
2017-08-09 00:00:00,0.800520169395836
2017-08-11 00:00:00,0.762881560983401
2017-08-13 00:00:00,0.91645830653254
2017-08-15 00:00:00,0.778620256947617
2017-08-17 00:00:00,0.859546572668978
2017-08-19 00:00:00,0.685760767061159
2017-08-21 00:00:00,0.856640796897966
2017-08-23 00:00:00,0.998438490470506
2017-08-25 00:00:00,0.964060519040946
2017-08-27 00:00:00,1.27961014481377
2017-08-29 00:00:00,0.935453027398625
2017-08-31 00:00:00,0.978272275243681
2017-09-02 00:00:00,1.16670735259994
2017-09-04 00:00:00,0.773173714579362
2017-09-06 00:00:00,0.797444925496751
2017-09-08 00:00:00,1.02743519280681
2017-09-10 00:00:00,0.939829357079567
2017-09-12 00:00:00,1.1602950493063
2017-09-14 00:00:00,0.876116660550904
2017-09-16 00:00:00,1.11318932335372
2017-09-18 00:00:00,0.853797787441754
2017-09-20 00:00:00,0.870324281796413
2017-09-22 00:00:00,0.934009377662817
2017-09-24 00:00:00,1.95294983385283
2017-09-26 00:00:00,0.950675166610919
2017-09-28 00:00:00,1.17574933179507
2017-09-30 00:00:00,1.18854434000113
2017-10-02 00:00:00,1.05961675580398
2017-10-04 00:00:00,1.29863963506009
2017-10-06 00:00:00,1.29188561201795
2017-10-08 00:00:00,1.61942882657491
2017-10-10 00:00:00,0.89050368080717
2017-10-12 00:00:00,0.992131783593223
2017-10-14 00:00:00,1.11915297924138
2017-10-16 00:00:00,1.18533917431047
2017-10-18 00:00:00,0.828098597116523
2017-10-20 00:00:00,1.26929935024846
2017-10-22 00:00:00,1.44422878733116
2017-10-24 00:00:00,0.60140634539721
2017-10-26 00:00:00,0.695276690330027
2017-10-28 00:00:00,1.10436700341176
2017-10-30 00:00:00,0.761570051138503
2017-11-01 00:00:00,0.780048119430358
2017-11-03 00:00:00,0.756089308521654
2017-11-05 00:00:00,1.11890618201955
2017-11-07 00:00:00,0.871250034281287
2017-11-09 00:00:00,0.70467193541882
2017-11-11 00:00:00,0.626641068186763
2017-11-13 00:00:00,0.782754878716042
2017-11-15 00:00:00,0.78632456738956
2017-11-17 00:00:00,0.693143805678687
2017-11-19 00:00:00,1.12505969072416
2017-11-21 00:00:00,0.785241911844357
2017-11-23 00:00:00,0.743380638918643
2017-11-25 00:00:00,0.787773742607392
2017-11-27 00:00:00,0.672035489670061
2017-11-29 00:00:00,0.611236830075452
2017-12-01 00:00:00,1.0329502159129
2017-12-03 00:00:00,1.34033508193467
2017-12-05 00:00:00,1.0991503196365
2017-12-07 00:00:00,0.649795955571865
2017-12-09 00:00:00,1.06925422374534
2017-12-11 00:00:00,1.0358323638086
2017-12-13 00:00:00,1.06146726073465
2017-12-15 00:00:00,1.14576226246163
2017-12-17 00:00:00,1.08856832400862
2017-12-19 00:00:00,1.13207365265522
2017-12-21 00:00:00,1.22584841227641
2017-12-23 00:00:00,1.74897712138463
2017-12-25 00:00:00,1.34064478155719
2017-12-27 00:00:00,0.918851221498477
2017-12-29 00:00:00,1.13938696045727
2017-12-31 00:00:00,1.11111169885808
2018-01-02 00:00:00,1.19630043409689
2018-01-04 00:00:00,1.07891163370499
2018-01-06 00:00:00,1.22902643033777
2018-01-08 00:00:00,1.04746477410703
2018-01-10 00:00:00,1.07671333228482
2018-01-12 00:00:00,1.21109376865553
2018-01-14 00:00:00,1.25689648908977
2018-01-16 00:00:00,0.955610716500208
2018-01-18 00:00:00,1.18119752496197
2018-01-20 00:00:00,1.28950400281245
2018-01-22 00:00:00,1.20996722086969
2018-01-24 00:00:00,1.33317651550962
2018-01-26 00:00:00,0.844385093603178
2018-01-28 00:00:00,1.30319073149606
2018-01-30 00:00:00,1.32560014177113
2018-02-01 00:00:00,0.824870658378611
2018-02-03 00:00:00,1.3028082559206
2018-02-05 00:00:00,0.982443130827453
2018-02-07 00:00:00,0.90908195810481
2018-02-09 00:00:00,0.900435013571368
2018-02-11 00:00:00,2.23763195169149
2018-02-13 00:00:00,1.44339482946616
2018-02-15 00:00:00,1.33160565265736
2018-02-17 00:00:00,2.359721996006
2018-02-19 00:00:00,1.8683187482082
2018-02-21 00:00:00,1.47308654461024
2018-02-23 00:00:00,1.1087635839063
2018-02-25 00:00:00,2.87400819536149
2018-02-27 00:00:00,1.46976898003031
2018-03-01 00:00:00,1.14518579242442
2018-03-03 00:00:00,2.50974404189182
2018-03-05 00:00:00,1.39697400068024
2018-03-07 00:00:00,1.29617947541762
2018-03-09 00:00:00,0.913078541790389
2018-03-11 00:00:00,1.83912153408381
2018-03-13 00:00:00,1.31933730785576
2018-03-15 00:00:00,1.24324903328083
2018-03-17 00:00:00,2.14983725182685
2018-03-19 00:00:00,1.4794318259634
2018-03-21 00:00:00,1.67862809507915
2018-03-23 00:00:00,1.5301011786152
2018-03-25 00:00:00,1.64037421588742
2018-03-27 00:00:00,1.618994055966
2018-03-29 00:00:00,1.32844932870764
2018-03-31 00:00:00,2.05629264285286
2018-04-02 00:00:00,1.81393972901259
2018-04-04 00:00:00,1.68958792047199
2018-04-06 00:00:00,1.64669870920535
2018-04-08 00:00:00,2.55003948214595
2018-04-10 00:00:00,1.74919591995498
2018-04-12 00:00:00,1.0671358778169
2018-04-14 00:00:00,2.68640180788028
2018-04-16 00:00:00,1.65397437412306
2018-04-18 00:00:00,1.97225693756171
2018-04-20 00:00:00,1.32681296127183
2018-04-22 00:00:00,2.70102767164287
2018-04-24 00:00:00,1.10089591884106
2018-04-26 00:00:00,1.19617224967569
2018-04-28 00:00:00,0.940971422513788
2018-04-30 00:00:00,1.76613796547991
2018-05-02 00:00:00,1.220483698272
2018-05-04 00:00:00,1.21518554790503
2018-05-06 00:00:00,1.69993471830744
2018-05-08 00:00:00,1.25674952409936
2018-05-10 00:00:00,1.39443759962198
2018-05-12 00:00:00,1.97184439223799
2018-05-14 00:00:00,0.785061978760781
2018-05-16 00:00:00,1.43264287946148
2018-05-18 00:00:00,0.898441086250237
2018-05-20 00:00:00,3.01451690929292
2018-05-22 00:00:00,1.7495544774391
2018-05-24 00:00:00,1.39059408561903
2018-05-26 00:00:00,3.57809927032588
2018-05-28 00:00:00,1.41220194023024
2018-05-30 00:00:00,1.81056793586393
2018-06-01 00:00:00,1.81752197183495
2018-06-03 00:00:00,3.30553561205403
2018-06-05 00:00:00,2.19057856721576
2018-06-07 00:00:00,1.73352185363009
2018-06-09 00:00:00,2.72609286401031
2018-06-11 00:00:00,1.27518954090407
2018-06-13 00:00:00,1.14393850279201
2018-06-15 00:00:00,1.60389608405608
2018-06-17 00:00:00,3.06050793511108
2018-06-19 00:00:00,1.89209664399069
2018-06-21 00:00:00,2.05680945511238
2018-06-23 00:00:00,2.95726518354325
2018-06-25 00:00:00,1.83223540788544
2018-06-27 00:00:00,1.19263357612672
2018-06-29 00:00:00,1.7498480134057
2018-07-01 00:00:00,1.20078359144108
2018-07-03 00:00:00,1.12629284592264
2018-07-05 00:00:00,1.73546538972482
2018-07-07 00:00:00,3.57748299023193
2018-07-09 00:00:00,1.80050710963677
2018-07-11 00:00:00,1.56109520204259
2018-07-13 00:00:00,1.71672787461285
2018-07-15 00:00:00,3.02040421997095
2018-07-17 00:00:00,1.69218816095513
2018-07-19 00:00:00,1.61100350097976
2018-07-21 00:00:00,2.43460220152132
2018-07-23 00:00:00,1.74417057491868
2018-07-25 00:00:00,1.83503180923608
2018-07-27 00:00:00,1.96002660232201
2018-07-29 00:00:00,2.44768032638097
2018-07-31 00:00:00,1.60926182537112
2018-08-02 00:00:00,1.43692737083901
2018-08-04 00:00:00,3.36026415506308
2018-08-06 00:00:00,1.57902204601336
2018-08-08 00:00:00,1.64505247207909
2018-08-10 00:00:00,1.88942806672595
2018-08-12 00:00:00,3.68265389337905
2018-08-14 00:00:00,0.988311789157014
2018-08-16 00:00:00,1.84272128355844
2018-08-18 00:00:00,3.50808519164068
2018-08-20 00:00:00,1.94785127766689
2018-08-22 00:00:00,1.34460650468817
2018-08-24 00:00:00,1.85283834583188
2018-08-26 00:00:00,3.83062831203969
2018-08-28 00:00:00,1.39813411146094
2018-08-30 00:00:00,1.69373397991516
2018-09-01 00:00:00,2.55271387686468
2018-09-03 00:00:00,1.82419266220505
2018-09-05 00:00:00,1.26817328033794
2018-09-07 00:00:00,1.68766888222947
2018-09-09 00:00:00,2.79351639219087
2018-09-11 00:00:00,1.51686864553586
2018-09-13 00:00:00,0.963608234083965
2018-09-15 00:00:00,3.07039091142681
2018-09-17 00:00:00,1.90020516251764
2018-09-19 00:00:00,1.89353446312062
2018-09-21 00:00:00,1.23518454521719
2018-09-23 00:00:00,3.7702862162742
2018-09-25 00:00:00,1.64429101789553
2018-09-27 00:00:00,1.43976573819457
2018-09-29 00:00:00,2.70915296648714
2018-10-01 00:00:00,1.93571685014822
2018-10-03 00:00:00,1.62344289180942
2018-10-05 00:00:00,1.71919675578874
2018-10-07 00:00:00,4.79791669514489
2018-10-09 00:00:00,1.53818819948753
2018-10-11 00:00:00,1.44252665561007
2018-10-13 00:00:00,3.03279982340143
2018-10-15 00:00:00,0.939312948648814
2018-10-17 00:00:00,1.56593410437506
2018-10-19 00:00:00,1.38975928368888
2018-10-21 00:00:00,3.83569002968215
2018-10-23 00:00:00,1.70970618132662
2018-10-25 00:00:00,1.36169399681079
2018-10-27 00:00:00,2.93174795279281
2018-10-29 00:00:00,1.30765071509081
2018-10-31 00:00:00,1.60578445279398
2018-11-02 00:00:00,1.35427257611257
2018-11-04 00:00:00,1.8934382903671
2018-11-06 00:00:00,1.38446310958709
2018-11-08 00:00:00,1.28052299193081
2018-11-10 00:00:00,2.82008749171342
2018-11-12 00:00:00,1.51559600285819
2018-11-14 00:00:00,0.88787792863689
2018-11-16 00:00:00,0.823165581278261
2018-11-18 00:00:00,2.43078258191266
2018-11-20 00:00:00,0.536891328543338
2018-11-22 00:00:00,1.05668275831114
2018-11-24 00:00:00,1.94747976019683
2018-11-26 00:00:00,0.743057780791045
2018-11-28 00:00:00,0.753828649677934
2018-11-30 00:00:00,0.334772805646195
2018-12-02 00:00:00,1.71400774861273
2018-12-04 00:00:00,0.285423079230248
2018-12-06 00:00:00,0.444708368954152
2018-12-08 00:00:00,1.47654569384824
2018-12-10 00:00:00,1.05114166182324
2018-12-12 00:00:00,0.940580470361923
2018-12-14 00:00:00,1.14294611170062
2018-12-16 00:00:00,1.48114957272715
2018-12-18 00:00:00,0.793793788492258
2018-12-20 00:00:00,0.815941297530738
2018-12-22 00:00:00,2.82817791759637
2018-12-24 00:00:00,1.20243839807611
2018-12-26 00:00:00,1.7709254144297
2018-12-28 00:00:00,1.26106563926129
2018-12-30 00:00:00,3.2099459999106
2019-01-01 00:00:00,3.18033075696705
2019-01-03 00:00:00,1.30974366354496
2019-01-05 00:00:00,2.47120062873635
2019-01-07 00:00:00,1.16992392591663
2019-01-09 00:00:00,1.35125790099297
2019-01-11 00:00:00,0.630042768742975
2019-01-13 00:00:00,2.66600458650154
2019-01-15 00:00:00,0.486604986869542
2019-01-17 00:00:00,1.16012194290182
2019-01-19 00:00:00,2.04935453663324
2019-01-21 00:00:00,1.40910107982086
2019-01-23 00:00:00,1.24016014019736
2019-01-25 00:00:00,1.38211385292978
2019-01-27 00:00:00,2.86043519912607
2019-01-29 00:00:00,1.26598561567048
2019-01-31 00:00:00,1.17147792525223
2019-02-02 00:00:00,2.00310540036018
2019-02-04 00:00:00,1.81509825667423
2019-02-06 00:00:00,1.40830520320765
2019-02-08 00:00:00,1.30013824564251
2019-02-10 00:00:00,2.35631444388425
2019-02-12 00:00:00,1.22014960360722
2019-02-14 00:00:00,1.41026305879784
2019-02-16 00:00:00,1.89541605238372
2019-02-18 00:00:00,1.09640474464415
2019-02-20 00:00:00,0.946842552129028
2019-02-22 00:00:00,1.36231468321489
2019-02-24 00:00:00,1.63142236797367
2019-02-26 00:00:00,1.32996874204855
2019-02-28 00:00:00,0.785255810647727
2019-03-02 00:00:00,1.48881159297104
2019-03-04 00:00:00,1.27232387509112
2019-03-06 00:00:00,1.05804620580201
2019-03-08 00:00:00,1.15698866570899
2019-03-10 00:00:00,2.31136949141422
2019-03-12 00:00:00,1.11742030609223
2019-03-14 00:00:00,1.06155261015803
2019-03-16 00:00:00,2.35454121363282
2019-03-18 00:00:00,1.38307859148066
2019-03-20 00:00:00,1.34658135914489
2019-03-22 00:00:00,1.53585496584969
2019-03-24 00:00:00,2.59796889193549
2019-03-26 00:00:00,1.12250109652929
2019-03-28 00:00:00,1.21732648604361
2019-03-30 00:00:00,2.09018004205836
2019-04-01 00:00:00,1.13355547075203
2019-04-03 00:00:00,0.827606229509857
2019-04-05 00:00:00,1.17150693290902
2019-04-07 00:00:00,2.14465309257913
2019-04-09 00:00:00,1.05062399588499
2019-04-11 00:00:00,1.01647469199393
2019-04-13 00:00:00,2.10516619655562
2019-04-15 00:00:00,1.22025700275204
2019-04-17 00:00:00,1.07973991343242
2019-04-19 00:00:00,1.52344593225127
2019-04-21 00:00:00,3.11835620766643
2019-04-23 00:00:00,1.0341604864707
2019-04-25 00:00:00,1.237365200835
2019-04-27 00:00:00,2.05914364739082
2019-04-29 00:00:00,1.26899566427512
2019-05-01 00:00:00,1.35914548808177
2019-05-03 00:00:00,1.29624917652674
2019-05-05 00:00:00,2.14870287131867
2019-05-07 00:00:00,0.963011837959988
2019-05-09 00:00:00,0.97059989920477
2019-05-11 00:00:00,1.33344034945188
2019-05-13 00:00:00,0.97204563796857
2019-05-15 00:00:00,1.06477960373299
2019-05-17 00:00:00,1.18614716534123
2019-05-19 00:00:00,2.20602258451625
2019-05-21 00:00:00,1.66331068287359
2019-05-23 00:00:00,1.39509866437324
2019-05-25 00:00:00,2.73858112790145
2019-05-27 00:00:00,1.58799775871353
2019-05-29 00:00:00,0.760703418531709
2019-05-31 00:00:00,0.651045257791439
2019-06-02 00:00:00,2.33827962314783
2019-06-04 00:00:00,0.770200742445004
2019-06-06 00:00:00,0.817254156942834
2019-06-08 00:00:00,2.39652550174117
2019-06-10 00:00:00,1.59297284924472
2019-06-12 00:00:00,1.20574541528335
2019-06-14 00:00:00,1.48593922404396
2019-06-16 00:00:00,1.49262599193489
2019-06-18 00:00:00,0.905435686722163
2019-06-20 00:00:00,1.50363178374603
2019-06-22 00:00:00,0.910086993087473
2019-06-24 00:00:00,1.46057562092504
2019-06-26 00:00:00,0.976182735695994
2019-06-28 00:00:00,0.977636723191165
2019-06-30 00:00:00,1.40308182534934
2019-07-02 00:00:00,1.19310971309217
2019-07-04 00:00:00,1.324569180199
2019-07-06 00:00:00,4.11508462533495
2019-07-08 00:00:00,1.33237372160806
2019-07-10 00:00:00,0.6809067232283
2019-07-12 00:00:00,1.57445183533528
2019-07-14 00:00:00,2.29269963896861
2019-07-16 00:00:00,1.42452296359656
2019-07-18 00:00:00,1.16830331194593
2019-07-20 00:00:00,2.9210257461087
2019-07-22 00:00:00,2.09575462193953
2019-07-24 00:00:00,1.29994395094069
2019-07-26 00:00:00,2.08717987331926
2019-07-28 00:00:00,5.53603579033982
2019-07-30 00:00:00,1.38641982628172
2019-08-01 00:00:00,1.74953180032133
2019-08-03 00:00:00,4.48009884809757
2019-08-05 00:00:00,1.24824847029781
2019-08-07 00:00:00,1.536770547494
2019-08-09 00:00:00,1.60285367527702
2019-08-11 00:00:00,3.87956253215421
2019-08-13 00:00:00,1.40050957869388
2019-08-15 00:00:00,1.29621125169843
2019-08-17 00:00:00,1.10201154981365
2019-08-19 00:00:00,2.20009619492582
2019-08-21 00:00:00,1.67430842581877
2019-08-23 00:00:00,0.952759164390955
2019-08-25 00:00:00,3.47246226586943
2019-08-27 00:00:00,1.37287301789828
2019-08-29 00:00:00,1.20642540226994
2019-08-31 00:00:00,3.79720494520806
2019-09-02 00:00:00,1.64559804607432
2019-09-04 00:00:00,1.35458762901641
2019-09-06 00:00:00,0.770465305641443
2019-09-08 00:00:00,3.21942447599863
2019-09-10 00:00:00,1.20476725195223
2019-09-12 00:00:00,1.1303404198588
2019-09-14 00:00:00,3.72853921770933
2019-09-16 00:00:00,1.40872639985804
2019-09-18 00:00:00,1.18615943762716
2019-09-20 00:00:00,1.11505332334576
2019-09-22 00:00:00,3.83252017245118
2019-09-24 00:00:00,0.612252947842072
2019-09-26 00:00:00,1.38142412225017
2019-09-28 00:00:00,2.82656350915675
2019-09-30 00:00:00,1.30091157985031
2019-10-02 00:00:00,2.12122182135503
2019-10-04 00:00:00,2.07057586601161
2019-10-06 00:00:00,3.511804079782
2019-10-08 00:00:00,1.79383898610636
2019-10-10 00:00:00,1.67923843589114
2019-10-12 00:00:00,3.23041471642301
2019-10-14 00:00:00,0.853984140239242
2019-10-16 00:00:00,1.54879223607164
2019-10-18 00:00:00,1.56089897579785
2019-10-20 00:00:00,4.46713229775893
2019-10-22 00:00:00,1.75544104547918
2019-10-24 00:00:00,1.27948164054958
2019-10-26 00:00:00,1.33472646506643
2019-10-28 00:00:00,0.863611679243422
2019-10-30 00:00:00,1.70705158922152
2019-11-01 00:00:00,0.746153449380039
2019-11-03 00:00:00,2.07122634120633
2019-11-05 00:00:00,0.630200423602675
2019-11-07 00:00:00,1.13248227956577
2019-11-09 00:00:00,1.53939384943596
2019-11-11 00:00:00,2.34833636950025
2019-11-13 00:00:00,1.01392904116906
2019-11-15 00:00:00,1.44698537911673
2019-11-17 00:00:00,4.83710317242172
2019-11-19 00:00:00,1.68930743848714
2019-11-21 00:00:00,1.1763167844968
2019-11-23 00:00:00,1.40540452481184
2019-11-25 00:00:00,0.853428231784103
2019-11-27 00:00:00,0.848995707085243
2019-11-29 00:00:00,1.31192028161562
2019-12-01 00:00:00,3.15123113496029
2019-12-03 00:00:00,1.32928650123404
2019-12-05 00:00:00,1.62104084979118
2019-12-07 00:00:00,1.81406518955245
2019-12-09 00:00:00,1.4190242442705
2019-12-11 00:00:00,1.25614982030957
2019-12-13 00:00:00,1.5438346708974
2019-12-15 00:00:00,3.35666263566137
2019-12-17 00:00:00,0.713163943164135
2019-12-19 00:00:00,1.23073919352993
2019-12-21 00:00:00,3.27356868683846
2019-12-23 00:00:00,1.20170941691038
2019-12-25 00:00:00,1.34736779229091
2019-12-27 00:00:00,1.59536131373448
2019-12-29 00:00:00,3.75529837025989
2019-12-31 00:00:00,1.53939337421636
2020-01-02 00:00:00,1.81719504863656
2020-01-04 00:00:00,2.51197771592301
2020-01-06 00:00:00,1.3566089985406
2020-01-08 00:00:00,1.25574665750157
2020-01-10 00:00:00,1.2135893457625
2020-01-12 00:00:00,3.4581367819517
2020-01-14 00:00:00,0.542858293962469
2020-01-16 00:00:00,1.31836205434412
2020-01-18 00:00:00,2.14384000995483
2020-01-20 00:00:00,1.2668458236504
2020-01-22 00:00:00,1.38152887675808
2020-01-24 00:00:00,1.67550308046612
2020-01-26 00:00:00,4.09562813936442
2020-01-28 00:00:00,1.54327586863365
2020-01-30 00:00:00,1.11069041521399
2020-02-01 00:00:00,1.79559032073247
2020-02-03 00:00:00,0.498064922176011
2020-02-05 00:00:00,1.61760274914058
2020-02-07 00:00:00,0.958882729377539
2020-02-09 00:00:00,2.65219462432568
2020-02-11 00:00:00,0.825926280413264
2020-02-13 00:00:00,0.970312298907905
2020-02-15 00:00:00,1.64879835548441
2020-02-17 00:00:00,0.879865029189245
2020-02-19 00:00:00,0.978925043075453
2020-02-21 00:00:00,1.66592285292519
2020-02-23 00:00:00,2.39855574209391
2020-02-25 00:00:00,1.63660236231142
2020-02-27 00:00:00,0.809597226062245
2020-02-29 00:00:00,2.48450875826687
2020-03-02 00:00:00,1.36120767805273
2020-03-04 00:00:00,1.40925199726037
2020-03-06 00:00:00,1.13971864963739
2020-03-08 00:00:00,2.31660799348495
2020-03-10 00:00:00,0.810427515623222
2020-03-12 00:00:00,0.376633321970046
2020-03-14 00:00:00,0.768603489398105
2020-03-16 00:00:00,0.431327192687247
2020-03-18 00:00:00,0.638481691349575
2020-03-20 00:00:00,0.453721029478242
2020-03-22 00:00:00,1.4125470125015
2020-03-24 00:00:00,0.595389833065756
2020-03-26 00:00:00,1.39296278468431
2020-03-28 00:00:00,1.81231343895292
2020-03-30 00:00:00,1.09469184369602
2020-04-01 00:00:00,1.4376356895608
2020-04-03 00:00:00,1.14821211341769
2020-04-05 00:00:00,3.34710261295158
2020-04-07 00:00:00,1.02548835411281
2020-04-09 00:00:00,0.616098051971365
2020-04-11 00:00:00,2.97444188641327
2020-04-13 00:00:00,1.30541706289572
2020-04-15 00:00:00,1.44266156615795
2020-04-17 00:00:00,1.07920019666197
2020-04-19 00:00:00,2.99704501552782
2020-04-21 00:00:00,1.22197417562197
2020-04-23 00:00:00,1.02589260297636
2020-04-25 00:00:00,2.21452832598367
2020-04-27 00:00:00,1.12436281672108
2020-04-29 00:00:00,0.49413190718953
2020-05-01 00:00:00,0.888950424753959
2020-05-03 00:00:00,2.45883201868246
2020-05-05 00:00:00,1.57774546938033
2020-05-07 00:00:00,0.941145824528816
2020-05-09 00:00:00,0.918719841978523
2020-05-11 00:00:00,1.01112587431447
2020-05-13 00:00:00,0.424970692816045
2020-05-15 00:00:00,0.571187620043989
2020-05-17 00:00:00,1.28328165989239
2020-05-19 00:00:00,0.670201149928988
2020-05-21 00:00:00,0.517094174676432
2020-05-23 00:00:00,1.18857171606641
2020-05-25 00:00:00,0.322271671612904
2020-05-27 00:00:00,0.558719950268239
2020-05-29 00:00:00,0.515957627286181
2020-05-31 00:00:00,0.611357257933041
2020-06-02 00:00:00,0.332475589573621
2020-06-04 00:00:00,0.556431139732592
2020-06-06 00:00:00,2.15779484480539
2020-06-08 00:00:00,0.702782220546985
2020-06-10 00:00:00,0.87770312875908
2020-06-12 00:00:00,0.829144902179438
2020-06-14 00:00:00,2.26145199073362
2020-06-16 00:00:00,0.580311454133426
2020-06-18 00:00:00,0.647619046461877
2020-06-20 00:00:00,1.41916928328575
2020-06-22 00:00:00,0.651551388689009
2020-06-24 00:00:00,0.515086955222464
2020-06-26 00:00:00,0.501998388117802
2020-06-28 00:00:00,1.43914016898149
2020-06-30 00:00:00,0.91295474757286
2020-07-02 00:00:00,0.745308502678539
2020-07-04 00:00:00,1.53816483488127
2020-07-06 00:00:00,0.677419748267974
2020-07-08 00:00:00,0.58572516008867
2020-07-10 00:00:00,0.79214036056721
2020-07-12 00:00:00,1.87219839216519
2020-07-14 00:00:00,0.722884167598811
2020-07-16 00:00:00,0.669008509208198
2020-07-18 00:00:00,1.18106198711802
2020-07-20 00:00:00,0.833644781046791
2020-07-22 00:00:00,0.607675713000177
2020-07-24 00:00:00,0.683584157525447
2020-07-26 00:00:00,1.04898798468665
2020-07-28 00:00:00,0.440508905207782
2020-07-30 00:00:00,0.596858155938798
2020-08-01 00:00:00,0.891978008719587
2020-08-03 00:00:00,0.489340953647228
2020-08-05 00:00:00,0.781803763443514
2020-08-07 00:00:00,0.679736102224643
2020-08-09 00:00:00,1.4767216259845
2020-08-11 00:00:00,0.707212673780571
2020-08-13 00:00:00,0.696704195947177
2020-08-15 00:00:00,1.14985722501196
2020-08-17 00:00:00,0.507728639575813
2020-08-19 00:00:00,0.6108975379559816
2020-08-21 00:00:00,0.8564075860562198
2020-08-23 00:00:00,1.7636118401887995
2020-08-25 00:00:00,0.6625426149399676
2020-08-27 00:00:00,0.6754239079634349
2020-08-29 00:00:00,1.2026148411491482
2020-08-31 00:00:00,0.5185620879731048
2020-09-02 00:00:00,0.5725377608955039
2020-09-04 00:00:00,0.41877992215564563
2020-09-06 00:00:00,1.105234834986809
2020-09-08 00:00:00,0.625689469016016
2020-09-10 00:00:00,0.7510361571723785
2020-09-12 00:00:00,1.3736670840782848
2020-09-14 00:00:00,0.7606771565313001
2020-09-16 00:00:00,0.6077099612409803
2020-09-18 00:00:00,0.6207988572358983
2020-09-20 00:00:00,1.1871468026571295
2020-09-22 00:00:00,0.5681346528146222
2020-09-24 00:00:00,0.4870885007237496
2020-09-26 00:00:00,1.3545551700014873