Timestamp,difficulty
2009-01-03 00:00:00,1
2009-01-06 00:00:00,0
2009-01-09 00:00:00,1
2009-01-12 00:00:00,1
2009-01-15 00:00:00,1
2009-01-18 00:00:00,1
2009-01-21 00:00:00,1
2009-01-24 00:00:00,1
2009-01-27 00:00:00,1
2009-01-30 00:00:00,1
2009-02-02 00:00:00,1
2009-02-05 00:00:00,1
2009-02-08 00:00:00,1
2009-02-11 00:00:00,1
2009-02-14 00:00:00,1
2009-02-17 00:00:00,1
2009-02-20 00:00:00,1
2009-02-23 00:00:00,1
2009-02-26 00:00:00,1
2009-03-01 00:00:00,1
2009-03-04 00:00:00,1
2009-03-07 00:00:00,1
2009-03-10 00:00:00,1
2009-03-13 00:00:00,1
2009-03-16 00:00:00,1
2009-03-19 00:00:00,1
2009-03-22 00:00:00,1
2009-03-25 00:00:00,1
2009-03-28 00:00:00,1
2009-03-31 00:00:00,1
2009-04-03 00:00:00,1
2009-04-06 00:00:00,1
2009-04-09 00:00:00,1
2009-04-12 00:00:00,1
2009-04-15 00:00:00,1
2009-04-18 00:00:00,1
2009-04-21 00:00:00,1
2009-04-24 00:00:00,1
2009-04-27 00:00:00,1
2009-04-30 00:00:00,1
2009-05-03 00:00:00,1
2009-05-06 00:00:00,1
2009-05-09 00:00:00,1
2009-05-12 00:00:00,1
2009-05-15 00:00:00,1
2009-05-18 00:00:00,1
2009-05-21 00:00:00,1
2009-05-24 00:00:00,1
2009-05-27 00:00:00,1
2009-05-30 00:00:00,1
2009-06-02 00:00:00,1
2009-06-05 00:00:00,1
2009-06-08 00:00:00,1
2009-06-11 00:00:00,1
2009-06-14 00:00:00,1
2009-06-17 00:00:00,1
2009-06-20 00:00:00,1
2009-06-23 00:00:00,1
2009-06-26 00:00:00,1
2009-06-29 00:00:00,1
2009-07-02 00:00:00,1
2009-07-05 00:00:00,1
2009-07-08 00:00:00,1
2009-07-11 00:00:00,1
2009-07-14 00:00:00,1
2009-07-17 00:00:00,1
2009-07-20 00:00:00,1
2009-07-23 00:00:00,1
2009-07-26 00:00:00,1
2009-07-29 00:00:00,1
2009-08-01 00:00:00,1
2009-08-04 00:00:00,1
2009-08-07 00:00:00,1
2009-08-10 00:00:00,1
2009-08-13 00:00:00,1
2009-08-16 00:00:00,1
2009-08-19 00:00:00,1
2009-08-22 00:00:00,1
2009-08-25 00:00:00,1
2009-08-28 00:00:00,1
2009-08-31 00:00:00,1
2009-09-03 00:00:00,1
2009-09-06 00:00:00,1
2009-09-09 00:00:00,1
2009-09-12 00:00:00,1
2009-09-15 00:00:00,1
2009-09-18 00:00:00,1
2009-09-21 00:00:00,1
2009-09-24 00:00:00,1
2009-09-27 00:00:00,1
2009-09-30 00:00:00,1
2009-10-03 00:00:00,1
2009-10-06 00:00:00,1
2009-10-09 00:00:00,1
2009-10-12 00:00:00,1
2009-10-15 00:00:00,1
2009-10-18 00:00:00,1
2009-10-21 00:00:00,1
2009-10-24 00:00:00,1
2009-10-27 00:00:00,1
2009-10-30 00:00:00,1
2009-11-02 00:00:00,1
2009-11-05 00:00:00,1
2009-11-08 00:00:00,1
2009-11-11 00:00:00,1
2009-11-14 00:00:00,1
2009-11-17 00:00:00,1
2009-11-20 00:00:00,1
2009-11-23 00:00:00,1
2009-11-26 00:00:00,1
2009-11-29 00:00:00,1
2009-12-02 00:00:00,1
2009-12-05 00:00:00,1
2009-12-08 00:00:00,1
2009-12-11 00:00:00,1
2009-12-14 00:00:00,1
2009-12-17 00:00:00,1
2009-12-20 00:00:00,1
2009-12-23 00:00:00,1
2009-12-26 00:00:00,1
2009-12-29 00:00:00,1
2010-01-01 00:00:00,1.18289953431284
2010-01-04 00:00:00,1.18289953431284
2010-01-07 00:00:00,1.18289953431284
2010-01-10 00:00:00,1.18289953431284
2010-01-13 00:00:00,1.30506213159152
2010-01-16 00:00:00,1.30506213159152
2010-01-19 00:00:00,1.30506213159152
2010-01-22 00:00:00,1.30506213159152
2010-01-25 00:00:00,1.34422497077103
2010-01-28 00:00:00,1.34422497077103
2010-01-31 00:00:00,1.34422497077103
2010-02-03 00:00:00,1.34422497077103
2010-02-06 00:00:00,1.81864853614541
2010-02-09 00:00:00,1.81864853614541
2010-02-12 00:00:00,1.81864853614541
2010-02-15 00:00:00,2.52773821507236
2010-02-18 00:00:00,2.52773821507236
2010-02-21 00:00:00,2.52773821507236
2010-02-24 00:00:00,3.78117925203377
2010-02-27 00:00:00,3.78117925203377
2010-03-02 00:00:00,3.78117925203377
2010-03-05 00:00:00,3.78117925203377
2010-03-08 00:00:00,4.53108175007069
2010-03-11 00:00:00,4.53108175007069
2010-03-14 00:00:00,4.53108175007069
2010-03-17 00:00:00,4.53108175007069
2010-03-20 00:00:00,4.53108175007069
2010-03-23 00:00:00,4.56516291033707
2010-03-26 00:00:00,4.56516291033707
2010-03-29 00:00:00,4.56516291033707
2010-04-01 00:00:00,6.08547690600079
2010-04-04 00:00:00,6.08547690600079
2010-04-07 00:00:00,6.08547690600079
2010-04-10 00:00:00,6.08547690600079
2010-04-13 00:00:00,7.81979699335383
2010-04-16 00:00:00,7.81979699335383
2010-04-19 00:00:00,7.81979699335383
2010-04-22 00:00:00,11.4643158055141
2010-04-25 00:00:00,11.4643158055141
2010-04-28 00:00:00,11.4643158055141
2010-05-01 00:00:00,11.4643158055141
2010-05-04 00:00:00,12.8491831478238
2010-05-07 00:00:00,12.8491831478238
2010-05-10 00:00:00,12.8491831478238
2010-05-13 00:00:00,12.8491831478238
2010-05-16 00:00:00,12.8491831478238
2010-05-19 00:00:00,12.8491831478238
2010-05-22 00:00:00,11.8462281497047
2010-05-25 00:00:00,11.8462281497047
2010-05-28 00:00:00,11.8462281497047
2010-05-31 00:00:00,16.6190787518574
2010-06-03 00:00:00,16.6190787518574
2010-06-06 00:00:00,16.6190787518574
2010-06-09 00:00:00,16.6190787518574
2010-06-12 00:00:00,17.3814881581401
2010-06-15 00:00:00,17.3814881581401
2010-06-18 00:00:00,17.3814881581401
2010-06-21 00:00:00,17.3814881581401
2010-06-24 00:00:00,19.4047963283822
2010-06-27 00:00:00,19.4047963283822
2010-06-30 00:00:00,19.4047963283822
2010-07-03 00:00:00,19.4047963283822
2010-07-06 00:00:00,23.5012572229032
2010-07-09 00:00:00,23.5012572229032
2010-07-12 00:00:00,23.5012572229032
2010-07-15 00:00:00,45.3858223410126
2010-07-18 00:00:00,181.543289364051
2010-07-21 00:00:00,181.543289364051
2010-07-24 00:00:00,181.543289364051
2010-07-27 00:00:00,244.213223092375
2010-07-30 00:00:00,244.213223092375
2010-08-02 00:00:00,244.213223092375
2010-08-05 00:00:00,244.213223092375
2010-08-08 00:00:00,352.16120906801
2010-08-11 00:00:00,352.16120906801
2010-08-14 00:00:00,352.16120906801
2010-08-17 00:00:00,511.773534256604
2010-08-20 00:00:00,511.773534256604
2010-08-23 00:00:00,511.773534256604
2010-08-26 00:00:00,511.773534256604
2010-08-29 00:00:00,623.386959868928
2010-09-01 00:00:00,623.386959868928
2010-09-04 00:00:00,623.386959868928
2010-09-07 00:00:00,623.386959868928
2010-09-10 00:00:00,712.884864552097
2010-09-13 00:00:00,712.884864552097
2010-09-16 00:00:00,712.884864552097
2010-09-19 00:00:00,917.830741301512
2010-09-22 00:00:00,917.830741301512
2010-09-25 00:00:00,917.830741301512
2010-09-28 00:00:00,917.830741301512
2010-10-01 00:00:00,1318.67005015359
2010-10-04 00:00:00,1318.67005015359
2010-10-07 00:00:00,1318.67005015359
2010-10-10 00:00:00,1318.67005015359
2010-10-13 00:00:00,1378.02816503733
2010-10-16 00:00:00,1378.02816503733
2010-10-19 00:00:00,1378.02816503733
2010-10-22 00:00:00,2149.02181494673
2010-10-25 00:00:00,2149.02181494673
2010-10-28 00:00:00,2149.02181494673
2010-10-31 00:00:00,3091.7368904118
2010-11-03 00:00:00,3091.7368904118
2010-11-06 00:00:00,3091.7368904118
2010-11-09 00:00:00,4536.35372327504
2010-11-12 00:00:00,4536.35372327504
2010-11-15 00:00:00,4536.35372327504
2010-11-18 00:00:00,4536.35372327504
2010-11-21 00:00:00,6866.89864897274
2010-11-24 00:00:00,6866.89864897274
2010-11-27 00:00:00,6866.89864897274
2010-11-30 00:00:00,8078.19525792509
2010-12-03 00:00:00,8078.19525792509
2010-12-06 00:00:00,8078.19525792509
2010-12-09 00:00:00,8078.19525792509
2010-12-12 00:00:00,12251.9997603745
2010-12-15 00:00:00,12251.9997603745
2010-12-18 00:00:00,12251.9997603745
2010-12-21 00:00:00,12251.9997603745
2010-12-24 00:00:00,14484.1623612254
2010-12-27 00:00:00,14484.1623612254
2010-12-30 00:00:00,14484.1623612254
2011-01-02 00:00:00,14484.1623612254
2011-01-05 00:00:00,16307.420938524
2011-01-08 00:00:00,16307.420938524
2011-01-11 00:00:00,16307.420938524
2011-01-14 00:00:00,16307.420938524
2011-01-17 00:00:00,18437.6443921663
2011-01-20 00:00:00,18437.6443921663
2011-01-23 00:00:00,18437.6443921663
2011-01-26 00:00:00,18437.6443921663
2011-01-29 00:00:00,22012.3813379939
2011-02-01 00:00:00,22012.3813379939
2011-02-04 00:00:00,22012.3813379939
2011-02-07 00:00:00,22012.3813379939
2011-02-10 00:00:00,25997.8799288144
2011-02-13 00:00:00,25997.8799288144
2011-02-16 00:00:00,25997.8799288144
2011-02-19 00:00:00,36459.8869250751
2011-02-22 00:00:00,36459.8869250751
2011-02-25 00:00:00,36459.8869250751
2011-02-28 00:00:00,55589.5181268687
2011-03-03 00:00:00,55589.5181268687
2011-03-06 00:00:00,55589.5181268687
2011-03-09 00:00:00,76192.6193475137
2011-03-12 00:00:00,76192.6193475137
2011-03-15 00:00:00,76192.6193475137
2011-03-18 00:00:00,76192.6193475137
2011-03-21 00:00:00,76192.6193475137
2011-03-24 00:00:00,76192.6193475137
2011-03-27 00:00:00,68977.7846302096
2011-03-30 00:00:00,68977.7846302096
2011-04-02 00:00:00,68977.7846302096
2011-04-05 00:00:00,68977.7846302096
2011-04-08 00:00:00,82345.6441129666
2011-04-11 00:00:00,82345.6441129666
2011-04-14 00:00:00,82345.6441129666
2011-04-17 00:00:00,82345.6441129666
2011-04-20 00:00:00,92347.5909520943
2011-04-23 00:00:00,92347.5909520943
2011-04-26 00:00:00,92347.5909520943
2011-04-29 00:00:00,92347.5909520943
2011-05-02 00:00:00,109670.133292477
2011-05-05 00:00:00,109670.133292477
2011-05-08 00:00:00,109670.133292477
2011-05-11 00:00:00,157416.401843649
2011-05-14 00:00:00,157416.401843649
2011-05-17 00:00:00,157416.401843649
2011-05-20 00:00:00,244112.487774336
2011-05-23 00:00:00,244112.487774336
2011-05-26 00:00:00,244112.487774336
2011-05-29 00:00:00,434877.045527628
2011-06-01 00:00:00,434877.045527628
2011-06-04 00:00:00,434877.045527628
2011-06-07 00:00:00,567269.530162422
2011-06-10 00:00:00,567269.530162422
2011-06-13 00:00:00,567269.530162422
2011-06-16 00:00:00,876954.493513537
2011-06-19 00:00:00,876954.493513537
2011-06-22 00:00:00,876954.493513537
2011-06-25 00:00:00,1379192.28822808
2011-06-28 00:00:00,1379192.28822808
2011-07-01 00:00:00,1379192.28822808
2011-07-04 00:00:00,1379192.28822808
2011-07-07 00:00:00,1563027.99611622
2011-07-10 00:00:00,1563027.99611622
2011-07-13 00:00:00,1563027.99611622
2011-07-16 00:00:00,1563027.99611622
2011-07-19 00:00:00,1563027.99611622
2011-07-22 00:00:00,1690895.80305239
2011-07-25 00:00:00,1690895.80305239
2011-07-28 00:00:00,1690895.80305239
2011-07-31 00:00:00,1690895.80305239
2011-08-03 00:00:00,1888786.70535305
2011-08-06 00:00:00,1888786.70535305
2011-08-09 00:00:00,1888786.70535305
2011-08-12 00:00:00,1888786.70535305
2011-08-15 00:00:00,1888786.70535305
2011-08-18 00:00:00,1805700.83619367
2011-08-21 00:00:00,1805700.83619367
2011-08-24 00:00:00,1805700.83619367
2011-08-27 00:00:00,1805700.83619367
2011-08-30 00:00:00,1805700.83619367
2011-09-02 00:00:00,1777774.48200146
2011-09-05 00:00:00,1777774.48200146
2011-09-08 00:00:00,1777774.48200146
2011-09-11 00:00:00,1777774.48200146
2011-09-14 00:00:00,1755425.3203287
2011-09-17 00:00:00,1755425.3203287
2011-09-20 00:00:00,1755425.3203287
2011-09-23 00:00:00,1755425.3203287
2011-09-26 00:00:00,1755425.3203287
2011-09-29 00:00:00,1689334.4045971
2011-10-02 00:00:00,1689334.4045971
2011-10-05 00:00:00,1689334.4045971
2011-10-08 00:00:00,1689334.4045971
2011-10-11 00:00:00,1689334.4045971
2011-10-14 00:00:00,1689334.4045971
2011-10-17 00:00:00,1468195.42722083
2011-10-20 00:00:00,1468195.42722083
2011-10-23 00:00:00,1468195.42722083
2011-10-26 00:00:00,1468195.42722083
2011-10-29 00:00:00,1468195.42722083
2011-11-01 00:00:00,1203461.92637997
2011-11-04 00:00:00,1203461.92637997
2011-11-07 00:00:00,1203461.92637997
2011-11-10 00:00:00,1203461.92637997
2011-11-13 00:00:00,1203461.92637997
2011-11-16 00:00:00,1192497.75008948
2011-11-19 00:00:00,1192497.75008948
2011-11-22 00:00:00,1192497.75008948
2011-11-25 00:00:00,1192497.75008948
2011-11-28 00:00:00,1192497.75008948
2011-12-01 00:00:00,1090715.68005127
2011-12-04 00:00:00,1090715.68005127
2011-12-07 00:00:00,1090715.68005127
2011-12-10 00:00:00,1090715.68005127
2011-12-13 00:00:00,1155038.33396364
2011-12-16 00:00:00,1155038.33396364
2011-12-19 00:00:00,1155038.33396364
2011-12-22 00:00:00,1155038.33396364
2011-12-25 00:00:00,1155038.33396364
2011-12-28 00:00:00,1159929.49722438
2011-12-31 00:00:00,1159929.49722438
2012-01-03 00:00:00,1159929.49722438
2012-01-06 00:00:00,1159929.49722438
2012-01-09 00:00:00,1250757.73927466
2012-01-12 00:00:00,1250757.73927466
2012-01-15 00:00:00,1250757.73927466
2012-01-18 00:00:00,1250757.73927466
2012-01-21 00:00:00,1250757.73927466
2012-01-24 00:00:00,1307728.36060407
2012-01-27 00:00:00,1307728.36060407
2012-01-30 00:00:00,1307728.36060407
2012-02-02 00:00:00,1307728.36060407
2012-02-05 00:00:00,1379647.43921429
2012-02-08 00:00:00,1379647.43921429
2012-02-11 00:00:00,1379647.43921429
2012-02-14 00:00:00,1379647.43921429
2012-02-17 00:00:00,1379647.43921429
2012-02-20 00:00:00,1376302.26788638
2012-02-23 00:00:00,1376302.26788638
2012-02-26 00:00:00,1376302.26788638
2012-02-29 00:00:00,1376302.26788638
2012-03-03 00:00:00,1496978.59502557
2012-03-06 00:00:00,1496978.59502557
2012-03-09 00:00:00,1496978.59502557
2012-03-12 00:00:00,1496978.59502557
2012-03-15 00:00:00,1496978.59502557
2012-03-18 00:00:00,1498294.36281651
2012-03-21 00:00:00,1498294.36281651
2012-03-24 00:00:00,1498294.36281651
2012-03-27 00:00:00,1498294.36281651
2012-03-30 00:00:00,1626553.48132894
2012-04-02 00:00:00,1626553.48132894
2012-04-05 00:00:00,1626553.48132894
2012-04-08 00:00:00,1626553.48132894
2012-04-11 00:00:00,1626553.48132894
2012-04-14 00:00:00,1577913.48567673
2012-04-17 00:00:00,1577913.48567673
2012-04-20 00:00:00,1577913.48567673
2012-04-23 00:00:00,1577913.48567673
2012-04-26 00:00:00,1577913.48567673
2012-04-29 00:00:00,1508589.67206029
2012-05-02 00:00:00,1508589.67206029
2012-05-05 00:00:00,1508589.67206029
2012-05-08 00:00:00,1508589.67206029
2012-05-11 00:00:00,1733207.51384839
2012-05-14 00:00:00,1733207.51384839
2012-05-17 00:00:00,1733207.51384839
2012-05-20 00:00:00,1733207.51384839
2012-05-23 00:00:00,1733207.51384839
2012-05-26 00:00:00,1591074.96184731
2012-05-29 00:00:00,1591074.96184731
2012-06-01 00:00:00,1591074.96184731
2012-06-04 00:00:00,1591074.96184731
2012-06-07 00:00:00,1591074.96184731
2012-06-10 00:00:00,1583177.84744401
2012-06-13 00:00:00,1583177.84744401
2012-06-16 00:00:00,1583177.84744401
2012-06-19 00:00:00,1583177.84744401
2012-06-22 00:00:00,1726566.55919348
2012-06-25 00:00:00,1726566.55919348
2012-06-28 00:00:00,1726566.55919348
2012-07-01 00:00:00,1726566.55919348
2012-07-04 00:00:00,1751454.53534068
2012-07-07 00:00:00,1751454.53534068
2012-07-10 00:00:00,1751454.53534068
2012-07-13 00:00:00,1751454.53534068
2012-07-16 00:00:00,1751454.53534068
2012-07-19 00:00:00,1866391.30500321
2012-07-22 00:00:00,1866391.30500321
2012-07-25 00:00:00,1866391.30500321
2012-07-28 00:00:00,1866391.30500321
2012-07-31 00:00:00,2036671.08869332
2012-08-03 00:00:00,2036671.08869332
2012-08-06 00:00:00,2036671.08869332
2012-08-09 00:00:00,2036671.08869332
2012-08-12 00:00:00,2190865.97010286
2012-08-15 00:00:00,2190865.97010286
2012-08-18 00:00:00,2190865.97010286
2012-08-21 00:00:00,2190865.97010286
2012-08-24 00:00:00,2190865.97010286
2012-08-27 00:00:00,2440642.60691596
2012-08-30 00:00:00,2440642.60691596
2012-09-02 00:00:00,2440642.60691596
2012-09-05 00:00:00,2440642.60691596
2012-09-08 00:00:00,2694047.95295501
2012-09-11 00:00:00,2694047.95295501
2012-09-14 00:00:00,2694047.95295501
2012-09-17 00:00:00,2694047.95295501
2012-09-20 00:00:00,2864140.50781097
2012-09-23 00:00:00,2864140.50781097
2012-09-26 00:00:00,2864140.50781097
2012-09-29 00:00:00,2864140.50781097
2012-10-02 00:00:00,2864140.50781097
2012-10-05 00:00:00,3054627.52694864
2012-10-08 00:00:00,3054627.52694864
2012-10-11 00:00:00,3054627.52694864
2012-10-14 00:00:00,3054627.52694864
2012-10-17 00:00:00,3072321.73202076
2012-10-20 00:00:00,3072321.73202076
2012-10-23 00:00:00,3072321.73202076
2012-10-26 00:00:00,3072321.73202076
2012-10-29 00:00:00,3072321.73202076
2012-11-01 00:00:00,3304356.39299034
2012-11-04 00:00:00,3304356.39299034
2012-11-07 00:00:00,3304356.39299034
2012-11-10 00:00:00,3304356.39299034
2012-11-13 00:00:00,3368767.14053294
2012-11-16 00:00:00,3368767.14053294
2012-11-19 00:00:00,3368767.14053294
2012-11-22 00:00:00,3368767.14053294
2012-11-25 00:00:00,3368767.14053294
2012-11-28 00:00:00,3438908.96015914
2012-12-01 00:00:00,3438908.96015914
2012-12-04 00:00:00,3438908.96015914
2012-12-07 00:00:00,3438908.96015914
2012-12-10 00:00:00,3438908.96015914
2012-12-13 00:00:00,3370181.79927784
2012-12-16 00:00:00,3370181.79927784
2012-12-19 00:00:00,3370181.79927784
2012-12-22 00:00:00,3370181.79927784
2012-12-25 00:00:00,3370181.79927784
2012-12-28 00:00:00,2979636.61693807
2012-12-31 00:00:00,2979636.61693807
2013-01-03 00:00:00,2979636.61693807
2013-01-06 00:00:00,2979636.61693807
2013-01-09 00:00:00,3249549.58448721
2013-01-12 00:00:00,3249549.58448721
2013-01-15 00:00:00,3249549.58448721
2013-01-18 00:00:00,3249549.58448721
2013-01-21 00:00:00,3249549.58448721
2013-01-24 00:00:00,3249549.58448721
2013-01-27 00:00:00,2968775.33207507
2013-01-30 00:00:00,2968775.33207507
2013-02-02 00:00:00,2968775.33207507
2013-02-05 00:00:00,3275464.58656562
2013-02-08 00:00:00,3275464.58656562
2013-02-11 00:00:00,3275464.58656562
2013-02-14 00:00:00,3275464.58656562
2013-02-17 00:00:00,3275464.58656562
2013-02-20 00:00:00,3651011.63069321
2013-02-23 00:00:00,3651011.63069321
2013-02-26 00:00:00,3651011.63069321
2013-03-01 00:00:00,4367876.0008422
2013-03-04 00:00:00,4367876.0008422
2013-03-07 00:00:00,4367876.0008422
2013-03-10 00:00:00,4367876.0008422
2013-03-13 00:00:00,4367876.0008422
2013-03-16 00:00:00,4847647.15206561
2013-03-19 00:00:00,4847647.15206561
2013-03-22 00:00:00,4847647.15206561
2013-03-25 00:00:00,6695826.28259625
2013-03-28 00:00:00,6695826.28259625
2013-03-31 00:00:00,6695826.28259625
2013-04-03 00:00:00,6695826.28259625
2013-04-06 00:00:00,7672999.92016414
2013-04-09 00:00:00,7672999.92016414
2013-04-12 00:00:00,7672999.92016414
2013-04-15 00:00:00,7672999.92016414
2013-04-18 00:00:00,8974296.01488785
2013-04-21 00:00:00,8974296.01488785
2013-04-24 00:00:00,8974296.01488785
2013-04-27 00:00:00,8974296.01488785
2013-04-30 00:00:00,10076292.8834187
2013-05-03 00:00:00,10076292.8834187
2013-05-06 00:00:00,10076292.8834187
2013-05-09 00:00:00,10076292.8834187
2013-05-12 00:00:00,10076292.8834187
2013-05-15 00:00:00,11187257.4613608
2013-05-18 00:00:00,11187257.4613608
2013-05-21 00:00:00,11187257.4613608
2013-05-24 00:00:00,11187257.4613608
2013-05-27 00:00:00,12153411.7097758
2013-05-30 00:00:00,12153411.7097758
2013-06-02 00:00:00,12153411.7097758
2013-06-05 00:00:00,15605632.6812859
2013-06-08 00:00:00,15605632.6812859
2013-06-11 00:00:00,15605632.6812859
2013-06-14 00:00:00,15605632.6812859
2013-06-17 00:00:00,19339258.2723867
2013-06-20 00:00:00,19339258.2723867
2013-06-23 00:00:00,19339258.2723867
2013-06-26 00:00:00,19339258.2723867
2013-06-29 00:00:00,21335329.113983
2013-07-02 00:00:00,21335329.113983
2013-07-05 00:00:00,21335329.113983
2013-07-08 00:00:00,21335329.113983
2013-07-11 00:00:00,26162875.6825699
2013-07-14 00:00:00,26162875.6825699
2013-07-17 00:00:00,26162875.6825699
2013-07-20 00:00:00,26162875.6825699
2013-07-23 00:00:00,31256960.7277689
2013-07-26 00:00:00,31256960.7277689
2013-07-29 00:00:00,31256960.7277689
2013-08-01 00:00:00,31256960.7277689
2013-08-04 00:00:00,37392766.1364746
2013-08-07 00:00:00,37392766.1364746
2013-08-10 00:00:00,37392766.1364746
2013-08-13 00:00:00,50810339.0482765
2013-08-16 00:00:00,50810339.0482765
2013-08-19 00:00:00,50810339.0482765
2013-08-22 00:00:00,50810339.0482765
2013-08-25 00:00:00,65750060.1490848
2013-08-28 00:00:00,65750060.1490848
2013-08-31 00:00:00,65750060.1490848
2013-09-03 00:00:00,65750060.1490848
2013-09-06 00:00:00,86933017.7711944
2013-09-09 00:00:00,86933017.7711944
2013-09-12 00:00:00,86933017.7711944
2013-09-15 00:00:00,112628548.666347
2013-09-18 00:00:00,112628548.666347
2013-09-21 00:00:00,112628548.666347
2013-09-24 00:00:00,112628548.666347
2013-09-27 00:00:00,148819199.805093
2013-09-30 00:00:00,148819199.805093
2013-10-03 00:00:00,148819199.805093
2013-10-06 00:00:00,189281249.281033
2013-10-09 00:00:00,189281249.281033
2013-10-12 00:00:00,189281249.281033
2013-10-15 00:00:00,189281249.281033
2013-10-18 00:00:00,267731249.482421
2013-10-21 00:00:00,267731249.482421
2013-10-24 00:00:00,267731249.482421
2013-10-27 00:00:00,390928787.638086
2013-10-30 00:00:00,390928787.638086
2013-11-02 00:00:00,390928787.638086
2013-11-05 00:00:00,390928787.638086
2013-11-08 00:00:00,510929738.016152
2013-11-11 00:00:00,510929738.016152
2013-11-14 00:00:00,510929738.016152
2013-11-17 00:00:00,609482679.888355
2013-11-20 00:00:00,609482679.888355
2013-11-23 00:00:00,609482679.888355
2013-11-26 00:00:00,609482679.888355
2013-11-29 00:00:00,707408283.051497
2013-12-02 00:00:00,707408283.051497
2013-12-05 00:00:00,707408283.051497
2013-12-08 00:00:00,707408283.051497
2013-12-11 00:00:00,908350862.437022
2013-12-14 00:00:00,908350862.437022
2013-12-17 00:00:00,908350862.437022
2013-12-20 00:00:00,908350862.437022
2013-12-23 00:00:00,1180923195.25803
2013-12-26 00:00:00,1180923195.25803
2013-12-29 00:00:00,1180923195.25803
2014-01-01 00:00:00,1180923195.25803
2014-01-04 00:00:00,1418481395.26264
2014-01-07 00:00:00,1418481395.26264
2014-01-10 00:00:00,1418481395.26264
2014-01-13 00:00:00,1789546951.05324
2014-01-16 00:00:00,1789546951.05324
2014-01-19 00:00:00,1789546951.05324
2014-01-22 00:00:00,1789546951.05324
2014-01-25 00:00:00,2193847870.17428
2014-01-28 00:00:00,2193847870.17428
2014-01-31 00:00:00,2193847870.17428
2014-02-03 00:00:00,2193847870.17428
2014-02-06 00:00:00,2621404453.06462
2014-02-09 00:00:00,2621404453.06462
2014-02-12 00:00:00,2621404453.06462
2014-02-15 00:00:00,2621404453.06462
2014-02-18 00:00:00,3129573174.52229
2014-02-21 00:00:00,3129573174.52229
2014-02-24 00:00:00,3129573174.52229
2014-02-27 00:00:00,3129573174.52229
2014-03-02 00:00:00,3815723798.81463
2014-03-05 00:00:00,3815723798.81463
2014-03-08 00:00:00,3815723798.81463
2014-03-11 00:00:00,3815723798.81463
2014-03-14 00:00:00,4250217919.86954
2014-03-17 00:00:00,4250217919.86954
2014-03-20 00:00:00,4250217919.86954
2014-03-23 00:00:00,4250217919.86954
2014-03-26 00:00:00,5006860589.2054
2014-03-29 00:00:00,5006860589.2054
2014-04-01 00:00:00,5006860589.2054
2014-04-04 00:00:00,5006860589.2054
2014-04-07 00:00:00,6119726089.12815
2014-04-10 00:00:00,6119726089.12815
2014-04-13 00:00:00,6119726089.12815
2014-04-16 00:00:00,6119726089.12815
2014-04-19 00:00:00,6978842649.59238
2014-04-22 00:00:00,6978842649.59238
2014-04-25 00:00:00,6978842649.59238
2014-04-28 00:00:00,6978842649.59238
2014-05-01 00:00:00,8000872135.96816
2014-05-04 00:00:00,8000872135.96816
2014-05-07 00:00:00,8000872135.96816
2014-05-10 00:00:00,8000872135.96816
2014-05-13 00:00:00,8853416309.1278
2014-05-16 00:00:00,8853416309.1278
2014-05-19 00:00:00,8853416309.1278
2014-05-22 00:00:00,8853416309.1278
2014-05-25 00:00:00,10455720138.4848
2014-05-28 00:00:00,10455720138.4848
2014-05-31 00:00:00,10455720138.4848
2014-06-03 00:00:00,10455720138.4848
2014-06-06 00:00:00,11756551916.904
2014-06-09 00:00:00,11756551916.904
2014-06-12 00:00:00,11756551916.904
2014-06-15 00:00:00,11756551916.904
2014-06-18 00:00:00,13462580114.5253
2014-06-21 00:00:00,13462580114.5253
2014-06-24 00:00:00,13462580114.5253
2014-06-27 00:00:00,13462580114.5253
2014-06-30 00:00:00,16818461371.1611
2014-07-03 00:00:00,16818461371.1611
2014-07-06 00:00:00,16818461371.1611
2014-07-09 00:00:00,16818461371.1611
2014-07-12 00:00:00,16818461371.1611
2014-07-15 00:00:00,17336316978.5078
2014-07-18 00:00:00,17336316978.5078
2014-07-21 00:00:00,17336316978.5078
2014-07-24 00:00:00,17336316978.5078
2014-07-27 00:00:00,18736441558.3102
2014-07-30 00:00:00,18736441558.3102
2014-08-02 00:00:00,18736441558.3102
2014-08-05 00:00:00,18736441558.3102
2014-08-08 00:00:00,19729645940.5771
2014-08-11 00:00:00,19729645940.5771
2014-08-14 00:00:00,19729645940.5771
2014-08-17 00:00:00,19729645940.5771
2014-08-20 00:00:00,23844670038.8033
2014-08-23 00:00:00,23844670038.8033
2014-08-26 00:00:00,23844670038.8033
2014-08-29 00:00:00,23844670038.8033
2014-09-01 00:00:00,27428630902.2579
2014-09-04 00:00:00,27428630902.2579
2014-09-07 00:00:00,27428630902.2579
2014-09-10 00:00:00,27428630902.2579
2014-09-13 00:00:00,27428630902.2579
2014-09-16 00:00:00,29829733124.0404
2014-09-19 00:00:00,29829733124.0404
2014-09-22 00:00:00,29829733124.0404
2014-09-25 00:00:00,29829733124.0404
2014-09-28 00:00:00,34661425923.9769
2014-10-01 00:00:00,34661425923.9769
2014-10-04 00:00:00,34661425923.9769
2014-10-07 00:00:00,34661425923.9769
2014-10-10 00:00:00,35002482026.1332
2014-10-13 00:00:00,35002482026.1332
2014-10-16 00:00:00,35002482026.1332
2014-10-19 00:00:00,35002482026.1332
2014-10-22 00:00:00,35002482026.1332
2014-10-25 00:00:00,35985640265.0762
2014-10-28 00:00:00,35985640265.0762
2014-10-31 00:00:00,35985640265.0762
2014-11-03 00:00:00,35985640265.0762
2014-11-06 00:00:00,39603666252.4184
2014-11-09 00:00:00,39603666252.4184
2014-11-12 00:00:00,39603666252.4184
2014-11-15 00:00:00,39603666252.4184
2014-11-18 00:00:00,39603666252.4184
2014-11-21 00:00:00,40300030327.8914
2014-11-24 00:00:00,40300030327.8914
2014-11-27 00:00:00,40300030327.8914
2014-11-30 00:00:00,40300030327.8914
2014-12-03 00:00:00,40300030327.8914
2014-12-06 00:00:00,40007470271.2713
2014-12-09 00:00:00,40007470271.2713
2014-12-12 00:00:00,40007470271.2713
2014-12-15 00:00:00,40007470271.2713
2014-12-18 00:00:00,39457671307.1387
2014-12-21 00:00:00,39457671307.1387
2014-12-24 00:00:00,39457671307.1387
2014-12-27 00:00:00,39457671307.1387
2014-12-30 00:00:00,39457671307.1387
2015-01-02 00:00:00,40640955016.5765
2015-01-05 00:00:00,40640955016.5765
2015-01-08 00:00:00,40640955016.5765
2015-01-11 00:00:00,40640955016.5765
2015-01-14 00:00:00,43971662056.0896
2015-01-17 00:00:00,43971662056.0896
2015-01-20 00:00:00,43971662056.0896
2015-01-23 00:00:00,43971662056.0896
2015-01-26 00:00:00,43971662056.0896
2015-01-29 00:00:00,41272873894.697
2015-02-01 00:00:00,41272873894.697
2015-02-04 00:00:00,41272873894.697
2015-02-07 00:00:00,41272873894.697
2015-02-10 00:00:00,44455415962.3438
2015-02-13 00:00:00,44455415962.3438
2015-02-16 00:00:00,44455415962.3438
2015-02-19 00:00:00,44455415962.3438
2015-02-22 00:00:00,44455415962.3438
2015-02-25 00:00:00,46684376316.8603
2015-02-28 00:00:00,46684376316.8603
2015-03-03 00:00:00,46684376316.8603
2015-03-06 00:00:00,46684376316.8603
2015-03-09 00:00:00,47427554950.6483
2015-03-12 00:00:00,47427554950.6483
2015-03-15 00:00:00,47427554950.6483
2015-03-18 00:00:00,47427554950.6483
2015-03-21 00:00:00,47427554950.6483
2015-03-24 00:00:00,46717549644.7064
2015-03-27 00:00:00,46717549644.7064
2015-03-30 00:00:00,46717549644.7064
2015-04-02 00:00:00,46717549644.7064
2015-04-05 00:00:00,49446390688.2414
2015-04-08 00:00:00,49446390688.2414
2015-04-11 00:00:00,49446390688.2414
2015-04-14 00:00:00,49446390688.2414
2015-04-17 00:00:00,49446390688.2414
2015-04-20 00:00:00,49446390688.2414
2015-04-23 00:00:00,47610564513.4713
2015-04-26 00:00:00,47610564513.4713
2015-04-29 00:00:00,47610564513.4713
2015-05-02 00:00:00,47610564513.4713
2015-05-05 00:00:00,47643398017.8034
2015-05-08 00:00:00,47643398017.8034
2015-05-11 00:00:00,47643398017.8034
2015-05-14 00:00:00,47643398017.8034
2015-05-17 00:00:00,48807487244.6814
2015-05-20 00:00:00,48807487244.6814
2015-05-23 00:00:00,48807487244.6814
2015-05-26 00:00:00,48807487244.6814
2015-05-29 00:00:00,48807487244.6814
2015-06-01 00:00:00,48807487244.6814
2015-06-04 00:00:00,47589591153.625
2015-06-07 00:00:00,47589591153.625
2015-06-10 00:00:00,47589591153.625
2015-06-13 00:00:00,47589591153.625
2015-06-16 00:00:00,49692386354.8938
2015-06-19 00:00:00,49692386354.8938
2015-06-22 00:00:00,49692386354.8938
2015-06-25 00:00:00,49692386354.8938
2015-06-28 00:00:00,49692386354.8938
2015-07-01 00:00:00,49402014931.2275
2015-07-04 00:00:00,49402014931.2275
2015-07-07 00:00:00,49402014931.2275
2015-07-10 00:00:00,49402014931.2275
2015-07-13 00:00:00,51076366303.4819
2015-07-16 00:00:00,51076366303.4819
2015-07-19 00:00:00,51076366303.4819
2015-07-22 00:00:00,51076366303.4819
2015-07-25 00:00:00,52278304845.5917
2015-07-28 00:00:00,52278304845.5917
2015-07-31 00:00:00,52278304845.5917
2015-08-03 00:00:00,52278304845.5917
2015-08-06 00:00:00,52278304845.5917
2015-08-09 00:00:00,52699842409.347
2015-08-12 00:00:00,52699842409.347
2015-08-15 00:00:00,52699842409.347
2015-08-18 00:00:00,52699842409.347
2015-08-21 00:00:00,52699842409.347
2015-08-24 00:00:00,54256630327.89
2015-08-27 00:00:00,54256630327.89
2015-08-30 00:00:00,54256630327.89
2015-09-02 00:00:00,54256630327.89
2015-09-05 00:00:00,56957648455.01
2015-09-08 00:00:00,56957648455.01
2015-09-11 00:00:00,56957648455.01
2015-09-14 00:00:00,56957648455.01
2015-09-17 00:00:00,56957648455.01
2015-09-20 00:00:00,59335351233.8666
2015-09-23 00:00:00,59335351233.8666
2015-09-26 00:00:00,59335351233.8666
2015-09-29 00:00:00,59335351233.8666
2015-10-02 00:00:00,60813224039.4403
2015-10-05 00:00:00,60813224039.4403
2015-10-08 00:00:00,60813224039.4403
2015-10-11 00:00:00,60813224039.4403
2015-10-14 00:00:00,60813224039.4403
2015-10-17 00:00:00,60883825480.0983
2015-10-20 00:00:00,60883825480.0983
2015-10-23 00:00:00,60883825480.0983
2015-10-26 00:00:00,60883825480.0983
2015-10-29 00:00:00,62253982449.7608
2015-11-01 00:00:00,62253982449.7608
2015-11-04 00:00:00,62253982449.7608
2015-11-07 00:00:00,62253982449.7608
2015-11-10 00:00:00,62253982449.7608
2015-11-13 00:00:00,65848255179.7026
2015-11-16 00:00:00,65848255179.7026
2015-11-19 00:00:00,65848255179.7026
2015-11-22 00:00:00,65848255179.7026
2015-11-25 00:00:00,72722780642.5472
2015-11-28 00:00:00,72722780642.5472
2015-12-01 00:00:00,72722780642.5472
2015-12-04 00:00:00,72722780642.5472
2015-12-07 00:00:00,79102380900.226
2015-12-10 00:00:00,79102380900.226
2015-12-13 00:00:00,79102380900.226
2015-12-16 00:00:00,79102380900.226
2015-12-19 00:00:00,93448670796.3238
2015-12-22 00:00:00,93448670796.3238
2015-12-25 00:00:00,93448670796.3238
2015-12-28 00:00:00,93448670796.3238
2015-12-31 00:00:00,103880340815.456
2016-01-03 00:00:00,103880340815.456
2016-01-06 00:00:00,103880340815.456
2016-01-09 00:00:00,103880340815.456
2016-01-12 00:00:00,103880340815.456
2016-01-15 00:00:00,113354299801.471
2016-01-18 00:00:00,113354299801.471
2016-01-21 00:00:00,113354299801.471
2016-01-24 00:00:00,113354299801.471
2016-01-27 00:00:00,120033340651.237
2016-01-30 00:00:00,120033340651.237
2016-02-02 00:00:00,120033340651.237
2016-02-05 00:00:00,120033340651.237
2016-02-08 00:00:00,144116447847.349
2016-02-11 00:00:00,144116447847.349
2016-02-14 00:00:00,144116447847.349
2016-02-17 00:00:00,144116447847.349
2016-02-20 00:00:00,163491654908.959
2016-02-23 00:00:00,163491654908.959
2016-02-26 00:00:00,163491654908.959
2016-02-29 00:00:00,163491654908.959
2016-03-03 00:00:00,163491654908.959
2016-03-06 00:00:00,158427203767.392
2016-03-09 00:00:00,158427203767.392
2016-03-12 00:00:00,158427203767.392
2016-03-15 00:00:00,158427203767.392
2016-03-18 00:00:00,165496835118.226
2016-03-21 00:00:00,165496835118.226
2016-03-24 00:00:00,165496835118.226
2016-03-27 00:00:00,165496835118.226
2016-03-30 00:00:00,165496835118.226
2016-04-02 00:00:00,166851513282.777
2016-04-05 00:00:00,166851513282.777
2016-04-08 00:00:00,166851513282.777
2016-04-11 00:00:00,166851513282.777
2016-04-14 00:00:00,178678307671.688
2016-04-17 00:00:00,178678307671.688
2016-04-20 00:00:00,178678307671
2016-04-23 00:00:00,178678307671
2016-04-26 00:00:00,178678307671
2016-04-29 00:00:00,178659257772
2016-05-02 00:00:00,178659257772
2016-05-05 00:00:00,178659257772
2016-05-08 00:00:00,178659257772
2016-05-11 00:00:00,190502504490.88
2016-05-14 00:00:00,194254820283
2016-05-17 00:00:00,194254820283
2016-05-20 00:00:00,194254820283
2016-05-23 00:00:00,194254820283
2016-05-26 00:00:00,199312067531
2016-05-29 00:00:00,199312067531
2016-06-01 00:00:00,199312067531
2016-06-04 00:00:00,199312067531
2016-06-07 00:00:00,199312067531
2016-06-10 00:00:00,196061423939
2016-06-13 00:00:00,196061423939.25
2016-06-16 00:00:00,196061423939
2016-06-19 00:00:00,196061423939
2016-06-22 00:00:00,209453158595
2016-06-25 00:00:00,209453158595
2016-06-28 00:00:00,209453158595
2016-07-01 00:00:00,209453158595
2016-07-04 00:00:00,209557682217.146
2016-07-07 00:00:00,213398925331
2016-07-10 00:00:00,213398925331
2016-07-13 00:00:00,213398925331
2016-07-16 00:00:00,213398925331
2016-07-19 00:00:00,213492501107
2016-07-22 00:00:00,213492501107
2016-07-25 00:00:00,213492501107
2016-07-28 00:00:00,213492501107
2016-07-31 00:00:00,213492501107
2016-08-03 00:00:00,201893210853
2016-08-06 00:00:00,201893210853
2016-08-09 00:00:00,201893210853
2016-08-12 00:00:00,201893210853
2016-08-15 00:00:00,203483855226.699
2016-08-18 00:00:00,217375482757
2016-08-21 00:00:00,217375482757
2016-08-24 00:00:00,217375482757
2016-08-27 00:00:00,217375482757
2016-08-30 00:00:00,220755908330
2016-09-02 00:00:00,220755908330
2016-09-05 00:00:00,220755908330
2016-09-08 00:00:00,220755908330
2016-09-11 00:00:00,220755908330
2016-09-14 00:00:00,225832872179
2016-09-17 00:00:00,225832872179
2016-09-20 00:00:00,225832872179
2016-09-23 00:00:00,225832872179
2016-09-26 00:00:00,241227200229
2016-09-29 00:00:00,241227200229
2016-10-02 00:00:00,241227200229
2016-10-05 00:00:00,241227200229
2016-10-08 00:00:00,250540187707.846
2016-10-11 00:00:00,258522748404
2016-10-14 00:00:00,258522748404
2016-10-17 00:00:00,258522748404
2016-10-20 00:00:00,258522748404
2016-10-23 00:00:00,253618246641
2016-10-26 00:00:00,253618246641
2016-10-29 00:00:00,253618246641
2016-11-01 00:00:00,253618246641
2016-11-04 00:00:00,253618246641
2016-11-07 00:00:00,254620187304
2016-11-10 00:00:00,254620187304
2016-11-13 00:00:00,254620187304
2016-11-16 00:00:00,254620187304
2016-11-19 00:00:00,281800917193
2016-11-22 00:00:00,281800917193
2016-11-25 00:00:00,281800917193
2016-11-28 00:00:00,281800917193
2016-12-01 00:00:00,281800917193
2016-12-04 00:00:00,286765766820
2016-12-07 00:00:00,286765766820
2016-12-10 00:00:00,286765766820
2016-12-13 00:00:00,286765766820
2016-12-16 00:00:00,310153855703
2016-12-19 00:00:00,310153855703
2016-12-22 00:00:00,310153855703
2016-12-25 00:00:00,310153855703
2016-12-28 00:00:00,312083434211.183
2016-12-31 00:00:00,317688400354
2017-01-03 00:00:00,317688400354
2017-01-06 00:00:00,317688400354
2017-01-09 00:00:00,317688400354
2017-01-12 00:00:00,336899932795
2017-01-15 00:00:00,336899932795
2017-01-18 00:00:00,336899932795
2017-01-21 00:00:00,336899932795
2017-01-24 00:00:00,392963262344
2017-01-27 00:00:00,392963262344
2017-01-30 00:00:00,392963262344
2017-02-02 00:00:00,392963262344
2017-02-05 00:00:00,422170566883
2017-02-08 00:00:00,422170566883
2017-02-11 00:00:00,422170566883
2017-02-14 00:00:00,422170566883
2017-02-17 00:00:00,422170566883
2017-02-20 00:00:00,440779902286
2017-02-23 00:00:00,440779902286
2017-02-26 00:00:00,440779902286
2017-03-01 00:00:00,440779902286
2017-03-04 00:00:00,460769358090
2017-03-07 00:00:00,460769358090
2017-03-10 00:00:00,460769358090
2017-03-13 00:00:00,460769358090
2017-03-16 00:00:00,460769358090
2017-03-19 00:00:00,475705205061
2017-03-22 00:00:00,475705205061
2017-03-25 00:00:00,475705205061
2017-03-28 00:00:00,475705205061
2017-03-31 00:00:00,499635929816
2017-04-03 00:00:00,499635929816
2017-04-06 00:00:00,499635929816
2017-04-09 00:00:00,499635929816
2017-04-12 00:00:00,499635929816
2017-04-15 00:00:00,520808749422
2017-04-18 00:00:00,520808749422
2017-04-21 00:00:00,520808749422
2017-04-24 00:00:00,520808749422
2017-04-27 00:00:00,521839702599.075
2017-04-30 00:00:00,521974519553
2017-05-03 00:00:00,521974519553
2017-05-06 00:00:00,521974519553
2017-05-09 00:00:00,521974519553
2017-05-12 00:00:00,559970892890
2017-05-15 00:00:00,559970892890
2017-05-18 00:00:00,559970892890
2017-05-21 00:00:00,559970892890
2017-05-24 00:00:00,595921917085
2017-05-27 00:00:00,595921917085
2017-05-30 00:00:00,595921917085
2017-06-02 00:00:00,595921917085
2017-06-05 00:00:00,678760110082
2017-06-08 00:00:00,678760110082
2017-06-11 00:00:00,678760110082
2017-06-14 00:00:00,678760110082
2017-06-17 00:00:00,679668719408.648
2017-06-20 00:00:00,711697198173
2017-06-23 00:00:00,711697198173
2017-06-26 00:00:00,711697198173
2017-06-29 00:00:00,711697198173
2017-07-02 00:00:00,708707940675.899
2017-07-05 00:00:00,708659466230
2017-07-08 00:00:00,708659466230
2017-07-11 00:00:00,708659466230
2017-07-14 00:00:00,761764941640.259
2017-07-17 00:00:00,804525194568
2017-07-20 00:00:00,804525194568
2017-07-23 00:00:00,804525194568
2017-07-26 00:00:00,804525194568
2017-07-29 00:00:00,860221984436
2017-08-01 00:00:00,860221984436
2017-08-04 00:00:00,860221984436
2017-08-07 00:00:00,860221984436
2017-08-10 00:00:00,923233068448
2017-08-13 00:00:00,923233068448
2017-08-16 00:00:00,923233068448
2017-08-19 00:00:00,923233068448
2017-08-22 00:00:00,923233068448
2017-08-25 00:00:00,888171856257
2017-08-28 00:00:00,888171856257
2017-08-31 00:00:00,888171856257
2017-09-03 00:00:00,888171856257
2017-09-06 00:00:00,903315386418.901
2017-09-09 00:00:00,922724699725
2017-09-12 00:00:00,922724699725
2017-09-15 00:00:00,922724699725
2017-09-18 00:00:00,1052185622754.52
2017-09-21 00:00:00,1103400932964
2017-09-24 00:00:00,1103400932964
2017-09-27 00:00:00,1103400932964
2017-09-30 00:00:00,1103400932964
2017-10-03 00:00:00,1123863285132
2017-10-06 00:00:00,1123863285132
2017-10-09 00:00:00,1123863285132
2017-10-12 00:00:00,1123863285132
2017-10-15 00:00:00,1182954806242.91
2017-10-18 00:00:00,1196792694098
2017-10-21 00:00:00,1196792694098
2017-10-24 00:00:00,1196792694098
2017-10-27 00:00:00,1452839779145
2017-10-30 00:00:00,1452839779145
2017-11-02 00:00:00,1452839779145
2017-11-05 00:00:00,1452839779145
2017-11-08 00:00:00,1452839779145
2017-11-11 00:00:00,1364422081125
2017-11-14 00:00:00,1364422081125
2017-11-17 00:00:00,1364422081125
2017-11-20 00:00:00,1364422081125
2017-11-23 00:00:00,1364422081125
2017-11-26 00:00:00,1347001430558
2017-11-29 00:00:00,1347001430558
2017-12-02 00:00:00,1347001430558
2017-12-05 00:00:00,1347001430558
2017-12-08 00:00:00,1590896927258
2017-12-11 00:00:00,1590896927258
2017-12-14 00:00:00,1590896927258
2017-12-17 00:00:00,1590896927258
2017-12-20 00:00:00,1873105475221
2017-12-23 00:00:00,1873105475221
2017-12-26 00:00:00,1873105475221
2017-12-29 00:00:00,1873105475221
2018-01-01 00:00:00,1922580604979.83
2018-01-04 00:00:00,1931136454487
2018-01-07 00:00:00,1931136454487
2018-01-10 00:00:00,1931136454487
2018-01-13 00:00:00,2134254177773.12
2018-01-16 00:00:00,2227847638503
2018-01-19 00:00:00,2227847638503
2018-01-22 00:00:00,2227847638503
2018-01-25 00:00:00,2460585023617.37
2018-01-28 00:00:00,2603077300218
2018-01-31 00:00:00,2603077300218
2018-02-03 00:00:00,2603077300218
2018-02-06 00:00:00,2607870187292.06
2018-02-09 00:00:00,2874674234415
2018-02-12 00:00:00,2874674234415
2018-02-15 00:00:00,2874674234415
2018-02-18 00:00:00,2874674234415
2018-02-21 00:00:00,3007383866429
2018-02-24 00:00:00,3007383866429
2018-02-27 00:00:00,3007383866429
2018-03-02 00:00:00,3007383866429
2018-03-05 00:00:00,3233581400367.21
2018-03-08 00:00:00,3290605988755
2018-03-11 00:00:00,3290605988755
2018-03-14 00:00:00,3290605988755
2018-03-17 00:00:00,3290605988755
2018-03-20 00:00:00,3462542391191
2018-03-23 00:00:00,3462542391191
2018-03-26 00:00:00,3462542391191
2018-03-29 00:00:00,3462542391191
2018-04-01 00:00:00,3494288842678.95
2018-04-04 00:00:00,3511060552899
2018-04-07 00:00:00,3511060552899
2018-04-10 00:00:00,3511060552899
2018-04-13 00:00:00,3511060552899
2018-04-16 00:00:00,3839316899029
2018-04-19 00:00:00,3839316899029
2018-04-22 00:00:00,3839316899029
2018-04-25 00:00:00,3839316899029
2018-04-28 00:00:00,4022059196164
2018-05-01 00:00:00,4022059196164
2018-05-04 00:00:00,4022059196164
2018-05-07 00:00:00,4022059196164
2018-05-10 00:00:00,4022059196164
2018-05-13 00:00:00,4143878474754
2018-05-16 00:00:00,4143878474754
2018-05-19 00:00:00,4143878474754
2018-05-22 00:00:00,4143878474754
2018-05-25 00:00:00,4306949573981
2018-05-28 00:00:00,4306949573981
2018-05-31 00:00:00,4306949573981
2018-06-03 00:00:00,4306949573981
2018-06-06 00:00:00,4940704885521
2018-06-09 00:00:00,4940704885521
2018-06-12 00:00:00,4940704885521
2018-06-15 00:00:00,4940704885521
2018-06-18 00:00:00,4940704885521
2018-06-21 00:00:00,5077499034879
2018-06-24 00:00:00,5077499034879
2018-06-27 00:00:00,5077499034879
2018-06-30 00:00:00,5077499034879
2018-07-03 00:00:00,5363678461481
2018-07-06 00:00:00,5363678461481
2018-07-09 00:00:00,5363678461481
2018-07-12 00:00:00,5363678461481
2018-07-15 00:00:00,5363678461481
2018-07-18 00:00:00,5178671069072
2018-07-21 00:00:00,5178671069072
2018-07-24 00:00:00,5178671069072
2018-07-27 00:00:00,5178671069072
2018-07-30 00:00:00,5949437371609
2018-08-02 00:00:00,5949437371609
2018-08-05 00:00:00,5949437371610
2018-08-08 00:00:00,5949437371610
2018-08-11 00:00:00,6197839919507.6
2018-08-14 00:00:00,6389316883512
2018-08-17 00:00:00,6389316883512
2018-08-20 00:00:00,6389316883512
2018-08-23 00:00:00,6389316883512
2018-08-26 00:00:00,6727225469723
2018-08-29 00:00:00,6727225469723
2018-09-01 00:00:00,6727225469723
2018-09-04 00:00:00,6727225469723
2018-09-07 00:00:00,6971177230937.86
2018-09-10 00:00:00,7019199231177
2018-09-13 00:00:00,7019199231177
2018-09-16 00:00:00,7019199231177
2018-09-19 00:00:00,7019199231177
2018-09-22 00:00:00,7152633351906
2018-09-25 00:00:00,7152633351906
2018-09-28 00:00:00,7152633351906
2018-10-01 00:00:00,7152633351906
2018-10-04 00:00:00,7364268059355.9
2018-10-07 00:00:00,7454968648263
2018-10-10 00:00:00,7454968648263
2018-10-13 00:00:00,7454968648263
2018-10-16 00:00:00,7454968648263
2018-10-19 00:00:00,7182852313938
2018-10-22 00:00:00,7182852313938
2018-10-25 00:00:00,7182852313938
2018-10-28 00:00:00,7182852313938
2018-10-31 00:00:00,7182852313938
2018-11-03 00:00:00,7184404942702
2018-11-06 00:00:00,7184404942702
2018-11-09 00:00:00,7184404942702
2018-11-12 00:00:00,7184404942702
2018-11-15 00:00:00,7184404942702
2018-11-18 00:00:00,6653303141406
2018-11-21 00:00:00,6653303141406
2018-11-24 00:00:00,6653303141406
2018-11-27 00:00:00,6653303141406
2018-11-30 00:00:00,6653303141406
2018-12-03 00:00:00,6194015746026.25
2018-12-06 00:00:00,5646403851535
2018-12-09 00:00:00,5646403851535
2018-12-12 00:00:00,5646403851535
2018-12-15 00:00:00,5646403851535
2018-12-18 00:00:00,5621092245587.73
2018-12-21 00:00:00,5106422924660
2018-12-24 00:00:00,5106422924660
2018-12-27 00:00:00,5106422924660
2018-12-30 00:00:00,5106422924660
2019-01-02 00:00:00,5618595848853
2019-01-05 00:00:00,5618595848853
2019-01-08 00:00:00,5618595848853
2019-01-11 00:00:00,5618595848853
2019-01-14 00:00:00,5862614531725.31
2019-01-17 00:00:00,5883988430955
2019-01-20 00:00:00,5883988430955
2019-01-23 00:00:00,5883988430955
2019-01-26 00:00:00,5883988430955
2019-01-29 00:00:00,5814661935892
2019-02-01 00:00:00,5814661935892
2019-02-04 00:00:00,5814661935892
2019-02-07 00:00:00,5814661935892
2019-02-10 00:00:00,5894008795042.54
2019-02-13 00:00:00,6061518831027
2019-02-16 00:00:00,6061518831027
2019-02-19 00:00:00,6061518831027
2019-02-22 00:00:00,6061518831027
2019-02-25 00:00:00,6071846049921
2019-02-28 00:00:00,6071846049921
2019-03-03 00:00:00,6071846049921
2019-03-06 00:00:00,6071846049921
2019-03-09 00:00:00,6071846049921
2019-03-12 00:00:00,6068891541677
2019-03-15 00:00:00,6068891541677
2019-03-18 00:00:00,6068891541677
2019-03-21 00:00:00,6068891541677
2019-03-24 00:00:00,6368919654419.87
2019-03-27 00:00:00,6379265451411
2019-03-30 00:00:00,6379265451411
2019-04-02 00:00:00,6379265451411
2019-04-05 00:00:00,6379265451411
2019-04-08 00:00:00,6393023717202
2019-04-11 00:00:00,6393023717202
2019-04-14 00:00:00,6393023717202
2019-04-17 00:00:00,6393023717202
2019-04-20 00:00:00,6393023717202
2019-04-23 00:00:00,6353030562984
2019-04-26 00:00:00,6353030562984
2019-04-29 00:00:00,6353030562984
2019-05-02 00:00:00,6353030562984
2019-05-05 00:00:00,6702169884349
2019-05-08 00:00:00,6702169884349
2019-05-11 00:00:00,6702169884349
2019-05-14 00:00:00,6702169884349
2019-05-17 00:00:00,6702169884349
2019-05-20 00:00:00,6704632680587
2019-05-23 00:00:00,6704632680587
2019-05-26 00:00:00,6704632680587
2019-05-29 00:00:00,6704632680587
2019-06-01 00:00:00,7459680720542
2019-06-04 00:00:00,7459680720542
2019-06-07 00:00:00,7459680720542
2019-06-10 00:00:00,7459680720542
2019-06-13 00:00:00,7459680720542
2019-06-16 00:00:00,7409399249090
2019-06-19 00:00:00,7409399249090
2019-06-22 00:00:00,7409399249090
2019-06-25 00:00:00,7409399249090
2019-06-28 00:00:00,7934713219631
2019-07-01 00:00:00,7934713219631
2019-07-04 00:00:00,7934713219631
2019-07-07 00:00:00,7934713219631
2019-07-10 00:00:00,9064159826491
2019-07-13 00:00:00,9064159826491
2019-07-16 00:00:00,9064159826491
2019-07-19 00:00:00,9064159826491
2019-07-22 00:00:00,9064159826491
2019-07-25 00:00:00,9013786945892
2019-07-28 00:00:00,9013786945892
2019-07-31 00:00:00,9013786945892
2019-08-03 00:00:00,9013786945892
2019-08-06 00:00:00,9985348008060
2019-08-09 00:00:00,9985348008060
2019-08-12 00:00:00,9985348008060
2019-08-15 00:00:00,9985348008060
2019-08-18 00:00:00,10016798869144.1
2019-08-21 00:00:00,10183488432890
2019-08-24 00:00:00,10183488432890
2019-08-27 00:00:00,10183488432890
2019-08-30 00:00:00,10183488432890
2019-09-02 00:00:00,10771996663680
2019-09-05 00:00:00,10771996663680
2019-09-08 00:00:00,10771996663680
2019-09-11 00:00:00,10771996663680
2019-09-14 00:00:00,11890594958796
2019-09-17 00:00:00,11890594958796
2019-09-20 00:00:00,11890594958796
2019-09-23 00:00:00,11890594958796
2019-09-26 00:00:00,12017674556107.8
2019-09-29 00:00:00,12759819404409
2019-10-02 00:00:00,12759819404409
2019-10-05 00:00:00,12759819404409
2019-10-08 00:00:00,12759819404409
2019-10-11 00:00:00,13008091666972
2019-10-14 00:00:00,13008091666972
2019-10-17 00:00:00,13008091666972
2019-10-20 00:00:00,13008091666972
2019-10-23 00:00:00,13069108485875.8
2019-10-26 00:00:00,13691480038694
2019-10-29 00:00:00,13691480038694
2019-11-01 00:00:00,13691480038694
2019-11-04 00:00:00,13691480038694
2019-11-07 00:00:00,13669891710442.8
2019-11-10 00:00:00,12720005267391
2019-11-13 00:00:00,12720005267391
2019-11-16 00:00:00,12720005267391
2019-11-19 00:00:00,12720005267391
2019-11-22 00:00:00,12973235968800
2019-11-25 00:00:00,12973235968800
2019-11-28 00:00:00,12973235968800
2019-12-01 00:00:00,12973235968800
2019-12-04 00:00:00,12973235968800
2019-12-07 00:00:00,12876842089682
2019-12-10 00:00:00,12876842089682
2019-12-13 00:00:00,12876842089682
2019-12-16 00:00:00,12876842089682
2019-12-19 00:00:00,12892837609390.5
2019-12-22 00:00:00,12948593420946
2019-12-25 00:00:00,12948593420946
2019-12-28 00:00:00,12948593420946
2019-12-31 00:00:00,12948593420946
2020-01-03 00:00:00,13798783827516
2020-01-06 00:00:00,13798783827516
2020-01-09 00:00:00,13798783827516
2020-01-12 00:00:00,13798783827516
2020-01-15 00:00:00,14776367535689
2020-01-18 00:00:00,14776367535689
2020-01-21 00:00:00,14776367535689
2020-01-24 00:00:00,14776367535689
2020-01-27 00:00:00,14776367535689
2020-01-30 00:00:00,15466098935555
2020-02-02 00:00:00,15466098935555
2020-02-05 00:00:00,15466098935555
2020-02-08 00:00:00,15466098935555
2020-02-11 00:00:00,15521134947902.1
2020-02-14 00:00:00,15546745765529
2020-02-17 00:00:00,15546745765529
2020-02-20 00:00:00,15546745765529
2020-02-23 00:00:00,15546745765529
2020-02-26 00:00:00,15486913440293
2020-02-29 00:00:00,15486913440293
2020-03-03 00:00:00,15486913440293
2020-03-06 00:00:00,15486913440293
2020-03-09 00:00:00,16076772598590.7
2020-03-12 00:00:00,16552923967337
2020-03-15 00:00:00,16552923967337
2020-03-18 00:00:00,16552923967337
2020-03-21 00:00:00,16552923967337
2020-03-24 00:00:00,16552923967337
2020-03-27 00:00:00,13912524048946
2020-03-30 00:00:00,13912524048946
2020-04-02 00:00:00,13912524048946
2020-04-05 00:00:00,13912524048946
2020-04-08 00:00:00,14397482597688.1
2020-04-11 00:00:00,14715214060657
2020-04-14 00:00:00,14715214060657
2020-04-17 00:00:00,14715214060657
2020-04-20 00:00:00,14715214060657
2020-04-23 00:00:00,15958652328578
2020-04-26 00:00:00,15958652328578
2020-04-29 00:00:00,15958652328578
2020-05-02 00:00:00,15958652328578
2020-05-05 00:00:00,16079831604277.9
2020-05-08 00:00:00,16104807485529
2020-05-11 00:00:00,16104807485529
2020-05-14 00:00:00,16104807485529
2020-05-17 00:00:00,16104807485529
2020-05-20 00:00:00,15213703057048.3
2020-05-23 00:00:00,15138043247083
2020-05-26 00:00:00,15138043247083
2020-05-29 00:00:00,15138043247083
2020-06-01 00:00:00,15138043247083
2020-06-04 00:00:00,14477089134396.8
2020-06-07 00:00:00,13732352106018
2020-06-10 00:00:00,13732352106018
2020-06-13 00:00:00,13732352106018
2020-06-16 00:00:00,14265974077877.3
2020-06-19 00:00:00,15784744305477
2020-06-22 00:00:00,15784744305477
2020-06-25 00:00:00,15784744305477
2020-06-28 00:00:00,15784744305477
2020-07-01 00:00:00,15784217546288
2020-07-04 00:00:00,15784217546288
2020-07-07 00:00:00,15784217546288
2020-07-10 00:00:00,15784217546288
2020-07-13 00:00:00,16570395220715.7
2020-07-16 00:00:00,17345948872516
2020-07-19 00:00:00,17345948872516
2020-07-22 00:00:00,17345948872516
2020-07-25 00:00:00,17345948872516
2020-07-28 00:00:00,16847561611550
2020-07-31 00:00:00,16847561611550
2020-08-03 00:00:00,16847561611550
2020-08-06 00:00:00,16847561611550
2020-08-09 00:00:00,16847561611550
2020-08-12 00:00:00,16947802333947
2020-08-15 00:00:00,16947802333947
2020-08-18 00:00:00,16947802333947
2020-08-21 00:00:00,16947802333947
2020-08-24 00:00:00,17340945336075.322
2020-08-27 00:00:00,17557993035167
2020-08-30 00:00:00,17557993035167
2020-09-02 00:00:00,17557993035167
2020-09-05 00:00:00,17557993035167
2020-09-08 00:00:00,17345997805929
2020-09-11 00:00:00,17345997805929
2020-09-14 00:00:00,17345997805929
2020-09-17 00:00:00,17345997805929
2020-09-20 00:00:00,19148290888758.86
2020-09-23 00:00:00,19314656404097
2020-09-26 00:00:00,19314656404097