Timestamp,estimated-transaction-volume-usd
2010-08-28 00:00:00,861.929599853
2010-08-30 00:00:00,944.537300028
2010-09-01 00:00:00,1010.300400006
2010-09-03 00:00:00,1513.3758
2010-09-05 00:00:00,1828.3764
2010-09-07 00:00:00,783.2022
2010-09-09 00:00:00,1023.925200006
2010-09-11 00:00:00,559.1766
2010-09-13 00:00:00,1688.811
2010-09-15 00:00:00,2492.3502
2010-09-17 00:00:00,4175.8764
2010-09-19 00:00:00,2135.7834
2010-09-21 00:00:00,989.0634
2010-09-23 00:00:00,4105.2816
2010-09-25 00:00:00,1421.9406
2010-09-27 00:00:00,1767.6606
2010-09-29 00:00:00,1472.1138
2010-10-01 00:00:00,2111.7904359882
2010-10-03 00:00:00,2186.6442
2010-10-05 00:00:00,6137.536800012
2010-10-07 00:00:00,5650.5246
2010-10-09 00:00:00,14729.4
2010-10-11 00:00:00,2945.2368
2010-10-13 00:00:00,3541.591
2010-10-15 00:00:00,4345.6589
2010-10-17 00:00:00,1243.605
2010-10-19 00:00:00,3621.433
2010-10-21 00:00:00,6071.105
2010-10-23 00:00:00,2386.8284
2010-10-25 00:00:00,7509.2994
2010-10-27 00:00:00,16422.7108
2010-10-29 00:00:00,10160.5464
2010-10-31 00:00:00,8933.9349
2010-11-02 00:00:00,4586.306
2010-11-04 00:00:00,33948.6606
2010-11-06 00:00:00,25863.5825
2010-11-08 00:00:00,195629.0635
2010-11-10 00:00:00,8828.336
2010-11-12 00:00:00,3352.9536
2010-11-14 00:00:00,9223.884
2010-11-16 00:00:00,8488.5948
2010-11-18 00:00:00,8287.3056
2010-11-20 00:00:00,12329.6376
2010-11-22 00:00:00,4107.0641
2010-11-24 00:00:00,7007.7021
2010-11-26 00:00:00,21817.138
2010-11-28 00:00:00,3426.962
2010-11-30 00:00:00,15045.9512
2010-12-02 00:00:00,8956.0068
2010-12-04 00:00:00,11597.4112614152
2010-12-06 00:00:00,15232.9082756668
2010-12-08 00:00:00,3899.9076
2010-12-10 00:00:00,2885.0878
2010-12-12 00:00:00,3622.086
2010-12-14 00:00:00,3396.48566366581
2010-12-16 00:00:00,4619.2975
2010-12-18 00:00:00,6476.2425
2010-12-20 00:00:00,7003.3680713048
2010-12-22 00:00:00,6122.8469817396
2010-12-24 00:00:00,2646.905
2010-12-26 00:00:00,2132.7725
2010-12-28 00:00:00,4167.2148711966
2010-12-30 00:00:00,7736.61
2011-01-01 00:00:00,3756.462
2011-01-03 00:00:00,7795.668
2011-01-05 00:00:00,5556.873
2011-01-07 00:00:00,6019.13819997
2011-01-09 00:00:00,4105.7903012256
2011-01-11 00:00:00,20325.5501291403
2011-01-13 00:00:00,20276.7353779932
2011-01-15 00:00:00,6301.2446137344
2011-01-17 00:00:00,11251.942615552
2011-01-19 00:00:00,13865.6361089902
2011-01-21 00:00:00,9615.6879657
2011-01-23 00:00:00,21588.5585
2011-01-25 00:00:00,10298.9287441744
2011-01-27 00:00:00,307395.0474
2011-01-29 00:00:00,7266.474
2011-01-31 00:00:00,21670.848
2011-02-02 00:00:00,55187.948
2011-02-04 00:00:00,23196.5994
2011-02-06 00:00:00,31946.1004716192
2011-02-08 00:00:00,18527.715
2011-02-10 00:00:00,34316.2877544102
2011-02-12 00:00:00,24978.4888
2011-02-14 00:00:00,53457.9156
2011-02-16 00:00:00,20771.3808
2011-02-18 00:00:00,45079.346010048
2011-02-20 00:00:00,44346.16951424
2011-02-22 00:00:00,28534.9592
2011-02-24 00:00:00,34667.770038528
2011-02-26 00:00:00,45425.8
2011-02-28 00:00:00,43059.0725280768
2011-03-02 00:00:00,163542.616968422
2011-03-04 00:00:00,41221.1453553542
2011-03-06 00:00:00,34653.6590440184
2011-03-08 00:00:00,54794.4247013618
2011-03-10 00:00:00,140411.301888
2011-03-12 00:00:00,67375.3193125335
2011-03-14 00:00:00,136059.169973991
2011-03-16 00:00:00,65572.091980992
2011-03-18 00:00:00,65170.673574
2011-03-20 00:00:00,40848.7307101824
2011-03-22 00:00:00,59666.927081052
2011-03-24 00:00:00,75721.6674177536
2011-03-26 00:00:00,112570.021186934
2011-03-28 00:00:00,57720.2313250089
2011-03-30 00:00:00,45450.24949392
2011-04-01 00:00:00,40891.555531016
2011-04-03 00:00:00,26880.709439992
2011-04-05 00:00:00,44486.5554210077
2011-04-07 00:00:00,48903.3846749925
2011-04-09 00:00:00,47869.133679
2011-04-11 00:00:00,40870.4866898688
2011-04-13 00:00:00,65569.8699556128
2011-04-15 00:00:00,53470.9932399706
2011-04-17 00:00:00,755347.565075
2011-04-19 00:00:00,2136033.33162563
2011-04-21 00:00:00,108090.690092508
2011-04-23 00:00:00,131344.208205288
2011-04-25 00:00:00,88128.1714538231
2011-04-27 00:00:00,170498.867833897
2011-04-29 00:00:00,559191.015360202
2011-05-01 00:00:00,290363.061957194
2011-05-03 00:00:00,374971.175413762
2011-05-05 00:00:00,304130.537701407
2011-05-07 00:00:00,343592.061632376
2011-05-09 00:00:00,277316.651125289
2011-05-11 00:00:00,576071.732143705
2011-05-13 00:00:00,2165446.02479371
2011-05-15 00:00:00,1875060.75015349
2011-05-17 00:00:00,623902.240374298
2011-05-19 00:00:00,443972.4565012
2011-05-21 00:00:00,2870608.93255572
2011-05-23 00:00:00,619627.048335705
2011-05-25 00:00:00,490468.580801272
2011-05-27 00:00:00,3150703.9478684
2011-05-29 00:00:00,534122.540549794
2011-05-31 00:00:00,664318.815737923
2011-06-02 00:00:00,874657.808407553
2011-06-04 00:00:00,1294393.03564407
2011-06-06 00:00:00,1991827.5993856
2011-06-08 00:00:00,4425441.50301674
2011-06-10 00:00:00,4228078.69222764
2011-06-12 00:00:00,18153841.748203
2011-06-14 00:00:00,6455876.33391818
2011-06-16 00:00:00,3409788.05959035
2011-06-18 00:00:00,1601727.55788995
2011-06-20 00:00:00,1618541.93204128
2011-06-22 00:00:00,1460721.5735665
2011-06-24 00:00:00,1477353.33749956
2011-06-26 00:00:00,1366154.62870368
2011-06-28 00:00:00,1976506.9173533
2011-06-30 00:00:00,1624680.15933342
2011-07-02 00:00:00,1494932.73511047
2011-07-04 00:00:00,1221812.25238647
2011-07-06 00:00:00,1160180.08797143
2011-07-08 00:00:00,820606.124700516
2011-07-10 00:00:00,932825.84226697
2011-07-12 00:00:00,819879.48524485
2011-07-14 00:00:00,747156.017040433
2011-07-16 00:00:00,643472.845445355
2011-07-18 00:00:00,2794117.77402732
2011-07-20 00:00:00,794041.150657596
2011-07-22 00:00:00,917648.66373393
2011-07-24 00:00:00,650251.67229485
2011-07-26 00:00:00,940064.977532378
2011-07-28 00:00:00,1506883.27900808
2011-07-30 00:00:00,673707.231122994
2011-08-01 00:00:00,1275098.10017564
2011-08-03 00:00:00,1257398.02275948
2011-08-05 00:00:00,1332652.9188727
2011-08-07 00:00:00,1082531.72748791
2011-08-09 00:00:00,683817.064307488
2011-08-11 00:00:00,643738.345246823
2011-08-27 00:00:00,11243506.2040723
2011-08-29 00:00:00,460437.666427141
2011-08-31 00:00:00,469359.782158526
2011-09-02 00:00:00,470740.501938584
2011-09-04 00:00:00,642336.484351838
2011-09-06 00:00:00,672957.432444304
2011-09-08 00:00:00,487106.689110592
2011-09-10 00:00:00,413447.325286955
2011-09-12 00:00:00,659128.735268019
2011-09-14 00:00:00,461287.989829988
2011-09-16 00:00:00,461448.441117702
2011-09-18 00:00:00,293308.951666173
2011-09-20 00:00:00,509530.093605519
2011-09-22 00:00:00,460343.188085137
2011-09-24 00:00:00,337880.218153272
2011-09-26 00:00:00,338462.891663134
2011-09-28 00:00:00,310309.458138945
2011-09-30 00:00:00,302636.757167051
2011-10-02 00:00:00,267766.312444207
2011-10-04 00:00:00,396881.127812391
2011-10-06 00:00:00,719178.1770117
2011-10-08 00:00:00,323812.405924202
2011-10-10 00:00:00,280818.459594194
2011-10-12 00:00:00,289729.916742614
2011-10-14 00:00:00,387212.044081071
2011-10-16 00:00:00,262120.015882619
2011-10-18 00:00:00,316508.233112804
2011-10-20 00:00:00,252299.326538468
2011-10-22 00:00:00,293124.943439042
2011-10-24 00:00:00,408246.365240596
2011-10-26 00:00:00,364225.9405602
2011-10-28 00:00:00,409362.198198977
2011-10-30 00:00:00,218674.813371046
2011-11-01 00:00:00,364502.895724076
2011-11-03 00:00:00,382635.955242567
2011-11-05 00:00:00,314611.380298243
2011-11-07 00:00:00,227183.787158691
2011-11-09 00:00:00,906998.193823093
2011-11-11 00:00:00,366520.23470334
2011-11-13 00:00:00,212630.261097518
2011-11-15 00:00:00,466487.804319984
2011-11-17 00:00:00,8011693.71772681
2011-11-19 00:00:00,6700983.97838719
2011-11-21 00:00:00,11550958.9906883
2011-11-23 00:00:00,2756718.67321403
2011-11-25 00:00:00,469794.929392377
2011-11-27 00:00:00,2759258.77454982
2011-11-29 00:00:00,7939371.76108426
2011-12-01 00:00:00,5014326.41686034
2011-12-03 00:00:00,11571331.9549878
2011-12-05 00:00:00,8409840.66115524
2011-12-07 00:00:00,17625150.6143183
2011-12-09 00:00:00,2782000.20281972
2011-12-11 00:00:00,943117.497473611
2011-12-13 00:00:00,480389.926553682
2011-12-15 00:00:00,494798.540293355
2011-12-17 00:00:00,469359.984071991
2011-12-19 00:00:00,582248.419855939
2011-12-21 00:00:00,808890.94271991
2011-12-23 00:00:00,448283.796461561
2011-12-25 00:00:00,337841.067873954
2011-12-27 00:00:00,403104.173694993
2011-12-29 00:00:00,572718.565504192
2011-12-31 00:00:00,384181.599691138
2012-01-02 00:00:00,750882.954566502
2012-01-04 00:00:00,749546.240210008
2012-01-06 00:00:00,1155595.18982879
2012-01-08 00:00:00,793834.343762752
2012-01-10 00:00:00,873346.299114045
2012-01-12 00:00:00,930071.668495901
2012-01-14 00:00:00,931220.051016199
2012-01-16 00:00:00,1155826.01149403
2012-01-18 00:00:00,882686.322529924
2012-01-20 00:00:00,815380.861875807
2012-01-22 00:00:00,466919.08515857
2012-01-24 00:00:00,1083628.089298
2012-01-26 00:00:00,977920.914682665
2012-01-28 00:00:00,638920.961055081
2012-01-30 00:00:00,519850.638908687
2012-02-01 00:00:00,937948.18716031
2012-02-03 00:00:00,844182.256734416
2012-02-05 00:00:00,712632.793326838
2012-02-07 00:00:00,671519.478356299
2012-02-09 00:00:00,525363.000730939
2012-02-11 00:00:00,890076.433954039
2012-02-13 00:00:00,1249668.8685039
2012-02-15 00:00:00,2530999.66385552
2012-02-17 00:00:00,892942.321258268
2012-02-19 00:00:00,415301.154086855
2012-02-21 00:00:00,584084.917376865
2012-02-23 00:00:00,669857.728119003
2012-02-25 00:00:00,871111.254412448
2012-02-27 00:00:00,609935.817464499
2012-02-29 00:00:00,595104.641079619
2012-03-02 00:00:00,1051236.3878789
2012-03-04 00:00:00,446400.491682323
2012-03-06 00:00:00,679332.295986019
2012-03-08 00:00:00,632341.440017053
2012-03-10 00:00:00,470192.94700191
2012-03-12 00:00:00,609927.412286286
2012-03-14 00:00:00,950931.809700197
2012-03-16 00:00:00,814140.252390682
2012-03-18 00:00:00,529828.681013244
2012-03-20 00:00:00,873378.858160288
2012-03-22 00:00:00,736604.536396074
2012-03-24 00:00:00,524181.999744316
2012-03-26 00:00:00,742634.221157357
2012-03-28 00:00:00,714431.027174953
2012-03-30 00:00:00,676790.752434445
2012-04-01 00:00:00,482191.024836737
2012-04-03 00:00:00,822665.200328098
2012-04-05 00:00:00,669644.455746416
2012-04-07 00:00:00,568101.433824496
2012-04-09 00:00:00,1740391.61965584
2012-04-11 00:00:00,962066.527496613
2012-04-13 00:00:00,1040506.04099636
2012-04-15 00:00:00,502712.117054138
2012-04-17 00:00:00,890218.107085534
2012-04-19 00:00:00,1238943.27614805
2012-04-21 00:00:00,1064328.23087649
2012-04-23 00:00:00,727326.530829254
2012-04-25 00:00:00,1057405.46403475
2012-04-27 00:00:00,868905.013322784
2012-04-29 00:00:00,856573.685652331
2012-05-01 00:00:00,904540.7570389
2012-05-03 00:00:00,858768.393890214
2012-05-05 00:00:00,795303.970317107
2012-05-07 00:00:00,1159371.66537322
2012-05-09 00:00:00,1441439.52890807
2012-05-11 00:00:00,1386243.60470554
2012-05-13 00:00:00,677932.88251935
2012-05-15 00:00:00,1296107.01251562
2012-05-17 00:00:00,1153418.84094082
2012-05-19 00:00:00,1012393.1227444
2012-05-21 00:00:00,1291879.29643989
2012-05-23 00:00:00,1245349.21130298
2012-05-25 00:00:00,1060558.50766798
2012-05-27 00:00:00,1113589.66758529
2012-05-29 00:00:00,1290488.76519048
2012-05-31 00:00:00,2723269.22981963
2012-06-02 00:00:00,918787.816699308
2012-06-04 00:00:00,1818155.42660163
2012-06-06 00:00:00,1264208.79878904
2012-06-08 00:00:00,1442372.15249667
2012-06-10 00:00:00,1130117.16611393
2012-06-12 00:00:00,1550226.85745057
2012-06-14 00:00:00,1373122.5324064
2012-06-16 00:00:00,1711206.54740467
2012-06-18 00:00:00,1571388.44601904
2012-06-20 00:00:00,2099456.75684594
2012-06-22 00:00:00,1856524.95892051
2012-06-24 00:00:00,1897711.77738052
2012-06-26 00:00:00,2416260.76873621
2012-06-28 00:00:00,1541720.63224732
2012-06-30 00:00:00,720209.960407028
2012-07-02 00:00:00,1818012.11238643
2012-07-04 00:00:00,1676844.55661538
2012-07-06 00:00:00,1415221.70651341
2012-07-08 00:00:00,1017366.12818041
2012-07-10 00:00:00,2096129.59770286
2012-07-12 00:00:00,2460830.00946394
2012-07-14 00:00:00,2195416.32252747
2012-07-16 00:00:00,2442244.08488635
2012-07-18 00:00:00,3000925.43114379
2012-07-20 00:00:00,2682261.31822111
2012-07-22 00:00:00,1929971.61790449
2012-07-24 00:00:00,2325958.88772519
2012-07-26 00:00:00,2482655.25196392
2012-07-28 00:00:00,1533572.11507183
2012-07-30 00:00:00,2586588.19812753
2012-08-01 00:00:00,3048987.68331347
2012-08-03 00:00:00,3106550.06685142
2012-08-05 00:00:00,2217500.70120407
2012-08-07 00:00:00,2744918.61819045
2012-08-09 00:00:00,3506490.97885516
2012-08-11 00:00:00,2055264.37329574
2012-08-13 00:00:00,3422235.08420338
2012-08-15 00:00:00,3166957.58207304
2012-08-17 00:00:00,4641978.84648256
2012-08-19 00:00:00,13229698.7764277
2012-08-21 00:00:00,4414661.09253345
2012-08-23 00:00:00,3824176.38409345
2012-08-25 00:00:00,2340296.84026876
2012-08-27 00:00:00,4337930.33987476
2012-08-29 00:00:00,3245940.1077389
2012-08-31 00:00:00,5311728.57556571
2012-09-02 00:00:00,2034950.77354509
2012-09-04 00:00:00,3463332.64603999
2012-09-06 00:00:00,3528845.29326258
2012-09-08 00:00:00,2932258.38572519
2012-09-10 00:00:00,5888940.16462701
2012-09-12 00:00:00,3763888.14575047
2012-09-14 00:00:00,3268513.75150849
2012-09-16 00:00:00,4062643.1225367
2012-09-18 00:00:00,3800480.68837892
2012-09-20 00:00:00,4754769.34029782
2012-09-22 00:00:00,2955430.00958449
2012-09-24 00:00:00,4533834.31562086
2012-09-26 00:00:00,3332107.81729653
2012-09-28 00:00:00,4385603.57109052
2012-09-30 00:00:00,3084757.70186329
2012-10-02 00:00:00,4956439.90753772
2012-10-04 00:00:00,3998190.25686855
2012-10-06 00:00:00,2317835.17448837
2012-10-08 00:00:00,4124002.54007453
2012-10-10 00:00:00,2946162.48675345
2012-10-12 00:00:00,3083356.53680376
2012-10-14 00:00:00,2203226.87961337
2012-10-16 00:00:00,4263766.67266375
2012-10-18 00:00:00,3388915.94272883
2012-10-20 00:00:00,4202322.91184087
2012-10-22 00:00:00,3378166.81566594
2012-10-24 00:00:00,4182431.05253092
2012-10-26 00:00:00,6249068.6365548
2012-10-28 00:00:00,1962502.24977416
2012-10-30 00:00:00,5497632.31480953
2012-11-01 00:00:00,3834459.55526331
2012-11-03 00:00:00,2316678.40036497
2012-11-05 00:00:00,3092646.6176246
2012-11-07 00:00:00,3607722.83404031
2012-11-09 00:00:00,2797683.43880034
2012-11-11 00:00:00,1734088.43699466
2012-11-13 00:00:00,2287721.16266646
2012-11-15 00:00:00,3201556.9344267
2012-11-17 00:00:00,3252624.59880557
2012-11-19 00:00:00,3826454.62563642
2012-11-21 00:00:00,2998606.71675148
2012-11-23 00:00:00,2455812.90745843
2012-11-25 00:00:00,2406579.67041912
2012-11-27 00:00:00,3986116.6812719
2012-11-29 00:00:00,3280644.80071522
2012-12-01 00:00:00,3563583.26655276
2012-12-03 00:00:00,3894338.10619517
2012-12-05 00:00:00,4461527.1576959
2012-12-07 00:00:00,4037863.60216612
2012-12-09 00:00:00,3160161.49169942
2012-12-11 00:00:00,4962399.59001582
2012-12-13 00:00:00,6002929.23284197
2012-12-15 00:00:00,2388310.78030177
2012-12-17 00:00:00,3403130.02279033
2012-12-19 00:00:00,3528723.71772111
2012-12-21 00:00:00,3508457.11540664
2012-12-23 00:00:00,2115116.6702367
2012-12-25 00:00:00,2173569.31511714
2012-12-27 00:00:00,3042886.89960756
2012-12-29 00:00:00,2905456.82478324
2012-12-31 00:00:00,3964003.58161196
2013-01-02 00:00:00,4504120.84490845
2013-01-04 00:00:00,4183737.86509981
2013-01-06 00:00:00,2315982.53868078
2013-01-08 00:00:00,4470162.75427932
2013-01-10 00:00:00,4005278.27131982
2013-01-12 00:00:00,2846136.54555073
2013-01-14 00:00:00,3163708.91280737
2013-01-16 00:00:00,4533463.48090826
2013-01-18 00:00:00,4660661.61950887
2013-01-20 00:00:00,3097011.21157799
2013-01-22 00:00:00,6762169.56529049
2013-01-24 00:00:00,8413903.55155175
2013-01-26 00:00:00,5414990.70137974
2013-01-28 00:00:00,7710023.53333102
2013-01-30 00:00:00,9874531.07071414
2013-02-01 00:00:00,10139244.7053012
2013-02-03 00:00:00,5793496.25807252
2013-02-05 00:00:00,8387390.40222591
2013-02-07 00:00:00,7071220.35573576
2013-02-09 00:00:00,5865202.84883505
2013-02-11 00:00:00,5943730.66520427
2013-02-13 00:00:00,8044500.238714
2013-02-15 00:00:00,8592939.38002208
2013-02-17 00:00:00,7717316.98789063
2013-02-19 00:00:00,8199600.19621238
2013-02-21 00:00:00,8578368.87714701
2013-02-23 00:00:00,9807361.09083474
2013-02-25 00:00:00,11846604.9969196
2013-02-27 00:00:00,8976214.84832343
2013-03-01 00:00:00,9654317.54954813
2013-03-03 00:00:00,5271173.97663914
2013-03-05 00:00:00,11927470.1242744
2013-03-07 00:00:00,16399668.3375806
2013-03-09 00:00:00,8915134.07733344
2013-03-11 00:00:00,10672432.3266598
2013-03-13 00:00:00,14174861.0679281
2013-03-15 00:00:00,12840375.2898832
2013-03-17 00:00:00,7725178.08314769
2013-03-19 00:00:00,18743437.9065889
2013-03-21 00:00:00,25495028.9112789
2013-03-23 00:00:00,17212923.9047035
2013-03-25 00:00:00,24754704.5957745
2013-03-27 00:00:00,22437948.4228465
2013-03-29 00:00:00,27287140.4260621
2013-03-31 00:00:00,14592672.3451428
2013-04-02 00:00:00,42571232.9375923
2013-04-04 00:00:00,39009663.9036864
2013-04-06 00:00:00,28360358.2623383
2013-04-08 00:00:00,59180982.5247459
2013-04-10 00:00:00,138536986.03223
2013-04-12 00:00:00,57698469.5685943
2013-04-14 00:00:00,20480491.368634
2013-04-16 00:00:00,36897674.7879628
2013-04-18 00:00:00,23973587.3786254
2013-04-20 00:00:00,21863000.5883844
2013-04-22 00:00:00,20874218.5591197
2013-04-24 00:00:00,40114557.7673234
2013-04-26 00:00:00,34790679.9062679
2013-04-28 00:00:00,17955087.5594446
2013-04-30 00:00:00,33042882.9751215
2013-05-02 00:00:00,38699867.3124948
2013-05-04 00:00:00,18759073.1537338
2013-05-06 00:00:00,36472732.2521527
2013-05-08 00:00:00,38427301.4926658
2013-05-10 00:00:00,25122024.5341666
2013-05-12 00:00:00,34487421.9462143
2013-05-14 00:00:00,31242269.8235133
2013-05-16 00:00:00,26500939.869221
2013-05-18 00:00:00,23212536.7956297
2013-05-20 00:00:00,17553401.6624191
2013-05-22 00:00:00,19881349.3258152
2013-05-24 00:00:00,29787153.3541515
2013-05-26 00:00:00,10298726.7387718
2013-05-28 00:00:00,26008344.7000929
2013-05-30 00:00:00,28801875.2229066
2013-06-01 00:00:00,14773291.6148879
2013-06-03 00:00:00,34314504.4791956
2013-06-05 00:00:00,22266326.057459
2013-06-07 00:00:00,27631739.5874207
2013-06-09 00:00:00,28246005.5408642
2013-06-11 00:00:00,18306244.0938679
2013-06-13 00:00:00,18005988.1708024
2013-06-15 00:00:00,12809019.4247898
2013-06-17 00:00:00,15166943.187686
2013-06-19 00:00:00,15169424.7824086
2013-06-21 00:00:00,22223940.1986307
2013-06-23 00:00:00,13794566.9938965
2013-06-25 00:00:00,16211830.593194
2013-06-27 00:00:00,15700972.1653262
2013-06-29 00:00:00,12221304.2936834
2013-07-01 00:00:00,28614923.46865
2013-07-03 00:00:00,27872927.9470423
2013-07-05 00:00:00,27315081.3263335
2013-07-07 00:00:00,11116344.2886436
2013-07-09 00:00:00,29408339.5856637
2013-07-11 00:00:00,24174838.6762392
2013-07-13 00:00:00,28714852.1271354
2013-07-15 00:00:00,16719767.81624
2013-07-17 00:00:00,38028076.6575052
2013-07-19 00:00:00,17127338.1221971
2013-07-21 00:00:00,14537429.8666669
2013-07-23 00:00:00,30784945.2939768
2013-07-25 00:00:00,19284298.4356789
2013-07-27 00:00:00,12125392.5837381
2013-07-29 00:00:00,19512270.0670555
2013-07-31 00:00:00,27060972.5165471
2013-08-02 00:00:00,20028291.0290872
2013-08-04 00:00:00,15038161.562721
2013-08-06 00:00:00,16981470.3252809
2013-08-08 00:00:00,19763768.0031229
2013-08-10 00:00:00,14149289.9474074
2013-08-12 00:00:00,28236353.056232
2013-08-14 00:00:00,26932215.90962
2013-08-16 00:00:00,15509101.4340578
2013-08-18 00:00:00,10721386.2019669
2013-08-20 00:00:00,28188708.5650711
2013-08-22 00:00:00,20242259.4913602
2013-08-24 00:00:00,15468037.8705154
2013-08-26 00:00:00,20764666.3627704
2013-08-28 00:00:00,25946328.0460141
2013-08-30 00:00:00,23506130.6962164
2013-09-01 00:00:00,19979295.030136
2013-09-03 00:00:00,29670308.8240407
2013-09-05 00:00:00,22083379.9187372
2013-09-07 00:00:00,13258661.1955041
2013-09-09 00:00:00,20087127.6668744
2013-09-11 00:00:00,17820363.9231004
2013-09-13 00:00:00,17861321.1127965
2013-09-15 00:00:00,12519071.7321368
2013-09-17 00:00:00,18133674.4940227
2013-09-19 00:00:00,30928857.3373019
2013-09-21 00:00:00,14110021.1553286
2013-09-23 00:00:00,24401455.3131644
2013-09-25 00:00:00,26276165.7878833
2013-09-27 00:00:00,22410727.7485481
2013-09-29 00:00:00,19689250.4997186
2013-10-01 00:00:00,39488055.1697284
2013-10-03 00:00:00,26481139.3258903
2013-10-05 00:00:00,12921875.1379943
2013-10-07 00:00:00,25523267.7756868
2013-10-09 00:00:00,24302906.4543904
2013-10-11 00:00:00,23299405.7916284
2013-10-13 00:00:00,20819731.6033765
2013-10-15 00:00:00,29174820.6788081
2013-10-17 00:00:00,22083451.1789445
2013-10-19 00:00:00,35631204.0598879
2013-10-21 00:00:00,45130742.7082148
2013-10-23 00:00:00,53699329.5302553
2013-10-25 00:00:00,74562499.0692514
2013-10-27 00:00:00,21552615.6291624
2013-10-29 00:00:00,60137292.9645488
2013-10-31 00:00:00,33743432.9669603
2013-11-02 00:00:00,25419216.7242549
2013-11-04 00:00:00,64993095.2611769
2013-11-06 00:00:00,57841201.7507821
2013-11-08 00:00:00,84025575.9696857
2013-11-10 00:00:00,79606006.9184589
2013-11-12 00:00:00,84782569.9762676
2013-11-14 00:00:00,117753152.075774
2013-11-16 00:00:00,87621546.6423779
2013-11-18 00:00:00,174959547.688412
2013-11-20 00:00:00,204343026.245646
2013-11-22 00:00:00,473974150.5189
2013-11-24 00:00:00,188036653.918377
2013-11-26 00:00:00,268593695.247549
2013-11-28 00:00:00,363208192.725236
2013-11-30 00:00:00,227163323.710809
2013-12-02 00:00:00,195704480.995743
2013-12-04 00:00:00,212523661.790626
2013-12-06 00:00:00,284439322.070076
2013-12-08 00:00:00,126259468.946489
2013-12-10 00:00:00,163670534.090082
2013-12-12 00:00:00,98421124.8598265
2013-12-14 00:00:00,114310827.109628
2013-12-16 00:00:00,444771086.313207
2013-12-18 00:00:00,282451158.275927
2013-12-20 00:00:00,131545222.971395
2013-12-22 00:00:00,109257241.791325
2013-12-24 00:00:00,205460463.078606
2013-12-26 00:00:00,77865792.0431651
2013-12-28 00:00:00,61648322.9332488
2013-12-30 00:00:00,85541698.733302
2014-01-01 00:00:00,77843370.5315533
2014-01-03 00:00:00,161918907.2181
2014-01-05 00:00:00,172738310.788549
2014-01-07 00:00:00,113180961.721257
2014-01-09 00:00:00,77416828.644143
2014-01-11 00:00:00,100195801.737364
2014-01-13 00:00:00,87836526.4582934
2014-01-15 00:00:00,90836024.3704027
2014-01-17 00:00:00,72701457.820322
2014-01-19 00:00:00,62633068.1850743
2014-01-21 00:00:00,117102944.208453
2014-01-23 00:00:00,98429094.9792447
2014-01-25 00:00:00,76248366.9805972
2014-01-27 00:00:00,139043513.280938
2014-01-29 00:00:00,58745577.869114
2014-01-31 00:00:00,53462122.80908
2014-02-02 00:00:00,53548081.5757005
2014-02-04 00:00:00,103917131.554998
2014-02-06 00:00:00,123566292.9055
2014-02-08 00:00:00,67458967.2144641
2014-02-10 00:00:00,107985243.608879
2014-02-12 00:00:00,76056022.3984603
2014-02-14 00:00:00,81723859.7732956
2014-02-16 00:00:00,81237156.26263
2014-02-18 00:00:00,84604203.2056155
2014-02-20 00:00:00,78380391.3078293
2014-02-22 00:00:00,57450119.8717939
2014-02-24 00:00:00,114706955.92791
2014-02-26 00:00:00,106069425.840302
2014-02-28 00:00:00,100891450.507951
2014-03-02 00:00:00,42955717.8574496
2014-03-04 00:00:00,152170067.286322
2014-03-06 00:00:00,86461456.6820601
2014-03-08 00:00:00,345963138.058556
2014-03-10 00:00:00,265483539.986384
2014-03-12 00:00:00,244569233.387387
2014-03-14 00:00:00,137511408.998692
2014-03-16 00:00:00,39898499.686228
2014-03-18 00:00:00,65174551.6809735
2014-03-20 00:00:00,83446409.2656096
2014-03-22 00:00:00,44627747.974729
2014-03-24 00:00:00,60197195.4604816
2014-03-26 00:00:00,65458438.6748645
2014-03-28 00:00:00,91049787.679323
2014-03-30 00:00:00,52643399.4735775
2014-04-01 00:00:00,59911894.1493033
2014-04-03 00:00:00,73522086.5800406
2014-04-05 00:00:00,63135739.3028964
2014-04-07 00:00:00,42954792.9910867
2014-04-09 00:00:00,71856258.6977218
2014-04-11 00:00:00,70033319.3285708
2014-04-13 00:00:00,28806339.818512
2014-04-15 00:00:00,67377948.6612055
2014-04-17 00:00:00,68331434.5976434
2014-04-19 00:00:00,31411123.7576183
2014-04-21 00:00:00,80798547.8439523
2014-04-23 00:00:00,70905664.8595681
2014-04-25 00:00:00,75577342.2532206
2014-04-27 00:00:00,37055569.2245566
2014-04-29 00:00:00,60780936.9861265
2014-05-01 00:00:00,42193768.1478652
2014-05-03 00:00:00,28797242.895007
2014-05-05 00:00:00,35339125.3497538
2014-05-07 00:00:00,56580092.3253076
2014-05-09 00:00:00,36974863.9856775
2014-05-11 00:00:00,26386529.480672
2014-05-13 00:00:00,37797226.239645
2014-05-15 00:00:00,47037640.5694627
2014-05-17 00:00:00,25006216.0727361
2014-05-19 00:00:00,57202469.5138821
2014-05-21 00:00:00,51208384.1343616
2014-05-23 00:00:00,73534768.8409876
2014-05-25 00:00:00,83279403.1002615
2014-05-27 00:00:00,104251120.879531
2014-05-29 00:00:00,47106045.4374686
2014-05-31 00:00:00,52258939.9438368
2014-06-02 00:00:00,76403224.3867338
2014-06-04 00:00:00,78766326.9733077
2014-06-06 00:00:00,69799063.6904577
2014-06-08 00:00:00,39217473.1187264
2014-06-10 00:00:00,108092776.376803
2014-06-12 00:00:00,532526895.661207
2014-06-14 00:00:00,53112540.8886736
2014-06-16 00:00:00,62982278.180436
2014-06-18 00:00:00,56348819.6524198
2014-06-20 00:00:00,47161955.5406119
2014-06-22 00:00:00,35527766.1432133
2014-06-24 00:00:00,116200207.021199
2014-06-26 00:00:00,64273603.162016
2014-06-28 00:00:00,36665604.3648494
2014-06-30 00:00:00,63072137.3695402
2014-07-02 00:00:00,72805612.1191667
2014-07-04 00:00:00,46501912.397888
2014-07-06 00:00:00,28064142.0042123
2014-07-08 00:00:00,46589854.7315617
2014-07-10 00:00:00,62297355.6355444
2014-07-12 00:00:00,37475896.1721359
2014-07-14 00:00:00,45714175.1371882
2014-07-16 00:00:00,70244051.5135347
2014-07-18 00:00:00,57037211.6988071
2014-07-20 00:00:00,27759630.2219082
2014-07-22 00:00:00,55386365.9309468
2014-07-24 00:00:00,74748503.5239329
2014-07-26 00:00:00,32689225.0875761
2014-07-28 00:00:00,56122676.7735054
2014-07-30 00:00:00,60703524.2752692
2014-08-01 00:00:00,109595405.172348
2014-08-03 00:00:00,32919831.8134589
2014-08-05 00:00:00,98340840.416348
2014-08-07 00:00:00,56835947.5769342
2014-08-09 00:00:00,59808828.947551
2014-08-11 00:00:00,57307734.4788175
2014-08-13 00:00:00,78272186.0128435
2014-08-15 00:00:00,76202505.7923246
2014-08-17 00:00:00,55693291.7949953
2014-08-19 00:00:00,59354731.2110874
2014-08-21 00:00:00,84522107.4358712
2014-08-23 00:00:00,46880152.9829715
2014-08-25 00:00:00,87205170.9662292
2014-08-27 00:00:00,67757832.9475523
2014-08-29 00:00:00,141580982.639713
2014-08-31 00:00:00,37719819.1746288
2014-09-02 00:00:00,64277641.9777757
2014-09-04 00:00:00,51753676.3961794
2014-09-06 00:00:00,46143987.7896671
2014-09-08 00:00:00,54168659.4099172
2014-09-10 00:00:00,59323097.82931
2014-09-12 00:00:00,55343450.8740908
2014-09-14 00:00:00,40822618.8586127
2014-09-16 00:00:00,51289164.882426
2014-09-18 00:00:00,79518077.7129433
2014-09-20 00:00:00,69769067.6690657
2014-09-22 00:00:00,42521638.2295555
2014-09-24 00:00:00,54363322.6822921
2014-09-26 00:00:00,49136203.6570863
2014-09-28 00:00:00,42864453.6617335
2014-09-30 00:00:00,60996714.1349293
2014-10-02 00:00:00,48748431.4820063
2014-10-04 00:00:00,66535066.0645811
2014-10-06 00:00:00,80988142.7512992
2014-10-08 00:00:00,69005745.9237773
2014-10-10 00:00:00,85379578.5812858
2014-10-12 00:00:00,43223248.0300556
2014-10-14 00:00:00,90819557.1455253
2014-10-16 00:00:00,55565662.9343826
2014-10-18 00:00:00,42042079.7634936
2014-10-20 00:00:00,52822876.420655
2014-10-22 00:00:00,82100571.104676
2014-10-24 00:00:00,61860909.7287385
2014-10-26 00:00:00,34138342.1590539
2014-10-28 00:00:00,47550919.6628534
2014-10-30 00:00:00,52549546.4314078
2014-11-01 00:00:00,38414713.894721
2014-11-03 00:00:00,46924521.2075091
2014-11-05 00:00:00,63901543.1404608
2014-11-07 00:00:00,67166981.0008896
2014-11-09 00:00:00,39746892.9628536
2014-11-11 00:00:00,58136242.7394343
2014-11-13 00:00:00,164550489.878801
2014-11-15 00:00:00,77011460.0193939
2014-11-17 00:00:00,74590283.6631271
2014-11-19 00:00:00,56520679.0931627
2014-11-21 00:00:00,54173594.573146
2014-11-23 00:00:00,36971350.4379036
2014-11-25 00:00:00,80180430.8946677
2014-11-27 00:00:00,47465760.0776664
2014-11-29 00:00:00,61067058.2500057
2014-12-01 00:00:00,69114701.3825262
2014-12-03 00:00:00,76275728.4464497
2014-12-05 00:00:00,85671833.1399058
2014-12-07 00:00:00,50400640.1772463
2014-12-09 00:00:00,97051955.7149596
2014-12-11 00:00:00,69845107.6577649
2014-12-13 00:00:00,54345483.0214937
2014-12-15 00:00:00,70222135.8609452
2014-12-17 00:00:00,89208962.5588115
2014-12-19 00:00:00,62811446.476205
2014-12-21 00:00:00,40221873.7415682
2014-12-23 00:00:00,72960033.3624763
2014-12-25 00:00:00,37320916.477945
2014-12-27 00:00:00,46269430.364485
2014-12-29 00:00:00,60452048.4597012
2014-12-31 00:00:00,55697823.5697453
2015-01-02 00:00:00,41275152.0276008
2015-01-04 00:00:00,82599914.8311755
2015-01-06 00:00:00,80774786.2919001
2015-01-08 00:00:00,99039166.1672055
2015-01-10 00:00:00,62141881.0615877
2015-01-12 00:00:00,56737334.7097411
2015-01-14 00:00:00,119722807.619213
2015-01-16 00:00:00,64405414.9775227
2015-01-18 00:00:00,36349253.1360839
2015-01-20 00:00:00,45920050.1159413
2015-01-22 00:00:00,57033004.0398194
2015-01-24 00:00:00,44650098.6455622
2015-01-26 00:00:00,115827857.38634
2015-01-28 00:00:00,53573518.6290227
2015-01-30 00:00:00,57632534.9175185
2015-02-01 00:00:00,33077366.8544228
2015-02-03 00:00:00,58193116.9813675
2015-02-05 00:00:00,56217016.055574
2015-02-07 00:00:00,36841070.2058373
2015-02-09 00:00:00,53763525.4270375
2015-02-11 00:00:00,45535581.4117355
2015-02-13 00:00:00,55861344.6781028
2015-02-15 00:00:00,50230292.3814113
2015-02-17 00:00:00,44152334.6637976
2015-02-19 00:00:00,43355706.2179078
2015-02-21 00:00:00,32303017.1761253
2015-02-23 00:00:00,43288568.217363
2015-02-25 00:00:00,54038819.155546
2015-02-27 00:00:00,60598285.2499676
2015-03-01 00:00:00,36199403.1268516
2015-03-03 00:00:00,86724788.9349357
2015-03-05 00:00:00,74241116.4657091
2015-03-07 00:00:00,68923764.7515625
2015-03-09 00:00:00,82520729.0791923
2015-03-11 00:00:00,67024014.9907756
2015-03-13 00:00:00,59802106.9269077
2015-03-15 00:00:00,29694612.5380101
2015-03-17 00:00:00,48642260.4287176
2015-03-19 00:00:00,62846023.6401663
2015-03-21 00:00:00,38446326.44005
2015-03-23 00:00:00,63698966.1552642
2015-03-25 00:00:00,57231034.1827487
2015-03-27 00:00:00,56590863.3109001
2015-03-29 00:00:00,33536345.7281192
2015-03-31 00:00:00,50604196.9059626
2015-04-02 00:00:00,51404371.417707
2015-04-04 00:00:00,27164527.1447925
2015-04-06 00:00:00,39917547.2030759
2015-04-08 00:00:00,65255875.116232
2015-04-10 00:00:00,58927562.6858182
2015-04-12 00:00:00,25799044.9106307
2015-04-14 00:00:00,54738566.4548393
2015-04-16 00:00:00,37994037.9122224
2015-04-18 00:00:00,35462749.626514
2015-04-20 00:00:00,51071297.1960797
2015-04-22 00:00:00,47258703.9200761
2015-04-24 00:00:00,46963462.4005659
2015-04-26 00:00:00,39363509.9818883
2015-04-28 00:00:00,53655902.7094265
2015-04-30 00:00:00,52747889.6751317
2015-05-02 00:00:00,27990750.991386
2015-05-04 00:00:00,50759298.1786594
2015-05-06 00:00:00,52255742.7906704
2015-05-08 00:00:00,52228898.429844
2015-05-10 00:00:00,31600926.2116253
2015-05-12 00:00:00,51885037.4865006
2015-05-14 00:00:00,49594196.6571152
2015-05-16 00:00:00,29553196.5719731
2015-05-18 00:00:00,45892645.0747645
2015-05-20 00:00:00,48654632.560187
2015-05-22 00:00:00,64762785.3179089
2015-05-24 00:00:00,28578351.3492117
2015-05-26 00:00:00,50457631.3749041
2015-05-28 00:00:00,45725449.4432467
2015-05-30 00:00:00,44900328.1318046
2015-06-01 00:00:00,66947696.4841927
2015-06-03 00:00:00,56476289.8654473
2015-06-05 00:00:00,53499853.6065241
2015-06-07 00:00:00,35227318.9450401
2015-06-09 00:00:00,53661538.5586048
2015-06-11 00:00:00,57681283.8927474
2015-06-13 00:00:00,46035428.6446117
2015-06-15 00:00:00,62701864.9621791
2015-06-17 00:00:00,102860756.081282
2015-06-19 00:00:00,119674984.776515
2015-06-21 00:00:00,37066509.1952775
2015-06-23 00:00:00,55553592.9468954
2015-06-25 00:00:00,53328915.3851991
2015-06-27 00:00:00,42521539.4737508
2015-06-29 00:00:00,70403431.6460673
2015-07-01 00:00:00,65896769.8642654
2015-07-03 00:00:00,63706885.8204479
2015-07-05 00:00:00,84265970.246596
2015-07-07 00:00:00,94986257.2284984
2015-07-09 00:00:00,68666224.1139977
2015-07-11 00:00:00,66906355.1911232
2015-07-13 00:00:00,80289251.5215968
2015-07-15 00:00:00,59551262.7790171
2015-07-17 00:00:00,68372780.0203088
2015-07-19 00:00:00,37021783.6671503
2015-07-21 00:00:00,64516479.0979673
2015-07-23 00:00:00,57351034.1334135
2015-07-25 00:00:00,59421326.3827129
2015-07-27 00:00:00,70720346.5133905
2015-07-29 00:00:00,72096185.5168937
2015-07-31 00:00:00,68347424.7711883
2015-08-02 00:00:00,54755965.6604308
2015-08-04 00:00:00,68759302.955495
2015-08-06 00:00:00,61188568.2725452
2015-08-08 00:00:00,70991071.9613706
2015-08-10 00:00:00,72494674.4156681
2015-08-12 00:00:00,74510596.774974
2015-08-14 00:00:00,78501748.7970648
2015-08-16 00:00:00,64156782.5224129
2015-08-18 00:00:00,112283587.327057
2015-08-20 00:00:00,86014793.611795
2015-08-22 00:00:00,63032265.1440629
2015-08-24 00:00:00,115402701.063488
2015-08-26 00:00:00,82671704.815296
2015-08-28 00:00:00,81628861.211412
2015-08-30 00:00:00,43939773.114772
2015-09-01 00:00:00,76226155.5533164
2015-09-03 00:00:00,62874506.9484245
2015-09-05 00:00:00,43177007.3036222
2015-09-07 00:00:00,60159985.1249134
2015-09-09 00:00:00,80109777.2716076
2015-09-11 00:00:00,62983485.718163
2015-09-13 00:00:00,47248264.0761145
2015-09-15 00:00:00,62572926.7326678
2015-09-17 00:00:00,69067225.2004938
2015-09-19 00:00:00,54750865.682091
2015-09-21 00:00:00,85241860.0396714
2015-09-23 00:00:00,67307059.7440224
2015-09-25 00:00:00,71300659.2032612
2015-09-27 00:00:00,39099840.0866747
2015-09-29 00:00:00,86579632.3976805
2015-10-01 00:00:00,87143762.7968696
2015-10-03 00:00:00,43710065.4072659
2015-10-05 00:00:00,74059522.927425
2015-10-07 00:00:00,89924039.3816224
2015-10-09 00:00:00,70986637.546174
2015-10-11 00:00:00,43147243.6437472
2015-10-13 00:00:00,85247839.1546353
2015-10-15 00:00:00,91736630.8896147
2015-10-17 00:00:00,88374805.0787539
2015-10-19 00:00:00,101577292.804309
2015-10-21 00:00:00,92986825.5626516
2015-10-23 00:00:00,89254755.0732903
2015-10-25 00:00:00,118375060.314388
2015-10-27 00:00:00,124088899.060244
2015-10-29 00:00:00,153432858.373101
2015-10-31 00:00:00,130191762.690293
2015-11-02 00:00:00,194458794.324194
2015-11-04 00:00:00,416027459.072386
2015-11-06 00:00:00,207224284.97322
2015-11-08 00:00:00,118761182.916495
2015-11-10 00:00:00,202927165.158889
2015-11-12 00:00:00,178901679.551166
2015-11-14 00:00:00,166607155.685867
2015-11-16 00:00:00,157840086.997235
2015-11-18 00:00:00,141204657.05997
2015-11-20 00:00:00,131609165.710544
2015-11-22 00:00:00,80917422.1402795
2015-11-24 00:00:00,100310463.752171
2015-11-26 00:00:00,163103068.187816
2015-11-28 00:00:00,116662310.263706
2015-11-30 00:00:00,181972172.396294
2015-12-02 00:00:00,189009359.111918
2015-12-04 00:00:00,128025092.269738
2015-12-06 00:00:00,214328009.98856
2015-12-08 00:00:00,202885544.784706
2015-12-10 00:00:00,175767368.557448
2015-12-12 00:00:00,184199887.182694
2015-12-14 00:00:00,215383338.30188
2015-12-16 00:00:00,226047522.651622
2015-12-18 00:00:00,193528623.313791
2015-12-20 00:00:00,165566082.177757
2015-12-22 00:00:00,232050372.36947
2015-12-24 00:00:00,210716099.179924
2015-12-26 00:00:00,177346523.612944
2015-12-28 00:00:00,150330557.518121
2015-12-30 00:00:00,103355333.256081
2016-01-01 00:00:00,58346264.6538702
2016-01-03 00:00:00,67646928.6220128
2016-01-05 00:00:00,103155908.206613
2016-01-07 00:00:00,162207621.394275
2016-01-09 00:00:00,66345139.0751296
2016-01-11 00:00:00,126604160.405308
2016-01-13 00:00:00,136318196.489126
2016-01-15 00:00:00,152176114.997456
2016-01-17 00:00:00,76011041.8310442
2016-01-19 00:00:00,95862424.5752563
2016-01-21 00:00:00,142627027.258306
2016-01-23 00:00:00,94915865.6278715
2016-01-25 00:00:00,191305654.019256
2016-01-27 00:00:00,176503627.972843
2016-01-29 00:00:00,195006394.183946
2016-01-31 00:00:00,103665933.111343
2016-02-02 00:00:00,168139461.177804
2016-02-04 00:00:00,145850811.16086
2016-02-06 00:00:00,116944573.366285
2016-02-08 00:00:00,106671049.115269
2016-02-10 00:00:00,141763179.891342
2016-02-12 00:00:00,124601290.486344
2016-02-14 00:00:00,125203393.715753
2016-02-16 00:00:00,172725407.571374
2016-02-18 00:00:00,163499274.485133
2016-02-20 00:00:00,164829105.586379
2016-02-22 00:00:00,175824716.044392
2016-02-24 00:00:00,166459833.649415
2016-02-26 00:00:00,161556646.617677
2016-02-28 00:00:00,194346790.470141
2016-03-01 00:00:00,280786700.504114
2016-03-03 00:00:00,227124993.38604
2016-03-05 00:00:00,225966550.392184
2016-03-07 00:00:00,145282392.78699
2016-03-09 00:00:00,131796667.350886
2016-03-11 00:00:00,142675662.970307
2016-03-13 00:00:00,88371198.5967914
2016-03-15 00:00:00,131369366.52006
2016-03-17 00:00:00,127657850.234619
2016-03-19 00:00:00,86792272.3163921
2016-03-21 00:00:00,117100197.613189
2016-03-23 00:00:00,126621935.841238
2016-03-25 00:00:00,134672579.091353
2016-03-27 00:00:00,125905670.204794
2016-03-29 00:00:00,160761085.527703
2016-03-31 00:00:00,140898124.328616
2016-04-02 00:00:00,105581306.048956
2016-04-04 00:00:00,135840299.31944
2016-04-06 00:00:00,159685598.931054
2016-04-08 00:00:00,138824288.075815
2016-04-10 00:00:00,103498756.424225
2016-04-12 00:00:00,156860496.804597
2016-04-14 00:00:00,118403618.032565
2016-04-16 00:00:00,86724178.155167
2016-04-18 00:00:00,116994110.42223
2016-04-20 00:00:00,137347264.702688
2016-04-22 00:00:00,151831375.296929
2016-04-24 00:00:00,103550332.548332
2016-04-26 00:00:00,175051268.341551
2016-04-28 00:00:00,164047131.988227
2016-04-30 00:00:00,92579744.1214576
2016-05-02 00:00:00,131609777.35059
2016-05-04 00:00:00,227678717.626651
2016-05-06 00:00:00,150035773.319432
2016-05-08 00:00:00,76254668.8041011
2016-05-10 00:00:00,145647671.147706
2016-05-12 00:00:00,149854665.866916
2016-05-14 00:00:00,104469849.91189
2016-05-16 00:00:00,138994717.715906
2016-05-18 00:00:00,159373784.448942
2016-05-20 00:00:00,154720930.825756
2016-05-22 00:00:00,85673343.7736499
2016-05-24 00:00:00,147794302.053499
2016-05-26 00:00:00,164885025.891541
2016-05-28 00:00:00,250738586.30222
2016-05-30 00:00:00,241119804.228294
2016-06-01 00:00:00,198488000.922793
2016-06-03 00:00:00,160601009.468127
2016-06-05 00:00:00,141793764.106445
2016-06-07 00:00:00,195330529.724622
2016-06-09 00:00:00,199228765.365582
2016-06-11 00:00:00,162244835.709132
2016-06-13 00:00:00,320800345.005743
2016-06-15 00:00:00,222394465.105347
2016-06-17 00:00:00,313165865.407592
2016-06-19 00:00:00,154508934.862762
2016-06-21 00:00:00,356169310.303524
2016-06-23 00:00:00,284618179.196952
2016-06-25 00:00:00,149760846.601408
2016-06-27 00:00:00,199055373.651594
2016-06-29 00:00:00,206884074.071743
2016-07-01 00:00:00,194741108.922565
2016-07-03 00:00:00,159306740.472836
2016-07-05 00:00:00,205876443.302665
2016-07-07 00:00:00,215515452.039482
2016-07-09 00:00:00,142818088.57251
2016-07-11 00:00:00,168883000.517706
2016-07-13 00:00:00,188298120.080821
2016-07-15 00:00:00,186638357.60104
2016-07-17 00:00:00,160525091.73713
2016-07-19 00:00:00,156439533.725446
2016-07-21 00:00:00,139720440.859401
2016-07-23 00:00:00,115059449.184302
2016-07-25 00:00:00,137031791.592569
2016-07-27 00:00:00,175506620.63206
2016-07-29 00:00:00,155222292.486318
2016-07-31 00:00:00,148643265.777208
2016-08-02 00:00:00,310244260.752019
2016-08-04 00:00:00,206097159.659288
2016-08-06 00:00:00,113350615.841685
2016-08-08 00:00:00,137092319.617967
2016-08-10 00:00:00,174758412.072643
2016-08-12 00:00:00,151649427.882601
2016-08-14 00:00:00,117723115.107671
2016-08-16 00:00:00,180903207.515641
2016-08-18 00:00:00,144427244.614815
2016-08-20 00:00:00,112011435.467294
2016-08-22 00:00:00,144303111.47118
2016-08-24 00:00:00,158027182.139021
2016-08-26 00:00:00,126548713.755308
2016-08-28 00:00:00,81677102.5935288
2016-08-30 00:00:00,153671377.365597
2016-09-01 00:00:00,158171124.595231
2016-09-03 00:00:00,102592239.860787
2016-09-05 00:00:00,134025129.128212
2016-09-07 00:00:00,141851022.647114
2016-09-09 00:00:00,147264804.281444
2016-09-11 00:00:00,105076958.787512
2016-09-13 00:00:00,143083944.241577
2016-09-15 00:00:00,122887826.653529
2016-09-17 00:00:00,92192153.8006557
2016-09-19 00:00:00,134357326.466812
2016-09-21 00:00:00,132006186.045231
2016-09-23 00:00:00,146146259.916553
2016-09-25 00:00:00,152870734.288329
2016-09-27 00:00:00,145940667.050968
2016-09-29 00:00:00,153616273.138195
2016-10-01 00:00:00,103988578.282907
2016-10-03 00:00:00,152745154.983948
2016-10-05 00:00:00,148295757.862839
2016-10-07 00:00:00,141600454.506918
2016-10-09 00:00:00,119547253.301373
2016-10-11 00:00:00,191535068.092531
2016-10-13 00:00:00,173562327.839718
2016-10-15 00:00:00,129491942.695046
2016-10-17 00:00:00,162092886.470044
2016-10-19 00:00:00,153607523.148711
2016-10-21 00:00:00,156669875.507655
2016-10-23 00:00:00,103115122.848848
2016-10-25 00:00:00,177371950.411646
2016-10-27 00:00:00,258545483.966802
2016-10-29 00:00:00,166370935.98013
2016-10-31 00:00:00,210506851.255889
2016-11-02 00:00:00,164356161.509587
2016-11-04 00:00:00,195355546.311458
2016-11-06 00:00:00,114742910.971948
2016-11-08 00:00:00,207694374.685563
2016-11-10 00:00:00,187826423.936318
2016-11-12 00:00:00,121310139.566461
2016-11-14 00:00:00,167411486.834791
2016-11-16 00:00:00,266411874.867395
2016-11-18 00:00:00,195698807.196307
2016-11-20 00:00:00,128952148.560894
2016-11-22 00:00:00,221241977.735407
2016-11-24 00:00:00,254076694.025221
2016-11-26 00:00:00,182382884.916916
2016-11-28 00:00:00,200604646.382972
2016-11-30 00:00:00,206457187.757014
2016-12-02 00:00:00,228141076.849329
2016-12-04 00:00:00,100381256.301266
2016-12-06 00:00:00,212285749.937543
2016-12-08 00:00:00,233884533.88058
2016-12-10 00:00:00,149430380.862365
2016-12-12 00:00:00,212868618.324386
2016-12-14 00:00:00,206398743.80016
2016-12-16 00:00:00,239348887.735369
2016-12-18 00:00:00,158395598.324621
2016-12-20 00:00:00,243951480.369348
2016-12-22 00:00:00,338878078.662079
2016-12-24 00:00:00,202692630.219886
2016-12-26 00:00:00,243945751.84128
2016-12-28 00:00:00,329559351.888611
2016-12-30 00:00:00,317816520.587309
2017-01-01 00:00:00,166788994.438506
2017-01-03 00:00:00,341754284.937987
2017-01-05 00:00:00,565779976.610049
2017-01-07 00:00:00,295587982.400845
2017-01-09 00:00:00,272509052.560264
2017-01-11 00:00:00,413905306.443591
2017-01-13 00:00:00,246890176.531767
2017-01-15 00:00:00,157085269.544606
2017-01-17 00:00:00,291783384.764451
2017-01-19 00:00:00,232438071.962038
2017-01-21 00:00:00,210309696.023502
2017-01-23 00:00:00,196893334.811123
2017-01-25 00:00:00,266770577.731972
2017-01-27 00:00:00,172519954.089837
2017-01-29 00:00:00,133740567.748452
2017-01-31 00:00:00,223566247.35351
2017-02-02 00:00:00,212437107.387626
2017-02-04 00:00:00,215469986.8539
2017-02-06 00:00:00,218963129.707101
2017-02-08 00:00:00,269607888.246346
2017-02-10 00:00:00,289197728.970044
2017-02-12 00:00:00,116966457.119016
2017-02-14 00:00:00,234339661.006721
2017-02-16 00:00:00,212531599.764896
2017-02-18 00:00:00,179904049.623422
2017-02-20 00:00:00,192433479.754835
2017-02-22 00:00:00,220185412.839073
2017-02-24 00:00:00,369319167.07207
2017-02-26 00:00:00,199581169.873158
2017-02-28 00:00:00,255334271.595937
2017-03-02 00:00:00,431801396.598851
2017-03-04 00:00:00,261984344.995303
2017-03-06 00:00:00,292613411.670063
2017-03-08 00:00:00,315179702.137921
2017-03-10 00:00:00,329245440.202684
2017-03-12 00:00:00,209168663.97439
2017-03-14 00:00:00,347466704.53874
2017-03-16 00:00:00,526589907.076464
2017-03-18 00:00:00,393335618.185788
2017-03-20 00:00:00,301488144.209954
2017-03-22 00:00:00,388745237.566684
2017-03-24 00:00:00,415158515.539297
2017-03-26 00:00:00,234975161.590919
2017-03-28 00:00:00,426602354.326583
2017-03-30 00:00:00,345704441.184584
2017-04-01 00:00:00,275732331.549016
2017-04-03 00:00:00,357722808.461735
2017-04-05 00:00:00,376232820.376534
2017-04-07 00:00:00,411459319.524365
2017-04-09 00:00:00,218412547.317557
2017-04-11 00:00:00,353047267.58305
2017-04-13 00:00:00,296565393.518839
2017-04-15 00:00:00,274787437.027829
2017-04-17 00:00:00,355041523.977341
2017-04-19 00:00:00,305279308.340359
2017-04-21 00:00:00,324930181.583255
2017-04-23 00:00:00,211860005.848388
2017-04-25 00:00:00,393127864.708434
2017-04-27 00:00:00,398959237.374387
2017-04-29 00:00:00,363036770.92892
2017-05-01 00:00:00,446976193.582856
2017-05-03 00:00:00,468116196.038201
2017-05-05 00:00:00,590516942.167419
2017-05-07 00:00:00,442601453.184986
2017-05-09 00:00:00,759833620.667136
2017-05-11 00:00:00,668519296.13184
2017-05-13 00:00:00,426951909.091612
2017-05-15 00:00:00,704107293.761399
2017-05-17 00:00:00,944733565.5861
2017-05-19 00:00:00,845185438.857744
2017-05-21 00:00:00,543457757.444168
2017-05-23 00:00:00,1021925535.08152
2017-05-25 00:00:00,1318459470.59989
2017-05-27 00:00:00,680256464.029665
2017-05-29 00:00:00,568563505.464611
2017-05-31 00:00:00,840617433.492568
2017-06-02 00:00:00,722150565.070563
2017-06-04 00:00:00,634490205.034222
2017-06-06 00:00:00,888558904.123181
2017-06-08 00:00:00,798267726.251526
2017-06-10 00:00:00,681180409.132709
2017-06-12 00:00:00,891415561.221529
2017-06-14 00:00:00,822548360.611942
2017-06-16 00:00:00,614860742.108335
2017-06-18 00:00:00,531175986.631959
2017-06-20 00:00:00,699302928.883872
2017-06-22 00:00:00,691666616.597193
2017-06-24 00:00:00,433119966.233253
2017-06-26 00:00:00,702272424.580716
2017-06-28 00:00:00,712593812.798101
2017-06-30 00:00:00,771010449.218829
2017-07-02 00:00:00,461231537.247367
2017-07-04 00:00:00,567987081.544197
2017-07-06 00:00:00,536928215.088525
2017-07-08 00:00:00,561328143.364668
2017-07-10 00:00:00,717332560.155932
2017-07-12 00:00:00,557154714.150382
2017-07-14 00:00:00,505928728.905514
2017-07-16 00:00:00,461680301.680574
2017-07-18 00:00:00,612361551.304947
2017-07-20 00:00:00,654227781.226007
2017-07-22 00:00:00,500549276.748631
2017-07-24 00:00:00,568575160.453683
2017-07-26 00:00:00,675892184.452299
2017-07-28 00:00:00,1311599707.74372
2017-07-30 00:00:00,1157398139.86185
2017-08-01 00:00:00,1380839765.70984
2017-08-03 00:00:00,958777484.712287
2017-08-05 00:00:00,979154079.251385
2017-08-07 00:00:00,1372173977.9991
2017-08-09 00:00:00,808740219.23306
2017-08-11 00:00:00,985601487.693678
2017-08-13 00:00:00,946915671.514233
2017-08-15 00:00:00,1222636276.20764
2017-08-17 00:00:00,1362840510.69978
2017-08-19 00:00:00,1278649849.03806
2017-08-21 00:00:00,816604742.108505
2017-08-23 00:00:00,1053263975.41305
2017-08-25 00:00:00,763980859.57522
2017-08-27 00:00:00,779804114.064676
2017-08-29 00:00:00,1113343542.50353
2017-08-31 00:00:00,1173285283.32277
2017-09-02 00:00:00,945272819.329301
2017-09-04 00:00:00,1452488599.68739
2017-09-06 00:00:00,1328829016.12437
2017-09-08 00:00:00,1085398538.24465
2017-09-10 00:00:00,849737599.424126
2017-09-12 00:00:00,914888950.878182
2017-09-14 00:00:00,1008072397.20311
2017-09-16 00:00:00,755451379.92034
2017-09-18 00:00:00,810015857.700415
2017-09-20 00:00:00,730398025.90811
2017-09-22 00:00:00,720084890.797891
2017-09-24 00:00:00,358367841.780327
2017-09-26 00:00:00,783377529.605634
2017-09-28 00:00:00,846414368.613928
2017-09-30 00:00:00,654917752.443883
2017-10-02 00:00:00,853330484.106655
2017-10-04 00:00:00,611184779.702613
2017-10-06 00:00:00,731048570.243785
2017-10-08 00:00:00,678141979.346104
2017-10-10 00:00:00,1189113919.87786
2017-10-12 00:00:00,1072717734.6568
2017-10-14 00:00:00,1028513971.64553
2017-10-16 00:00:00,1148993979.04203
2017-10-18 00:00:00,1358005108.51815
2017-10-20 00:00:00,1094088679.1563
2017-10-22 00:00:00,996113498.470227
2017-10-24 00:00:00,2184205097.23059
2017-10-26 00:00:00,2041879050.78017
2017-10-28 00:00:00,645357529.902608
2017-10-30 00:00:00,1690377715.98444
2017-11-01 00:00:00,1921728654.83974
2017-11-03 00:00:00,1685749159.21425
2017-11-05 00:00:00,1346375105.55772
2017-11-07 00:00:00,1826864277.44738
2017-11-09 00:00:00,2366841243.84241
2017-11-11 00:00:00,1401933562.52815
2017-11-13 00:00:00,2070829566.4518
2017-11-15 00:00:00,2274507065.39276
2017-11-17 00:00:00,2848162964.48163
2017-11-19 00:00:00,1585417383.6025
2017-11-21 00:00:00,2632881286.5975
2017-11-23 00:00:00,2481622640.96218
2017-11-25 00:00:00,2302620556.51406
2017-11-27 00:00:00,3382462034.24211
2017-11-29 00:00:00,4301831779.47883
2017-12-01 00:00:00,2503164990.16471
2017-12-03 00:00:00,2065023836.1632
2017-12-05 00:00:00,2657542627.73794
2017-12-07 00:00:00,5271885974.64757
2017-12-09 00:00:00,3943426403.66603
2017-12-11 00:00:00,4272284928.33151
2017-12-13 00:00:00,4755215235.39204
2017-12-15 00:00:00,4219284344.1263
2017-12-17 00:00:00,5098289901.58077
2017-12-19 00:00:00,3906879033.08123
2017-12-21 00:00:00,3765982142.63797
2017-12-23 00:00:00,2381107619.03715
2017-12-25 00:00:00,2523983332.05314
2017-12-27 00:00:00,4777859401.98801
2017-12-29 00:00:00,3675013582.32083
2017-12-31 00:00:00,3132315786.3277
2018-01-02 00:00:00,3339191213.7855
2018-01-04 00:00:00,3959988059.41157
2018-01-06 00:00:00,3788672792.27674
2018-01-08 00:00:00,4095843401.55246
2018-01-10 00:00:00,3681293160.51603
2018-01-12 00:00:00,3201370800.58497
2018-01-14 00:00:00,2648247577.87206
2018-01-16 00:00:00,3280040384.20681
2018-01-18 00:00:00,2771757628.41474
2018-01-20 00:00:00,2591920373.50638
2018-01-22 00:00:00,2235518464.56961
2018-01-24 00:00:00,2043489449.82019
2018-01-26 00:00:00,2828780181.62246
2018-01-28 00:00:00,1946407701.49201
2018-01-30 00:00:00,1846238745.01739
2018-02-01 00:00:00,2614260637.5456
2018-02-03 00:00:00,1469365012.8785
2018-02-05 00:00:00,1950770956.61802
2018-02-07 00:00:00,1651883624.31755
2018-02-09 00:00:00,1627521235.26492
2018-02-11 00:00:00,725944269.577221
2018-02-13 00:00:00,1266134857.40392
2018-02-15 00:00:00,1273384159.19045
2018-02-17 00:00:00,862408575.113852
2018-02-19 00:00:00,1250363981.08978
2018-02-21 00:00:00,1582027830.28817
2018-02-23 00:00:00,1752604869.4962
2018-02-25 00:00:00,735383768.774946
2018-02-27 00:00:00,1471584179.61286
2018-03-01 00:00:00,2017041859.63693
2018-03-03 00:00:00,1044510356.00801
2018-03-05 00:00:00,1573034810.84033
2018-03-07 00:00:00,1632297968.61173
2018-03-09 00:00:00,1845969389.06628
2018-03-11 00:00:00,990148653.737742
2018-03-13 00:00:00,1429321787.63685
2018-03-15 00:00:00,1197812277.26368
2018-03-17 00:00:00,709540062.340732
2018-03-19 00:00:00,1122451343.20668
2018-03-21 00:00:00,1045367812.30046
2018-03-23 00:00:00,942170172.519648
2018-03-25 00:00:00,901137748.465333
2018-03-27 00:00:00,947745397.417293
2018-03-29 00:00:00,1120831366.94695
2018-03-31 00:00:00,559075148.77362
2018-04-02 00:00:00,768333587.034114
2018-04-04 00:00:00,788206668.206622
2018-04-06 00:00:00,720018556.313689
2018-04-08 00:00:00,563967121.149313
2018-04-10 00:00:00,812498863.15906
2018-04-12 00:00:00,1355733106.53215
2018-04-14 00:00:00,516931824.839407
2018-04-16 00:00:00,874622524.380565
2018-04-18 00:00:00,826568991.032139
2018-04-20 00:00:00,1105686984.46496
2018-04-22 00:00:00,674296002.598428
2018-04-24 00:00:00,1754372889.85276
2018-04-26 00:00:00,1356669104.25048
2018-04-28 00:00:00,1663576172.91648
2018-04-30 00:00:00,1039280676.98002
2018-05-02 00:00:00,1356043112.32921
2018-05-04 00:00:00,1424167444.69354
2018-05-06 00:00:00,990555813.193302
2018-05-08 00:00:00,1305599529.85642
2018-05-10 00:00:00,1367418842.25004
2018-05-12 00:00:00,914542131.232237
2018-05-14 00:00:00,1877479922.51764
2018-05-16 00:00:00,1354020052.00064
2018-05-18 00:00:00,1754540455.70633
2018-05-20 00:00:00,505408446.545892
2018-05-22 00:00:00,902765750.949497
2018-05-24 00:00:00,997838496.239073
2018-05-26 00:00:00,433358755.892997
2018-05-28 00:00:00,1030143175.61157
2018-05-30 00:00:00,912070535.696193
2018-06-01 00:00:00,860640929.266263
2018-06-03 00:00:00,489033822.746906
2018-06-05 00:00:00,753456738.768419
2018-06-07 00:00:00,802888675.612286
2018-06-09 00:00:00,512776472.436823
2018-06-11 00:00:00,940033430.553514
2018-06-13 00:00:00,1043117695.00437
2018-06-15 00:00:00,821673290.530401
2018-06-17 00:00:00,432811187.163212
2018-06-19 00:00:00,717193233.877687
2018-06-21 00:00:00,719955333.674926
2018-06-23 00:00:00,442469090.403318
2018-06-25 00:00:00,683034898.67434
2018-06-27 00:00:00,789076623.538903
2018-06-29 00:00:00,653028973.089305
2018-07-01 00:00:00,994143368.502515
2018-07-03 00:00:00,880290625.530195
2018-07-05 00:00:00,657272819.38847
2018-07-07 00:00:00,370270464.469499
2018-07-09 00:00:00,640870760.709387
2018-07-11 00:00:00,705107105.975675
2018-07-13 00:00:00,674548450.327427
2018-07-15 00:00:00,356017920.508622
2018-07-17 00:00:00,836942893.445447
2018-07-19 00:00:00,993456134.043958
2018-07-21 00:00:00,528574442.087027
2018-07-23 00:00:00,936055626.253313
2018-07-25 00:00:00,1009352100.9677
2018-07-27 00:00:00,884506563.824998
2018-07-29 00:00:00,726532319.015292
2018-07-31 00:00:00,916151854.706209
2018-08-02 00:00:00,1036673761.09069
2018-08-04 00:00:00,478730381.400988
2018-08-06 00:00:00,732204363.485113
2018-08-08 00:00:00,786985499.891174
2018-08-10 00:00:00,760258278.253361
2018-08-12 00:00:00,333729799.273728
2018-08-14 00:00:00,1058727905.8517
2018-08-16 00:00:00,687000468.616544
2018-08-18 00:00:00,375616573.760664
2018-08-20 00:00:00,647035144.277823
2018-08-22 00:00:00,1022941525.80422
2018-08-24 00:00:00,660537345.458553
2018-08-26 00:00:00,385892530.065467
2018-08-28 00:00:00,977831328.38873
2018-08-30 00:00:00,798481940.583074
2018-09-01 00:00:00,530711688.309403
2018-09-03 00:00:00,724804467.105384
2018-09-05 00:00:00,945103849.443573
2018-09-07 00:00:00,745568366.660223
2018-09-09 00:00:00,468243443.824087
2018-09-11 00:00:00,741261462.953143
2018-09-13 00:00:00,1248849239.09691
2018-09-15 00:00:00,374552271.564309
2018-09-17 00:00:00,572850819.087677
2018-09-19 00:00:00,707175800.269635
2018-09-21 00:00:00,984934175.352113
2018-09-23 00:00:00,335911295.135385
2018-09-25 00:00:00,852085846.884051
2018-09-27 00:00:00,820387842.811755
2018-09-29 00:00:00,463385867.587157
2018-10-01 00:00:00,687226380.28596
2018-10-03 00:00:00,739357175.753423
2018-10-05 00:00:00,627109174.216566
2018-10-07 00:00:00,250377608.065456
2018-10-09 00:00:00,703382178.200891
2018-10-11 00:00:00,887230191.302002
2018-10-13 00:00:00,367758599.901248
2018-10-15 00:00:00,1406050478.15614
2018-10-17 00:00:00,727254416.70506
2018-10-19 00:00:00,835097399.748975
2018-10-21 00:00:00,291411405.420086
2018-10-23 00:00:00,726527353.625848
2018-10-25 00:00:00,813572559.956069
2018-10-27 00:00:00,380002708.052395
2018-10-29 00:00:00,894864910.143942
2018-10-31 00:00:00,803653185.537381
2018-11-02 00:00:00,870677656.724169
2018-11-04 00:00:00,525975032.809028
2018-11-06 00:00:00,750361150.52447
2018-11-08 00:00:00,773348007.473165
2018-11-10 00:00:00,384259934.959002
2018-11-12 00:00:00,752483811.281994
2018-11-14 00:00:00,1181029259.22239
2018-11-16 00:00:00,1082196428.0914
2018-11-18 00:00:00,353784045.651087
2018-11-20 00:00:00,1475820951.9215
2018-11-22 00:00:00,662090854.575515
2018-11-24 00:00:00,398983130.753916
2018-11-26 00:00:00,736626813.699038
2018-11-28 00:00:00,807058144.18961
2018-11-30 00:00:00,1613578163.501
2018-12-02 00:00:00,348205860.313343
2018-12-04 00:00:00,2465252204.48521
2018-12-06 00:00:00,1426379105.59656
2018-12-08 00:00:00,368967391.581389
2018-12-10 00:00:00,526990901.514102
2018-12-12 00:00:00,548638941.837879
2018-12-14 00:00:00,523412561.153412
2018-12-16 00:00:00,315066374.369889
2018-12-18 00:00:00,717156551.783183
2018-12-20 00:00:00,823827197.285609
2018-12-22 00:00:00,303876048.573279
2018-12-24 00:00:00,684558459.306399
2018-12-26 00:00:00,422281688.50925
2018-12-28 00:00:00,626362020.822387
2018-12-30 00:00:00,267240600.175454
2019-01-01 00:00:00,220483471.203023
2019-01-03 00:00:00,586335098.627541
2019-01-05 00:00:00,325849324.68623
2019-01-07 00:00:00,622810992.785056
2019-01-09 00:00:00,630379615.777342
2019-01-11 00:00:00,1080849631.24838
2019-01-13 00:00:00,235049030.017961
2019-01-15 00:00:00,1270645847.43182
2019-01-17 00:00:00,507804662.074602
2019-01-19 00:00:00,310087042.05763
2019-01-21 00:00:00,488189514.450034
2019-01-23 00:00:00,538919234.425191
2019-01-25 00:00:00,456544872.149056
2019-01-27 00:00:00,223512708.830142
2019-01-29 00:00:00,502734964.416652
2019-01-31 00:00:00,574609830.720808
2019-02-02 00:00:00,315786229.87276
2019-02-04 00:00:00,353232913.224304
2019-02-06 00:00:00,496046280.164536
2019-02-08 00:00:00,552614639.038452
2019-02-10 00:00:00,273943900.738583
2019-02-12 00:00:00,494313528.417058
2019-02-14 00:00:00,465606911.488956
2019-02-16 00:00:00,363956258.170098
2019-02-18 00:00:00,689163298.994228
2019-02-20 00:00:00,696700438.735942
2019-02-22 00:00:00,594309375.18449
2019-02-24 00:00:00,436413535.328223
2019-02-26 00:00:00,592375975.327037
2019-02-28 00:00:00,936111689.337251
2019-03-02 00:00:00,440970166.168073
2019-03-04 00:00:00,510664925.146437
2019-03-06 00:00:00,603814020.830587
2019-03-08 00:00:00,621749744.798023
2019-03-10 00:00:00,289475543.963133
2019-03-12 00:00:00,634318677.206897
2019-03-14 00:00:00,715988875.30552
2019-03-16 00:00:00,360840832.093826
2019-03-18 00:00:00,597904327.879694
2019-03-20 00:00:00,649248713.708245
2019-03-22 00:00:00,528282764.480713
2019-03-24 00:00:00,288672589.988115
2019-03-26 00:00:00,604089194.968484
2019-03-28 00:00:00,625086884.886481
2019-03-30 00:00:00,350278425.921954
2019-04-01 00:00:00,640470349.712981
2019-04-03 00:00:00,1183522596.2499
2019-04-05 00:00:00,898533778.471696
2019-04-07 00:00:00,441363438.70443
2019-04-09 00:00:00,877070582.095037
2019-04-11 00:00:00,1050019754.79499
2019-04-13 00:00:00,423377389.265318
2019-04-15 00:00:00,804147839.205968
2019-04-17 00:00:00,896458088.041183
2019-04-19 00:00:00,691322116.122815
2019-04-21 00:00:00,360713964.469088
2019-04-23 00:00:00,825599122.58348
2019-04-25 00:00:00,826381786.755593
2019-04-27 00:00:00,442516045.090871
2019-04-29 00:00:00,886065657.844522
2019-05-01 00:00:00,878862399.05446
2019-05-03 00:00:00,858064130.790705
2019-05-05 00:00:00,446363838.194411
2019-05-07 00:00:00,1041193668.85865
2019-05-09 00:00:00,1251747786.99949
2019-05-11 00:00:00,890773875.557915
2019-05-13 00:00:00,1691655708.37404
2019-05-15 00:00:00,1595050697.09695
2019-05-17 00:00:00,1298197113.841
2019-05-19 00:00:00,776463133.467301
2019-05-21 00:00:00,1011724990.89294
2019-05-23 00:00:00,1180520164.76067
2019-05-25 00:00:00,551935634.865766
2019-05-27 00:00:00,1318870008.46283
2019-05-29 00:00:00,2715969883.44545
2019-05-31 00:00:00,2139391264.47921
2019-06-02 00:00:00,661260854.072411
2019-06-04 00:00:00,2210912218.37581
2019-06-06 00:00:00,2028322128.99115
2019-06-08 00:00:00,537539563.516134
2019-06-10 00:00:00,1024400574.27776
2019-06-12 00:00:00,1164520570.45808
2019-06-14 00:00:00,1268348918.472
2019-06-16 00:00:00,1037160332.21346
2019-06-18 00:00:00,2182288636.43523
2019-06-20 00:00:00,1190905553.64237
2019-06-22 00:00:00,2222444544.5401
2019-06-24 00:00:00,1758426569.15256
2019-06-26 00:00:00,2930019255.94771
2019-06-28 00:00:00,2653064698.96847
2019-06-30 00:00:00,1651368348.22081
2019-07-02 00:00:00,1813299811.70937
2019-07-04 00:00:00,1933335669.36912
2019-07-06 00:00:00,639979717.955877
2019-07-08 00:00:00,2099126797.96369
2019-07-10 00:00:00,3158872124.78143
2019-07-12 00:00:00,1573448471.11562
2019-07-14 00:00:00,880311916.429513
2019-07-16 00:00:00,1554876517.05214
2019-07-18 00:00:00,1363791605.47841
2019-07-20 00:00:00,835319633.831489
2019-07-22 00:00:00,1027285548.46237
2019-07-24 00:00:00,1334346530.10196
2019-07-26 00:00:00,993970297.737923
2019-07-28 00:00:00,379230727.584726
2019-07-30 00:00:00,1280347893.44335
2019-08-01 00:00:00,1063515472.58285
2019-08-03 00:00:00,533502020.952203
2019-08-05 00:00:00,1783008179.42602
2019-08-07 00:00:00,1528500615.47788
2019-08-09 00:00:00,1423908954.56227
2019-08-11 00:00:00,577446710.735718
2019-08-13 00:00:00,1666494659.99051
2019-08-15 00:00:00,1574111185.79898
2019-08-17 00:00:00,1526187033.46721
2019-08-19 00:00:00,1023246904.67013
2019-08-21 00:00:00,1083045372.40215
2019-08-23 00:00:00,2130991479.93793
2019-08-25 00:00:00,576624098.058777
2019-08-27 00:00:00,1295831266.79679
2019-08-29 00:00:00,1674298204.5402
2019-08-31 00:00:00,536730722.744341
2019-09-02 00:00:00,1189099299.73989
2019-09-04 00:00:00,1356552610.12157
2019-09-06 00:00:00,2785938242.47131
2019-09-08 00:00:00,734442315.886497
2019-09-10 00:00:00,1964047352.89751
2019-09-12 00:00:00,1811962087.02676
2019-09-14 00:00:00,550438176.483592
2019-09-16 00:00:00,1523428331.69289
2019-09-18 00:00:00,1899700648.3467
2019-09-20 00:00:00,1752366741.2845
2019-09-22 00:00:00,552377407.450051
2019-09-24 00:00:00,3139283339.2161
2019-09-26 00:00:00,1313285336.69414
2019-09-28 00:00:00,580178846.7763
2019-09-30 00:00:00,1032865548.01648
2019-10-02 00:00:00,753518693.099858
2019-10-04 00:00:00,734036334.988344
2019-10-06 00:00:00,437929223.289477
2019-10-08 00:00:00,951086445.4266
2019-10-10 00:00:00,1061857762.2837
2019-10-12 00:00:00,434035291.224281
2019-10-14 00:00:00,1712938625.03762
2019-10-16 00:00:00,944835135.107188
2019-10-18 00:00:00,1046146449.48076
2019-10-20 00:00:00,335445114.082607
2019-10-22 00:00:00,996706690.858345
2019-10-24 00:00:00,984320293.086673
2019-10-26 00:00:00,1256366630.61245
2019-10-28 00:00:00,1882149479.09526
2019-10-30 00:00:00,933497841.255334
2019-11-01 00:00:00,2074156433.79762
2019-11-03 00:00:00,791930340.104973
2019-11-05 00:00:00,2769186824.13713
2019-11-07 00:00:00,1410260957.176
2019-11-09 00:00:00,1046596790.16888
2019-11-11 00:00:00,718863061.19166
2019-11-13 00:00:00,1486062566.37464
2019-11-15 00:00:00,1199132985.11859
2019-11-17 00:00:00,342818350.321039
2019-11-19 00:00:00,923399726.065324
2019-11-21 00:00:00,1165992114.19976
2019-11-23 00:00:00,1151153475.67428
2019-11-25 00:00:00,1313006695.02549
2019-11-27 00:00:00,1513433741.15035
2019-11-29 00:00:00,1078007992.31578
2019-12-01 00:00:00,410180206.361161
2019-12-03 00:00:00,1101171350.2715
2019-12-05 00:00:00,829793365.229581
2019-12-07 00:00:00,842686832.919384
2019-12-09 00:00:00,984541456.77168
2019-12-11 00:00:00,960237277.26307
2019-12-13 00:00:00,910737705.988904
2019-12-15 00:00:00,331461605.786852
2019-12-17 00:00:00,1699726138.74945
2019-12-19 00:00:00,1185600661.7481
2019-12-21 00:00:00,484021776.662792
2019-12-23 00:00:00,1144871677.88131
2019-12-25 00:00:00,863528900.789981
2019-12-27 00:00:00,847107991.825459
2019-12-29 00:00:00,381265550.855148
2019-12-31 00:00:00,854423855.553621
2020-01-02 00:00:00,692062815.85965
2020-01-04 00:00:00,623052159.06369
2020-01-06 00:00:00,962060777.656326
2020-01-08 00:00:00,1185786689.98009
2020-01-10 00:00:00,1280612805.31253
2020-01-12 00:00:00,451843048.807346
2020-01-14 00:00:00,2900956206.90936
2020-01-16 00:00:00,1325748763.69605
2020-01-18 00:00:00,691951125.418206
2020-01-20 00:00:00,1265736839.76223
2020-01-22 00:00:00,1252987750.19963
2020-01-24 00:00:00,983478887.090753
2020-01-26 00:00:00,375372746.97924
2020-01-28 00:00:00,1052472169.00964
2020-01-30 00:00:00,1703649922.19753
2020-02-01 00:00:00,994556670.98025
2020-02-03 00:00:00,3506998581.29517
2020-02-05 00:00:00,1182655805.23487
2020-02-07 00:00:00,1803840353.46757
2020-02-09 00:00:00,744577606.607648
2020-02-11 00:00:00,2306736286.50665
2020-02-13 00:00:00,1903943551.24095
2020-02-15 00:00:00,1109593958.57004
2020-02-17 00:00:00,2253057178.21877
2020-02-19 00:00:00,1880304367.67908
2020-02-21 00:00:00,1133722528.69818
2020-02-23 00:00:00,737289757.885203
2020-02-25 00:00:00,1088999982.0479
2020-02-27 00:00:00,2025910515.26091
2020-02-29 00:00:00,614926644.926824
2020-03-02 00:00:00,1226689506.9734
2020-03-04 00:00:00,1344613313.04405
2020-03-06 00:00:00,1586746058.90616
2020-03-08 00:00:00,750461852.241262
2020-03-10 00:00:00,1642231325.0775
2020-03-12 00:00:00,3596290367.00052
2020-03-14 00:00:00,1169201200.62799
2020-03-16 00:00:00,1829202302.65315
2020-03-18 00:00:00,1087150158.46778
2020-03-20 00:00:00,2081996655.25232
2020-03-22 00:00:00,707671399.167601
2020-03-24 00:00:00,1896290040.77095
2020-03-26 00:00:00,982877529.995054
2020-03-28 00:00:00,606386218.694661
2020-03-30 00:00:00,1063117757.4694
2020-04-01 00:00:00,861593745.667491
2020-04-03 00:00:00,996027773.773442
2020-04-05 00:00:00,446883068.920588
2020-04-07 00:00:00,1534435754.21386
2020-04-09 00:00:00,2311484767.99329
2020-04-11 00:00:00,467888135.693746
2020-04-13 00:00:00,1124828313.502
2020-04-15 00:00:00,1009167505.32317
2020-04-17 00:00:00,1073444827.62685
2020-04-19 00:00:00,458165164.115702
2020-04-21 00:00:00,1086827836.50855
2020-04-23 00:00:00,1287058107.13864
2020-04-25 00:00:00,588383800.374401
2020-04-27 00:00:00,1244890678.78536
2020-04-29 00:00:00,3184852305.57904
2020-05-01 00:00:00,1977433108.12039
2020-05-03 00:00:00,798356910.646175
2020-05-05 00:00:00,1158788354.57839
2020-05-07 00:00:00,1938783579.01866
2020-05-09 00:00:00,1891310409.07318
2020-05-11 00:00:00,1697952428.5878
2020-05-13 00:00:00,1840743652.80359
2020-05-15 00:00:00,1570409119.92827
2020-05-17 00:00:00,554234698.77281
2020-05-19 00:00:00,1324908761.86765
2020-05-21 00:00:00,1827598465.30696
2020-05-23 00:00:00,659872561.67834
2020-05-25 00:00:00,2386079966.12279
2020-05-27 00:00:00,1653961345.48304
2020-05-29 00:00:00,1652605318.46225
2020-05-31 00:00:00,1560857802.00739
2020-06-02 00:00:00,2689299632.09421
2020-06-04 00:00:00,1754810883.71382
2020-06-06 00:00:00,578237010.345349
2020-06-08 00:00:00,1476953360.63616
2020-06-10 00:00:00,1185046064.64972
2020-06-12 00:00:00,1189940932.56761
2020-06-14 00:00:00,459031700.888373
2020-06-16 00:00:00,1657379522.9407
2020-06-18 00:00:00,1191197355.42604
2020-06-20 00:00:00,580481419.614336
2020-06-22 00:00:00,1369587319.75579
2020-06-24 00:00:00,1668568262.54677
2020-06-26 00:00:00,1982165061.32764
2020-06-28 00:00:00,602227413.240989
2020-06-30 00:00:00,964046737.852914
2020-07-02 00:00:00,1329290846.49266
2020-07-04 00:00:00,598371117.138459
2020-07-06 00:00:00,1413260028.33242
2020-07-08 00:00:00,1582500913.17443
2020-07-10 00:00:00,1239897769.81168
2020-07-12 00:00:00,481367498.713169
2020-07-14 00:00:00,1245429103.12721
2020-07-16 00:00:00,1266988570.14269
2020-07-18 00:00:00,699138625.60008
2020-07-20 00:00:00,1056788376.71222
2020-07-22 00:00:00,1606938398.15599
2020-07-24 00:00:00,1581504621.43281
2020-07-26 00:00:00,1009262428.00711
2020-07-28 00:00:00,2732598812.18318
2020-07-30 00:00:00,1893559564.52982
2020-08-01 00:00:00,1282524246.37756
2020-08-03 00:00:00,2630857377.15599
2020-08-05 00:00:00,1382305624.12346
2020-08-07 00:00:00,1897594213.63528
2020-08-09 00:00:00,819746332.084762
2020-08-11 00:00:00,1833511322.68141
2020-08-13 00:00:00,1705063980.69705
2020-08-15 00:00:00,1090367766.0598
2020-08-17 00:00:00,2046439654.49524
2020-08-19 00:00:00,1951302613.8825393
2020-08-21 00:00:00,1516606230.5688822
2020-08-23 00:00:00,694626473.0813165
2020-08-25 00:00:00,1571905464.0375934
2020-08-27 00:00:00,1582727807.8585138
2020-08-29 00:00:00,936108106.0835737
2020-08-31 00:00:00,2351032934.550586
2020-09-02 00:00:00,2108369094.4854293
2020-09-04 00:00:00,2512517216.225265
2020-09-06 00:00:00,942632672.8111798
2020-09-08 00:00:00,1706304707.7497606
2020-09-10 00:00:00,1510201425.9578102
2020-09-12 00:00:00,855809354.7957093
2020-09-14 00:00:00,1641329657.9907258
2020-09-16 00:00:00,1875402238.1826138
2020-09-18 00:00:00,1937356456.84136
2020-09-20 00:00:00,845867147.6809912
2020-09-22 00:00:00,1620744900.8434787
2020-09-24 00:00:00,2038281713.5185595
2020-09-26 00:00:00,794309819.7184452