Timestamp,mempool-size
2016-06-14 14:45:00,22589818
2016-06-15 15:45:00,33743225
2016-06-16 16:45:00,27917125
2016-06-17 17:45:00,25979855.5
2016-06-18 18:45:00,12102829.5
2016-06-19 19:45:00,1271759.5
2016-06-20 20:45:00,6166357.5
2016-06-21 21:45:00,10194038.5
2016-06-22 22:45:00,11913350
2016-06-23 23:45:00,12381982
2016-06-25 00:45:00,8300214
2016-06-26 01:45:00,1507180.5
2016-06-27 02:45:00,2932952.5
2016-06-28 03:45:00,2607374.5
2016-06-29 04:45:00,2251083.5
2016-06-30 05:45:00,3451955
2016-07-01 06:45:00,1936244
2016-07-02 07:45:00,3294953.5
2016-07-03 08:45:00,1456964
2016-07-04 09:45:00,1560411.5
2016-07-05 10:45:00,4870481
2016-07-06 11:45:00,1352505.5
2016-07-07 12:45:00,3068186
2016-07-08 13:45:00,2870254.5
2016-07-09 14:45:00,1833616
2016-07-10 15:45:00,2947694.5
2016-07-11 16:45:00,2724765
2016-07-12 17:45:00,6871035.5
2016-07-13 18:45:00,5933324
2016-07-14 19:45:00,4696200.5
2016-07-15 20:45:00,2007416
2016-07-16 21:45:00,2084619
2016-07-17 22:45:00,2531532.5
2016-07-18 23:45:00,1699613.5
2016-07-20 00:45:00,1483275.5
2016-07-21 01:45:00,1810082
2016-07-22 02:45:00,3686281
2016-07-23 03:45:00,7762999
2016-07-24 04:45:00,2064890.5
2016-07-25 05:45:00,2823373.5
2016-07-26 06:45:00,2635807
2016-07-27 07:45:00,9732537.5
2016-07-28 08:45:00,7633486
2016-07-29 09:45:00,2114238
2016-07-30 10:45:00,12143975.5
2016-07-31 11:45:00,1846590
2016-08-01 12:45:00,3891421
2016-08-02 13:45:00,5407128
2016-08-03 14:45:00,3228629.5
2016-08-04 15:45:00,6909066
2016-08-05 16:45:00,5309094
2016-08-06 17:45:00,3855241.5
2016-08-07 18:45:00,3031846
2016-08-08 19:45:00,5996648
2016-08-09 20:45:00,4927502
2016-08-10 21:45:00,6060723.5
2016-08-11 22:45:00,1379876
2016-08-12 23:45:00,1015713.5
2016-08-14 00:45:00,1939290.5
2016-08-15 01:45:00,1583122
2016-08-16 02:45:00,13260752
2016-08-17 03:45:00,3866584.5
2016-08-18 04:45:00,1024827
2016-08-19 05:45:00,3063928.5
2016-08-20 06:45:00,1896916.5
2016-08-21 07:45:00,1169171
2016-08-22 08:45:00,2621801.5
2016-08-23 09:45:00,1888261.5
2016-08-24 10:45:00,1565319
2016-08-25 11:45:00,7457764.5
2016-08-26 12:45:00,2705931
2016-08-27 13:45:00,3173652.5
2016-08-28 14:45:00,2710920.5
2016-08-29 15:45:00,4046696
2016-08-30 16:45:00,6957771
2016-08-31 17:45:00,2709168.5
2016-09-01 18:45:00,7312658
2016-09-02 19:45:00,1937657.5
2016-09-03 20:45:00,2233536.5
2016-09-04 21:45:00,1529115
2016-09-05 22:45:00,6474323
2016-09-06 23:45:00,2369762
2016-09-08 00:45:00,1645179.5
2016-09-09 01:45:00,1900642.5
2016-09-10 02:45:00,2344536.5
2016-09-11 03:45:00,2202809.5
2016-09-12 04:45:00,1120860
2016-09-13 05:45:00,4681317.5
2016-09-14 06:45:00,2294716.5
2016-09-15 07:45:00,4585296
2016-09-16 08:45:00,2208977.5
2016-09-17 09:45:00,2716102.5
2016-09-18 10:45:00,1936288.5
2016-09-19 11:45:00,3294845.5
2016-09-20 12:45:00,1757993
2016-09-21 13:45:00,1636214
2016-09-22 14:45:00,2510009
2016-09-23 15:45:00,5260464
2016-09-24 16:45:00,1489812
2016-09-25 17:45:00,1427681.5
2016-09-26 18:45:00,3708741
2016-09-27 19:45:00,2220891
2016-09-28 20:45:00,3556125
2016-09-29 21:45:00,5862433.5
2016-09-30 22:45:00,1401951.5
2016-10-01 23:45:00,1720092
2016-10-03 00:45:00,7712014.5
2016-10-04 01:45:00,2985618
2016-10-05 02:45:00,4281568.5
2016-10-06 03:45:00,3522562
2016-10-07 04:45:00,1849281
2016-10-08 05:45:00,1930167.5
2016-10-09 06:45:00,1380181.5
2016-10-10 07:45:00,1878166
2016-10-11 08:45:00,5558738
2016-10-12 09:45:00,3503484
2016-10-13 10:45:00,4237491.5
2016-10-14 11:45:00,3752682
2016-10-15 12:45:00,6269712
2016-10-16 13:45:00,3704608.5
2016-10-17 14:45:00,12091196
2016-10-18 15:45:00,9276405.5
2016-10-19 16:45:00,6290202.5
2016-10-20 17:45:00,8372367
2016-10-21 18:45:00,2768327.5
2016-10-22 19:45:00,5970724
2016-10-23 20:45:00,8154067.5
2016-10-24 21:45:00,9321109
2016-10-25 22:45:00,18354694
2016-10-26 23:45:00,35163327
2016-10-28 00:45:00,3941664
2016-10-29 01:45:00,2624465.5
2016-10-30 02:45:00,3225600.5
2016-10-31 03:45:00,2333498.5
2016-11-01 04:45:00,4036967
2016-11-02 05:45:00,9056139
2016-11-03 06:45:00,1656714
2016-11-04 07:45:00,5303266.5
2016-11-05 08:45:00,2685071
2016-11-06 09:45:00,3253572
2016-11-07 10:45:00,9003625
2016-11-08 11:45:00,3149942
2016-11-09 12:45:00,6216066
2016-11-10 13:45:00,5612551
2016-11-11 14:45:00,3740785
2016-11-12 15:45:00,3733705
2016-11-13 16:45:00,2485420.5
2016-11-14 17:45:00,5583289
2016-11-15 18:45:00,3869274.5
2016-11-16 19:45:00,3801063
2016-11-17 20:45:00,8049661
2016-11-18 21:45:00,4394294
2016-11-19 22:45:00,5841849.5
2016-11-20 23:45:00,6061729
2016-11-22 00:45:00,21703327.5
2016-11-23 01:45:00,34317540
2016-11-24 02:45:00,45016355.5
2016-11-25 03:45:00,25657087.5
2016-11-26 04:45:00,21605813.5
2016-11-27 05:45:00,3111704.5
2016-11-28 06:45:00,7252477
2016-11-29 07:45:00,6257517
2016-11-30 08:45:00,3043282
2016-12-01 09:45:00,5183271
2016-12-02 10:45:00,26177022
2016-12-03 11:45:00,4846102
2016-12-04 12:45:00,5771537.5
2016-12-05 13:45:00,4660235.5
2016-12-06 14:45:00,12074055
2016-12-07 15:45:00,15070897
2016-12-08 16:45:00,6851062
2016-12-09 17:45:00,10007525
2016-12-10 18:45:00,9045854
2016-12-11 19:45:00,5239068
2016-12-12 20:45:00,9143000.5
2016-12-13 21:45:00,6055506.5
2016-12-14 22:45:00,8229650
2016-12-15 23:45:00,17928847
2016-12-17 00:45:00,10754482.5
2016-12-18 01:45:00,9011899.5
2016-12-19 02:45:00,5835680.5
2016-12-20 03:45:00,12707187
2016-12-21 04:45:00,10891635
2016-12-22 05:45:00,7308094
2016-12-23 06:45:00,5416067
2016-12-24 07:45:00,11898450
2016-12-25 08:45:00,2546398
2016-12-26 09:45:00,3795424
2016-12-27 10:45:00,2756559
2016-12-28 11:45:00,2434153
2016-12-29 12:45:00,5767914.5
2016-12-30 13:45:00,6493939
2016-12-31 14:45:00,4333116.5
2017-01-01 15:45:00,2775015
2017-01-02 16:45:00,8928627.5
2017-01-03 17:45:00,6970610.5
2017-01-04 18:45:00,6447841.5
2017-01-05 19:45:00,34028130.5
2017-01-06 20:45:00,21510118.5
2017-01-07 21:45:00,18255541
2017-01-08 22:45:00,6799368
2017-01-09 23:45:00,18723160
2017-01-11 00:45:00,9129530.5
2017-01-12 01:45:00,11545753.5
2017-01-13 02:45:00,2854761.5
2017-01-14 03:45:00,2414120.5
2017-01-15 04:45:00,2305960
2017-01-16 05:45:00,2312907.5
2017-01-17 06:45:00,2544394.5
2017-01-18 07:45:00,5406581.5
2017-01-19 08:45:00,1753363.5
2017-01-20 09:45:00,2870865.5
2017-01-21 10:45:00,2728080
2017-01-22 11:45:00,2494123.5
2017-01-23 12:45:00,5631209
2017-01-24 13:45:00,30023816.5
2017-01-25 14:45:00,29197645.5
2017-01-26 15:45:00,11563888
2017-01-27 16:45:00,1425579
2017-01-28 17:45:00,6281122
2017-01-29 18:45:00,1435919.5
2017-01-30 19:45:00,29712743.5
2017-01-31 20:45:00,37808850
2017-02-01 21:45:00,19359138.5
2017-02-02 22:45:00,31068847.5
2017-02-03 23:45:00,30974417
2017-02-05 00:45:00,23109082
2017-02-06 01:45:00,21667148
2017-02-07 02:45:00,46772835.5
2017-02-08 03:45:00,41274750.5
2017-02-09 04:45:00,31249810.5
2017-02-10 05:45:00,26887665
2017-02-11 06:45:00,15947452.5
2017-02-12 07:45:00,6491745
2017-02-13 08:45:00,9726842.5
2017-02-14 09:45:00,5087281.5
2017-02-15 10:45:00,11669945
2017-02-16 11:45:00,10327973
2017-02-17 12:45:00,18709384
2017-02-18 13:45:00,15947767
2017-02-19 14:45:00,11319653
2017-02-20 15:45:00,22586973
2017-02-21 16:45:00,41364223
2017-02-22 17:45:00,57056675
2017-02-23 18:45:00,56823272.5
2017-02-24 19:45:00,58446959.5
2017-02-25 20:45:00,40323303
2017-02-26 21:45:00,8957476
2017-02-27 22:45:00,31626235.5
2017-02-28 23:45:00,42333995
2017-03-02 00:45:00,54833029.5
2017-03-03 01:45:00,63443825
2017-03-04 02:45:00,56364430.5
2017-03-05 03:45:00,50383000
2017-03-06 04:45:00,49435033
2017-03-07 05:45:00,60227827.5
2017-03-08 06:45:00,53857417.5
2017-03-09 07:45:00,54797927
2017-03-10 08:45:00,48539835.5
2017-03-11 09:45:00,42785331
2017-03-12 10:45:00,32401334.5
2017-03-13 11:45:00,16050090.5
2017-03-14 12:45:00,22678329
2017-03-15 13:45:00,28647800
2017-03-16 14:45:00,29294565
2017-03-17 15:45:00,25077860
2017-03-18 16:45:00,14344568.5
2017-03-19 17:45:00,4610665.5
2017-03-20 18:45:00,12100854
2017-03-21 19:45:00,11230125.5
2017-03-22 20:45:00,7798874
2017-03-23 21:45:00,10899220
2017-03-24 22:45:00,950284
2017-03-25 23:45:00,2051436.5
2017-03-27 00:45:00,299362.5
2017-03-28 01:45:00,15523765.5
2017-03-29 02:45:00,15604671
2017-03-30 03:45:00,7966102
2017-03-31 04:45:00,5860787.5
2017-04-01 05:45:00,8490213
2017-04-02 06:45:00,503081.5
2017-04-03 07:45:00,2044836.5
2017-04-04 08:45:00,10495605.5
2017-04-05 09:45:00,12117347.5
2017-04-06 10:45:00,13011637
2017-04-07 11:45:00,18493775
2017-04-08 12:45:00,24182057
2017-04-09 13:45:00,4497475.5
2017-04-10 14:45:00,8867803
2017-04-11 15:45:00,15190462.5
2017-04-12 16:45:00,17013563
2017-04-13 17:45:00,32545884.5
2017-04-14 18:45:00,35357974
2017-04-15 19:45:00,18720777.5
2017-04-16 20:45:00,1275956.5
2017-04-17 21:45:00,13997218
2017-04-18 22:45:00,19463746.5
2017-04-19 23:45:00,17376094
2017-04-21 00:45:00,30461687
2017-04-22 01:45:00,15646943
2017-04-23 02:45:00,22426466
2017-04-24 03:45:00,3576868
2017-04-25 04:45:00,35352447
2017-04-26 05:45:00,28561698.5
2017-04-27 06:45:00,29134557.5
2017-04-28 07:45:00,35606088
2017-04-29 08:45:00,29789824
2017-04-30 09:45:00,16075637.5
2017-05-01 10:45:00,9774868.5
2017-05-02 11:45:00,25601965.5
2017-05-03 12:45:00,43882118.5
2017-05-04 13:45:00,47844818
2017-05-05 14:45:00,81047349.5
2017-05-06 15:45:00,63670601
2017-05-07 16:45:00,49456470.5
2017-05-08 17:45:00,48651473.5
2017-05-09 18:45:00,65649810
2017-05-10 19:45:00,108226473
2017-05-11 20:45:00,113440158
2017-05-12 21:45:00,101251428
2017-05-13 22:45:00,104589007
2017-05-14 23:45:00,87300835
2017-05-16 00:45:00,102134833
2017-05-17 01:45:00,99044066
2017-05-18 02:45:00,99608634
2017-05-19 03:45:00,86787162.5
2017-05-20 04:45:00,98690036.5
2017-05-21 05:45:00,91375852
2017-05-22 06:45:00,106229832
2017-05-23 07:45:00,107598354
2017-05-24 08:45:00,104377263.5
2017-05-25 09:45:00,103225564
2017-05-26 10:45:00,107979704.5
2017-05-27 11:45:00,100330091.5
2017-05-28 12:45:00,98594593.5
2017-05-29 13:45:00,92537193.5
2017-05-30 14:45:00,108299654.5
2017-05-31 15:45:00,101352901
2017-06-01 16:45:00,103049399
2017-06-02 17:45:00,103639434
2017-06-03 18:45:00,92338825.5
2017-06-04 19:45:00,74759259.5
2017-06-05 20:45:00,71506884
2017-06-06 21:45:00,78458747.5
2017-06-07 22:45:00,74141304
2017-06-08 23:45:00,53700002.5
2017-06-10 00:45:00,52980091.5
2017-06-11 01:45:00,45620443.5
2017-06-12 02:45:00,40733499.5
2017-06-13 03:45:00,52087968
2017-06-14 04:45:00,58627925
2017-06-15 05:45:00,57304129.5
2017-06-16 06:45:00,43729677
2017-06-17 07:45:00,41516969
2017-06-18 08:45:00,33548639
2017-06-19 09:45:00,12770528.5
2017-06-20 10:45:00,15028835
2017-06-21 11:45:00,25306547.5
2017-06-22 12:45:00,28993718.5
2017-06-23 13:45:00,15230533.5
2017-06-24 14:45:00,22930823
2017-06-25 15:45:00,12887628.5
2017-06-26 16:45:00,17440212.5
2017-06-27 17:45:00,19574951.5
2017-06-28 18:45:00,18073561
2017-06-29 19:45:00,30858563.5
2017-06-30 20:45:00,16715330.5
2017-07-01 21:45:00,6730797.5
2017-07-02 22:45:00,4842506
2017-07-03 23:45:00,2429737.5
2017-07-05 00:45:00,8060481.5
2017-07-06 01:45:00,19592207
2017-07-07 02:45:00,19997104
2017-07-08 03:45:00,11486831
2017-07-09 04:45:00,2334985
2017-07-10 05:45:00,1903595
2017-07-11 06:45:00,21867118
2017-07-12 07:45:00,8695330.5
2017-07-13 08:45:00,26634109.5
2017-07-14 09:45:00,22312375.5
2017-07-15 10:45:00,37987348.5
2017-07-16 11:45:00,25503256.5
2017-07-17 12:45:00,26582248.5
2017-07-18 13:45:00,27403033
2017-07-19 14:45:00,33400814
2017-07-20 15:45:00,39708360
2017-07-21 16:45:00,33615555
2017-07-22 17:45:00,18541810
2017-07-23 18:45:00,14053871
2017-07-24 19:45:00,2352699
2017-07-25 20:45:00,36196577
2017-07-26 21:45:00,18732213
2017-07-27 22:45:00,8509672.5
2017-07-28 23:45:00,9251289
2017-07-30 00:45:00,1533218
2017-07-31 01:45:00,7483836.5
2017-08-01 02:45:00,1756211
2017-08-02 03:45:00,5342687
2017-08-03 04:45:00,8595760.5
2017-08-04 05:45:00,27486605.5
2017-08-05 06:45:00,14118554.5
2017-08-06 07:45:00,2750506.5
2017-08-07 08:45:00,21622455.5
2017-08-08 09:45:00,27400704
2017-08-09 10:45:00,37148606
2017-08-10 11:45:00,42779122.5
2017-08-11 12:45:00,50678597.5
2017-08-12 13:45:00,9799625
2017-08-13 14:45:00,30546528
2017-08-14 15:45:00,48653723
2017-08-15 16:45:00,46130958.5
2017-08-16 17:45:00,70111538.5
2017-08-17 18:45:00,48783949.5
2017-08-18 19:45:00,55175027
2017-08-19 20:45:00,50881234.5
2017-08-20 21:45:00,43869464
2017-08-21 22:45:00,72962907.5
2017-08-22 23:45:00,95421687.5
2017-08-24 00:45:00,67000851.5
2017-08-25 01:45:00,85877101
2017-08-26 02:45:00,101843448
2017-08-27 03:45:00,83183460.5
2017-08-28 04:45:00,60418345.5
2017-08-29 05:45:00,68318326.5
2017-08-30 06:45:00,15458675
2017-08-31 07:45:00,5375693
2017-09-01 08:45:00,29164378
2017-09-02 09:45:00,4366248
2017-09-03 10:45:00,5378367.5
2017-09-04 11:45:00,5111909.5
2017-09-05 12:45:00,4497866
2017-09-06 13:45:00,6861125
2017-09-07 14:45:00,4572823.5
2017-09-08 15:45:00,7889415
2017-09-09 16:45:00,8309965
2017-09-10 17:45:00,11783357
2017-09-11 18:45:00,14130802
2017-09-12 19:45:00,4774151.5
2017-09-13 20:45:00,5454362.5
2017-09-14 21:45:00,14411736.5
2017-09-15 22:45:00,10854258
2017-09-16 23:45:00,3931125.5
2017-09-18 00:45:00,5541417.5
2017-09-19 01:45:00,17421935.5
2017-09-20 02:45:00,5875647.5
2017-09-21 03:45:00,6743301.5
2017-09-22 04:45:00,5020501.5
2017-09-23 05:45:00,4224453
2017-09-24 06:45:00,3995541
2017-09-25 07:45:00,6015998
2017-09-26 08:45:00,6483736.5
2017-09-27 09:45:00,5122672.5
2017-09-28 10:45:00,0
2017-09-29 11:45:00,5794835
2017-09-30 12:45:00,8931463.5
2017-10-01 13:45:00,5073281.5
2017-10-02 14:45:00,14464783.5
2017-10-03 15:45:00,6436724
2017-10-04 16:45:00,13255151.5
2017-10-05 17:45:00,17410001
2017-10-06 18:45:00,4338580.5
2017-10-07 19:45:00,13211904
2017-10-08 20:45:00,9107608
2017-10-09 21:45:00,21385557
2017-10-10 22:45:00,13667131
2017-10-11 23:45:00,14210822.5
2017-10-13 00:45:00,23500302.5
2017-10-14 01:45:00,39820989.5
2017-10-15 02:45:00,13336565
2017-10-16 03:45:00,4273599
2017-10-17 04:45:00,9930962.5
2017-10-18 05:45:00,5631878.5
2017-10-19 06:45:00,18919376
2017-10-20 07:45:00,18870867.5
2017-10-21 08:45:00,29498445.5
2017-10-22 09:45:00,35492716
2017-10-23 10:45:00,33421610
2017-10-24 11:45:00,41235750
2017-10-25 12:45:00,0
2017-10-26 13:45:00,1911783.5
2017-10-27 14:45:00,31936415
2017-10-28 15:45:00,45770219
2017-10-29 16:45:00,18831090.5
2017-10-30 17:45:00,30580917.5
2017-10-31 18:45:00,35348603.5
2017-11-01 19:45:00,41973832
2017-11-02 20:45:00,49702411
2017-11-03 21:45:00,67114158
2017-11-04 22:45:00,51553512
2017-11-05 23:45:00,48074793.5
2017-11-07 00:45:00,54226629.5
2017-11-08 01:45:00,44545063.5
2017-11-09 02:45:00,66717408.5
2017-11-10 03:45:00,68537885
2017-11-11 04:45:00,101402996
2017-11-12 05:45:00,105104275.5
2017-11-13 06:45:00,84934273.5
2017-11-14 07:45:00,107744351.5
2017-11-15 08:45:00,95577728
2017-11-16 09:45:00,96296711
2017-11-17 10:45:00,89123659.5
2017-11-18 11:45:00,92723678.5
2017-11-19 12:45:00,61984033
2017-11-20 13:45:00,64315227.5
2017-11-21 14:45:00,69514620
2017-11-22 15:45:00,65557492
2017-11-23 16:45:00,68598584
2017-11-24 17:45:00,68631194
2017-11-25 18:45:00,54856027
2017-11-26 19:45:00,65303943
2017-11-27 20:45:00,65705534.5
2017-11-28 21:45:00,90278545.5
2017-11-29 22:45:00,108648583
2017-11-30 23:45:00,105063590
2017-12-02 00:45:00,87795015.5
2017-12-03 01:45:00,79535656.5
2017-12-04 02:45:00,73228455.5
2017-12-05 03:45:00,87165601.5
2017-12-06 04:45:00,98970617.5
2017-12-07 05:45:00,115906763
2017-12-08 06:45:00,86583361
2017-12-09 07:45:00,75481833
2017-12-10 08:45:00,68845841
2017-12-11 09:45:00,116099430
2017-12-12 10:45:00,122784656.5
2017-12-13 11:45:00,111482238.5
2017-12-14 12:45:00,114406707.5
2017-12-15 13:45:00,108368384
2017-12-16 14:45:00,111271384
2017-12-17 15:45:00,114864697
2017-12-18 16:45:00,108424329.5
2017-12-19 17:45:00,106897629
2017-12-20 18:45:00,106442863.5
2017-12-21 19:45:00,103267150
2017-12-22 20:45:00,105555456.5
2017-12-23 21:45:00,121733209
2017-12-24 22:45:00,116709655
2017-12-25 23:45:00,115876676
2017-12-27 00:45:00,111887283
2017-12-28 01:45:00,113673217
2017-12-29 02:45:00,113531285.5
2017-12-30 03:45:00,110683567
2017-12-31 04:45:00,97385921.5
2018-01-01 05:45:00,118321015
2018-01-02 06:45:00,114297669
2018-01-03 07:45:00,117762544
2018-01-04 08:45:00,117150221.5
2018-01-05 09:45:00,112877798
2018-01-06 10:45:00,102238011.5
2018-01-07 11:45:00,107392308
2018-01-08 12:45:00,110588700
2018-01-09 13:45:00,134201817.5
2018-01-10 14:45:00,135374142.5
2018-01-11 15:45:00,138526839.5
2018-01-12 16:45:00,135138757.5
2018-01-13 17:45:00,129450256.5
2018-01-14 18:45:00,125388045
2018-01-15 19:45:00,124760969.5
2018-01-16 20:45:00,89300720
2018-01-17 21:45:00,122198469.5
2018-01-18 22:45:00,113084445.5
2018-01-19 23:45:00,97805195.5
2018-01-21 00:45:00,104712238.5
2018-01-22 01:45:00,118912781
2018-01-23 02:45:00,106520573
2018-01-24 03:45:00,125846752.5
2018-01-25 04:45:00,117516178
2018-01-26 05:45:00,108848519.5
2018-01-27 06:45:00,79581354
2018-01-28 07:45:00,87942715
2018-01-29 08:45:00,55873271
2018-01-30 09:45:00,46497763
2018-01-31 10:45:00,52577171
2018-02-01 11:45:00,49982105.5
2018-02-02 12:45:00,62035278
2018-02-03 13:45:00,40895479.5
2018-02-04 14:45:00,35077572.5
2018-02-05 15:45:00,15333388
2018-02-06 16:45:00,30973635.5
2018-02-07 17:45:00,31895480
2018-02-08 18:45:00,23831154.5
2018-02-09 19:45:00,31904863
2018-02-10 20:45:00,33978874
2018-02-11 21:45:00,27840804.5
2018-02-12 22:45:00,15996363.5
2018-02-13 23:45:00,24168245
2018-02-15 00:45:00,4471498
2018-02-16 01:45:00,3291243.5
2018-02-17 02:45:00,26745637.5
2018-02-18 03:45:00,37575152
2018-02-19 04:45:00,30679179.5
2018-02-20 05:45:00,20052529
2018-02-21 06:45:00,5959079.5
2018-02-22 07:45:00,655635
2018-02-23 08:45:00,3548037.5
2018-02-24 09:45:00,72094811.5
2018-02-25 10:45:00,279319.5
2018-02-26 11:45:00,28672178
2018-02-27 12:45:00,70715830.5
2018-02-28 13:45:00,23084278.5
2018-03-01 14:45:00,23487759.5
2018-03-02 15:45:00,1780779.5
2018-03-03 16:45:00,31343937.5
2018-03-04 17:45:00,28021388.5
2018-03-05 18:45:00,31688696.5
2018-03-06 19:45:00,37802418.5
2018-03-07 20:45:00,23354084
2018-03-08 21:45:00,20718585
2018-03-09 22:45:00,14558875.5
2018-03-10 23:45:00,11919726
2018-03-12 00:45:00,3449915.5
2018-03-13 01:45:00,518377.5
2018-03-14 02:45:00,507523.5
2018-03-15 03:45:00,590919.5
2018-03-16 04:45:00,191099
2018-03-17 05:45:00,78906.5
2018-03-18 06:45:00,573565
2018-03-19 07:45:00,547760
2018-03-20 08:45:00,412999
2018-03-21 09:45:00,374668
2018-03-22 10:45:00,741633.5
2018-03-23 11:45:00,7204627.5
2018-03-24 12:45:00,840501.5
2018-03-25 13:45:00,8577466
2018-03-26 14:45:00,8616083
2018-03-27 15:45:00,8047645
2018-03-28 16:45:00,391311.5
2018-03-29 17:45:00,344178
2018-03-30 18:45:00,1283591.5
2018-03-31 19:45:00,1762967.5
2018-04-01 20:45:00,111512.5
2018-04-02 21:45:00,395778
2018-04-03 22:45:00,378126.5
2018-04-04 23:45:00,180393.5
2018-04-06 00:45:00,511862.5
2018-04-07 01:45:00,1655616.5
2018-04-08 02:45:00,170102
2018-04-09 03:45:00,208631.5
2018-04-10 04:45:00,315355.5
2018-04-11 05:45:00,364495
2018-04-12 06:45:00,370727.5
2018-04-13 07:45:00,384948
2018-04-14 08:45:00,5703784
2018-04-15 09:45:00,7193791.5
2018-04-16 10:45:00,2561100
2018-04-17 11:45:00,3040133.5
2018-04-18 12:45:00,360073.5
2018-04-19 13:45:00,819185.5
2018-04-20 14:45:00,471818
2018-04-21 15:45:00,7446067.5
2018-04-22 16:45:00,2434826.5
2018-04-23 17:45:00,442622
2018-04-24 18:45:00,1077316.5
2018-04-25 19:45:00,12253503.5
2018-04-26 20:45:00,1668862.5
2018-04-27 21:45:00,5111161
2018-04-28 22:45:00,518812.5
2018-04-29 23:45:00,363766
2018-05-01 00:45:00,902290.5
2018-05-02 01:45:00,1406000
2018-05-03 02:45:00,696836
2018-05-04 03:45:00,558603
2018-05-05 04:45:00,264584.5
2018-05-06 05:45:00,1540719.5
2018-05-07 06:45:00,201458
2018-05-08 07:45:00,281557
2018-05-09 08:45:00,270431
2018-05-10 09:45:00,3049990.5
2018-05-11 10:45:00,8982280
2018-05-12 11:45:00,325026
2018-05-13 12:45:00,1331694
2018-05-14 13:45:00,7401150.5
2018-05-15 14:45:00,7312444
2018-05-16 15:45:00,512238
2018-05-17 16:45:00,1966694.5
2018-05-18 17:45:00,331317
2018-05-19 18:45:00,1586554.5
2018-05-20 19:45:00,677722
2018-05-21 20:45:00,1323789.5
2018-05-22 21:45:00,260663.5
2018-05-23 22:45:00,233516.5
2018-05-24 23:45:00,320731
2018-05-26 00:45:00,339891
2018-05-27 01:45:00,129709.5
2018-05-28 02:45:00,1039556.5
2018-05-29 03:45:00,180242.5
2018-05-30 04:45:00,244404.5
2018-05-31 05:45:00,1973488.5
2018-06-01 06:45:00,346869.5
2018-06-02 07:45:00,207569.5
2018-06-03 08:45:00,381526.5
2018-06-04 09:45:00,26011909.5
2018-06-05 10:45:00,6159768.5
2018-06-06 11:45:00,8831787
2018-06-07 12:45:00,47087312
2018-06-08 13:45:00,466328
2018-06-09 14:45:00,477189
2018-06-10 15:45:00,956829.5
2018-06-11 16:45:00,5208696
2018-06-12 17:45:00,17861205.5
2018-06-13 18:45:00,10961594.5
2018-06-14 19:45:00,2707177.5
2018-06-15 20:45:00,246254
2018-06-16 21:45:00,89055
2018-06-17 22:45:00,464980.5
2018-06-18 23:45:00,196947
2018-06-20 00:45:00,6227241.5
2018-06-21 01:45:00,197124.5
2018-06-22 02:45:00,934756
2018-06-23 03:45:00,1167728.5
2018-06-24 04:45:00,220191
2018-06-25 05:45:00,277043.5
2018-06-26 06:45:00,7569759.5
2018-06-27 07:45:00,15591378.5
2018-06-28 08:45:00,635328
2018-06-29 09:45:00,939103
2018-06-30 10:45:00,4741498
2018-07-01 11:45:00,312573
2018-07-02 12:45:00,4331013
2018-07-03 13:45:00,33704998.5
2018-07-04 14:45:00,376823.5
2018-07-05 15:45:00,517534.5
2018-07-06 16:45:00,450567.5
2018-07-07 17:45:00,931519.5
2018-07-08 18:45:00,912477.5
2018-07-09 19:45:00,14633372
2018-07-10 20:45:00,211474
2018-07-11 21:45:00,15427040.5
2018-07-12 22:45:00,39531232
2018-07-13 23:45:00,44006230
2018-07-15 00:45:00,16616306
2018-07-16 01:45:00,510373
2018-07-17 02:45:00,3110928
2018-07-18 03:45:00,7172117.5
2018-07-19 04:45:00,440868.5
2018-07-20 05:45:00,289053.5
2018-07-21 06:45:00,677786.5
2018-07-22 07:45:00,248315.5
2018-07-23 08:45:00,520431.5
2018-07-24 09:45:00,2539247
2018-07-25 10:45:00,1119375
2018-07-26 11:45:00,1534027
2018-07-27 12:45:00,2839668
2018-07-28 13:45:00,3983481.5
2018-07-29 14:45:00,3063618
2018-07-30 15:45:00,3208807.5
2018-07-31 16:45:00,7871847
2018-08-01 17:45:00,13678667.5
2018-08-02 18:45:00,1105144
2018-08-03 19:45:00,393906.5
2018-08-04 20:45:00,797610.5
2018-08-05 21:45:00,241499.5
2018-08-06 22:45:00,20019112.5
2018-08-07 23:45:00,316918
2018-08-09 00:45:00,930863.5
2018-08-10 01:45:00,192560.5
2018-08-11 02:45:00,399212
2018-08-12 03:45:00,320376
2018-08-13 04:45:00,325912
2018-08-14 05:45:00,291521
2018-08-15 06:45:00,482761
2018-08-16 07:45:00,374965
2018-08-17 08:45:00,1200901.5
2018-08-18 09:45:00,3214274
2018-08-19 10:45:00,1777802.5
2018-08-20 11:45:00,1177023.5
2018-08-21 12:45:00,1355983.5
2018-08-22 13:45:00,4702927.5
2018-08-23 14:45:00,2625964
2018-08-24 15:45:00,7127083.5
2018-08-25 16:45:00,2387460.5
2018-08-26 17:45:00,613206
2018-08-27 18:45:00,613709.5
2018-08-28 19:45:00,1589962
2018-08-29 20:45:00,348763
2018-08-30 21:45:00,532962.5
2018-08-31 22:45:00,1269321
2018-09-01 23:45:00,654574.5
2018-09-03 00:45:00,306333.5
2018-09-04 01:45:00,254359.5
2018-09-05 02:45:00,522882
2018-09-06 03:45:00,455641.5
2018-09-07 04:45:00,1021781.5
2018-09-08 05:45:00,169740.5
2018-09-09 06:45:00,942678
2018-09-10 07:45:00,524970.5
2018-09-11 08:45:00,1086240.5
2018-09-12 09:45:00,965137
2018-09-13 10:45:00,4089927.5
2018-09-14 11:45:00,9943197
2018-09-15 12:45:00,1424042
2018-09-16 13:45:00,1896578.5
2018-09-17 14:45:00,5903509.5
2018-09-18 15:45:00,827470
2018-09-19 16:45:00,2173188.5
2018-09-20 17:45:00,1022645.5
2018-09-21 18:45:00,480009
2018-09-22 19:45:00,1427004
2018-09-23 20:45:00,303638.5
2018-09-24 21:45:00,1887051
2018-09-25 22:45:00,746614
2018-09-26 23:45:00,1428067
2018-09-28 00:45:00,635687
2018-09-29 01:45:00,1276673.5
2018-09-30 02:45:00,481234
2018-10-01 03:45:00,493716.5
2018-10-02 04:45:00,3562601.5
2018-10-03 05:45:00,356533.5
2018-10-04 06:45:00,996965.5
2018-10-05 07:45:00,268151.5
2018-10-06 08:45:00,1174873
2018-10-07 09:45:00,641438.5
2018-10-08 10:45:00,514053
2018-10-09 11:45:00,535290.5
2018-10-10 12:45:00,1825421.5
2018-10-11 13:45:00,7153298.5
2018-10-12 14:45:00,14580715
2018-10-13 15:45:00,1985158.5
2018-10-14 16:45:00,3812131.5
2018-10-15 17:45:00,4533830.5
2018-10-16 18:45:00,12421441
2018-10-17 19:45:00,5720180.5
2018-10-18 20:45:00,276837
2018-10-19 21:45:00,380246.5
2018-10-20 22:45:00,529614
2018-10-21 23:45:00,668087
2018-10-23 00:45:00,262598.5
2018-10-24 01:45:00,2724220
2018-10-25 02:45:00,715741
2018-10-26 03:45:00,2379723
2018-10-27 04:45:00,262764.5
2018-10-28 05:45:00,703578.5
2018-10-29 06:45:00,383431
2018-10-30 07:45:00,1984591.5
2018-10-31 08:45:00,1035124.5
2018-11-01 09:45:00,2048694
2018-11-02 10:45:00,7892858.5
2018-11-03 11:45:00,308053.5
2018-11-04 12:45:00,2529395
2018-11-05 13:45:00,11755163.5
2018-11-06 14:45:00,11606956.5
2018-11-07 15:45:00,10693586.5
2018-11-08 16:45:00,8861003
2018-11-09 17:45:00,8337230
2018-11-10 18:45:00,9252932.5
2018-11-11 19:45:00,600080
2018-11-12 20:45:00,2056737
2018-11-13 21:45:00,7488476
2018-11-14 22:45:00,15538140
2018-11-15 23:45:00,7504231
2018-11-17 00:45:00,322192.5
2018-11-18 01:45:00,753306
2018-11-19 02:45:00,580416
2018-11-20 03:45:00,22602035.5
2018-11-21 04:45:00,18398228.5
2018-11-22 05:45:00,9553781.5
2018-11-23 06:45:00,1817106
2018-11-24 07:45:00,3600758
2018-11-25 08:45:00,893986
2018-11-26 09:45:00,3648583
2018-11-27 10:45:00,4718932.5
2018-11-28 11:45:00,1034005
2018-11-29 12:45:00,7555901
2018-11-30 13:45:00,13971591
2018-12-01 14:45:00,3062528
2018-12-02 15:45:00,251613.5
2018-12-03 16:45:00,15070546.5
2018-12-04 17:45:00,3724596
2018-12-05 18:45:00,8607355.5
2018-12-06 19:45:00,1680781.5
2018-12-07 20:45:00,5272053.5
2018-12-08 21:45:00,2138340
2018-12-09 22:45:00,427315.5
2018-12-10 23:45:00,2243279.5
2018-12-12 00:45:00,1100971
2018-12-13 01:45:00,1875986
2018-12-14 02:45:00,1247964
2018-12-15 03:45:00,1426518
2018-12-16 04:45:00,4579807
2018-12-17 05:45:00,1917261
2018-12-18 06:45:00,2518809
2018-12-19 07:45:00,824194
2018-12-20 08:45:00,1380384.5
2018-12-21 09:45:00,2852639
2018-12-22 10:45:00,502364.5
2018-12-23 11:45:00,235884
2018-12-24 12:45:00,2995007
2018-12-25 13:45:00,4761718.5
2018-12-26 14:45:00,422795.5
2018-12-27 15:45:00,3246545
2018-12-28 16:45:00,2397471
2018-12-29 17:45:00,1637117.5
2018-12-30 18:45:00,374552
2018-12-31 19:45:00,251358.5
2019-01-01 20:45:00,1170984
2019-01-02 21:45:00,1556657.5
2019-01-03 22:45:00,484521
2019-01-04 23:45:00,2267290.5
2019-01-06 00:45:00,1135786
2019-01-07 01:45:00,802671.5
2019-01-08 02:45:00,224923
2019-01-09 03:45:00,1670029
2019-01-10 04:45:00,1158613.5
2019-01-11 05:45:00,3224457.5
2019-01-12 06:45:00,188080.5
2019-01-13 07:45:00,157306
2019-01-14 08:45:00,3580119
2019-01-15 09:45:00,2033433.5
2019-01-16 10:45:00,1758205
2019-01-17 11:45:00,3427634.5
2019-01-18 12:45:00,2281164.5
2019-01-19 13:45:00,2285794
2019-01-20 14:45:00,1140226.5
2019-01-21 15:45:00,1889605
2019-01-22 16:45:00,8069950
2019-01-23 17:45:00,9166776
2019-01-24 18:45:00,3165281.5
2019-01-25 19:45:00,5106630
2019-01-26 20:45:00,1878110
2019-01-27 21:45:00,2732251
2019-01-28 22:45:00,1782543
2019-01-29 23:45:00,786174.5
2019-01-31 00:45:00,1862225
2019-02-01 01:45:00,3433847
2019-02-02 02:45:00,234445.5
2019-02-03 03:45:00,1519169
2019-02-04 04:45:00,1270822.5
2019-02-05 05:45:00,640487
2019-02-06 06:45:00,1857781.5
2019-02-07 07:45:00,769122.5
2019-02-08 08:45:00,2308809
2019-02-09 09:45:00,1174590
2019-02-10 10:45:00,975700.5
2019-02-11 11:45:00,2264867
2019-02-12 12:45:00,14559308
2019-02-13 13:45:00,11525912.5
2019-02-14 14:45:00,3783414.5
2019-02-15 15:45:00,17100662.5
2019-02-16 16:45:00,190790
2019-02-17 17:45:00,472160
2019-02-18 18:45:00,4467113.5
2019-02-19 19:45:00,12865559.5
2019-02-20 20:45:00,2393017.5
2019-02-21 21:45:00,11666533.5
2019-02-22 22:45:00,266912
2019-02-23 23:45:00,3204384.5
2019-02-25 00:45:00,1248261.5
2019-02-26 01:45:00,5860394.5
2019-02-27 02:45:00,5186918
2019-02-28 03:45:00,2286980.5
2019-03-01 04:45:00,513282.5
2019-03-02 05:45:00,533284
2019-03-03 06:45:00,1999239
2019-03-04 07:45:00,2705605.5
2019-03-05 08:45:00,1639404.5
2019-03-06 09:45:00,7222129
2019-03-07 10:45:00,396463.5
2019-03-08 11:45:00,4902733
2019-03-09 12:45:00,538512.5
2019-03-10 13:45:00,566492.5
2019-03-11 14:45:00,6800246
2019-03-12 15:45:00,8124631.5
2019-03-13 16:45:00,10532079
2019-03-14 17:45:00,2845909.5
2019-03-15 18:45:00,5190782
2019-03-16 19:45:00,369427
2019-03-17 20:45:00,346654.5
2019-03-18 21:45:00,2167949.5
2019-03-19 22:45:00,453432.5
2019-03-20 23:45:00,271275
2019-03-22 00:45:00,370129
2019-03-23 01:45:00,1471640.5
2019-03-24 02:45:00,101746.5
2019-03-25 03:45:00,374896.5
2019-03-26 04:45:00,2625066
2019-03-27 05:45:00,4962496
2019-03-28 06:45:00,14853897.5
2019-03-29 07:45:00,12171295.5
2019-03-30 08:45:00,12442176
2019-03-31 09:45:00,9989412.5
2019-04-01 10:45:00,20326016.5
2019-04-02 11:45:00,28198464
2019-04-03 12:45:00,39274281.5
2019-04-04 13:45:00,47559851.5
2019-04-05 14:45:00,21602043.5
2019-04-06 15:45:00,7454888
2019-04-07 16:45:00,9130898.5
2019-04-08 17:45:00,4568422.5
2019-04-09 18:45:00,14419840
2019-04-10 19:45:00,6286084.5
2019-04-11 20:45:00,4269683
2019-04-12 21:45:00,1520153
2019-04-13 22:45:00,1732945.5
2019-04-14 23:45:00,4165783
2019-04-16 00:45:00,5046722
2019-04-17 01:45:00,7615351
2019-04-18 02:45:00,7154094.5
2019-04-19 03:45:00,12412078
2019-04-20 04:45:00,7184220.5
2019-04-21 05:45:00,2299228
2019-04-22 06:45:00,4978553
2019-04-23 07:45:00,14566882.5
2019-04-24 08:45:00,18192486.5
2019-04-25 09:45:00,12097305.5
2019-04-26 10:45:00,11551800.5
2019-04-27 11:45:00,5691221.5
2019-04-28 12:45:00,3074381
2019-04-29 13:45:00,11269502
2019-04-30 14:45:00,13923074
2019-05-01 15:45:00,1849926.5
2019-05-02 16:45:00,4227287
2019-05-03 17:45:00,16988510
2019-05-04 18:45:00,8881717
2019-05-05 19:45:00,9425977
2019-05-06 20:45:00,8362145.5
2019-05-07 21:45:00,20579063.5
2019-05-08 22:45:00,14298200
2019-05-09 23:45:00,3748327
2019-05-11 00:45:00,23502956
2019-05-12 01:45:00,19703227.5
2019-05-13 02:45:00,5739014
2019-05-14 03:45:00,6956786
2019-05-15 04:45:00,17278899
2019-05-16 05:45:00,35808570
2019-05-17 06:45:00,37344046.5
2019-05-18 07:45:00,30863052
2019-05-19 08:45:00,948855
2019-05-20 09:45:00,3759940.5
2019-05-21 10:45:00,15131318
2019-05-22 11:45:00,8411444
2019-05-23 12:45:00,7711396.5
2019-05-24 13:45:00,13108151.5
2019-05-25 14:45:00,6531659
2019-05-26 15:45:00,3223793.5
2019-05-27 16:45:00,14016068
2019-05-28 17:45:00,18323074.5
2019-05-29 18:45:00,4753463.5
2019-05-30 19:45:00,15095722.5
2019-05-31 20:45:00,35671532.5
2019-06-01 21:45:00,11566490.5
2019-06-02 22:45:00,3510703
2019-06-03 23:45:00,15872074
2019-06-05 00:45:00,7421226
2019-06-06 01:45:00,1113702
2019-06-07 02:45:00,1464322
2019-06-08 03:45:00,688947
2019-06-09 04:45:00,937840
2019-06-10 05:45:00,2085832
2019-06-11 06:45:00,6095614.5
2019-06-12 07:45:00,9994072.5
2019-06-13 08:45:00,11711610
2019-06-14 09:45:00,11817400
2019-06-15 10:45:00,3306767
2019-06-16 11:45:00,5542971
2019-06-17 12:45:00,13277959
2019-06-18 13:45:00,18358937.5
2019-06-19 14:45:00,14593557.5
2019-06-20 15:45:00,25324068
2019-06-21 16:45:00,30068276
2019-06-22 17:45:00,37187125
2019-06-23 18:45:00,382732.5
2019-06-24 19:45:00,4623458
2019-06-25 20:45:00,19728036.5
2019-06-26 21:45:00,32963824.5
2019-06-27 22:45:00,47161387.5
2019-06-28 23:45:00,26677771.5
2019-06-30 00:45:00,528266.5
2019-07-01 01:45:00,472049
2019-07-02 02:45:00,15625077.5
2019-07-03 03:45:00,3163283
2019-07-04 04:45:00,3677636.5
2019-07-05 05:45:00,599872.5
2019-07-06 06:45:00,1118211.5
2019-07-07 07:45:00,626201.5
2019-07-08 08:45:00,479966
2019-07-09 09:45:00,4001273
2019-07-10 10:45:00,18238996
2019-07-11 11:45:00,21059271
2019-07-12 13:00:00,11307181
2019-07-13 14:00:00,1531015
2019-07-14 15:00:00,6258003
2019-07-15 16:00:00,14459883
2019-07-16 17:00:00,2856972
2019-07-17 18:00:00,32414378
2019-07-18 19:00:00,49833100
2019-07-19 20:15:00,49158582
2019-07-20 21:30:00,1233997.5
2019-07-21 22:30:00,2229036
2019-07-22 23:30:00,3336727.5
2019-07-24 00:30:00,572521.5
2019-07-25 01:30:00,9924138.5
2019-07-26 02:30:00,911201
2019-07-27 03:30:00,450296.5
2019-07-28 04:30:00,355227
2019-07-29 05:30:00,494126
2019-07-30 06:30:00,2199488
2019-07-31 07:30:00,2534444.5
2019-08-01 08:30:00,2931382.5
2019-08-02 09:30:00,5409988
2019-08-03 10:30:00,887443
2019-08-04 11:30:00,445276
2019-08-05 12:30:00,3094472
2019-08-06 13:30:00,9004957.5
2019-08-07 14:30:00,12378240.5
2019-08-08 15:30:00,13497694.5
2019-08-09 16:30:00,11539871.5
2019-08-10 17:30:00,931519.5
2019-08-11 18:30:00,405699.5
2019-08-12 19:30:00,15363247.5
2019-08-13 20:30:00,11860891.5
2019-08-14 21:30:00,469707.5
2019-08-15 22:30:00,899223
2019-08-16 23:30:00,627318
2019-08-18 00:30:00,555446
2019-08-19 01:30:00,522688
2019-08-20 02:30:00,274802
2019-08-21 03:30:00,584667.5
2019-08-22 04:30:00,2351176.5
2019-08-23 05:30:00,1466850
2019-08-24 06:30:00,586396
2019-08-25 07:30:00,1525240
2019-08-26 08:30:00,2143872
2019-08-27 09:30:00,4675450.5
2019-08-28 10:30:00,2680763
2019-08-29 11:30:00,2975061.5
2019-08-30 12:30:00,2789076
2019-08-31 13:30:00,3829462
2019-09-01 14:30:00,482877
2019-09-02 15:30:00,7041311.5
2019-09-03 16:30:00,7838877.5
2019-09-04 17:30:00,12181013
2019-09-05 18:30:00,7169851.5
2019-09-06 19:30:00,2011524.5
2019-09-07 20:30:00,1768033.5
2019-09-08 21:30:00,630418
2019-09-09 22:30:00,3814950
2019-09-10 23:30:00,497999
2019-09-12 00:30:00,1139026
2019-09-13 01:30:00,1742252.5
2019-09-14 02:30:00,652710
2019-09-15 03:30:00,1062419.5
2019-09-16 04:30:00,923785.5
2019-09-17 05:30:00,272718
2019-09-18 06:30:00,1097241
2019-09-19 07:30:00,1082319
2019-09-20 08:30:00,672246.5
2019-09-21 09:30:00,537845.5
2019-09-22 10:30:00,375254.5
2019-09-23 11:30:00,9235662.5
2019-09-24 12:30:00,475311
2019-09-25 13:30:00,9952497.5
2019-09-26 14:30:00,4590814
2019-09-27 15:30:00,10775266.5
2019-09-28 16:30:00,278045.5
2019-09-29 17:30:00,525823
2019-09-30 18:30:00,16412128.5
2019-10-01 19:30:00,1716211.5
2019-10-02 20:30:00,1637453
2019-10-03 21:30:00,1553788.5
2019-10-04 22:30:00,937060
2019-10-05 23:30:00,422927
2019-10-07 00:30:00,502229
2019-10-08 01:30:00,1057155
2019-10-09 02:30:00,1928962
2019-10-10 03:30:00,466274
2019-10-11 04:30:00,553279
2019-10-12 05:30:00,217228
2019-10-13 06:30:00,585641.5
2019-10-14 07:30:00,1180687
2019-10-15 08:30:00,1004762.5
2019-10-16 09:30:00,2281004
2019-10-17 10:30:00,3588208
2019-10-18 11:30:00,4110944
2019-10-19 12:30:00,1125679
2019-10-20 13:30:00,1590513.5
2019-10-21 14:30:00,740155.5
2019-10-22 15:30:00,7212544
2019-10-23 16:30:00,781239.5
2019-10-24 17:30:00,9324021.5
2019-10-25 18:30:00,14663244
2019-10-26 19:30:00,13595898.5
2019-10-27 20:30:00,6018881
2019-10-28 21:30:00,5192387
2019-10-29 22:30:00,721475.5
2019-10-30 23:30:00,1781107.5
2019-11-01 00:30:00,8350045.5
2019-11-02 01:30:00,324093
2019-11-03 02:30:00,1545333
2019-11-04 03:30:00,2694639.5
2019-11-05 04:30:00,3319075.5
2019-11-06 05:30:00,1760249.5
2019-11-07 06:30:00,1100473
2019-11-08 07:30:00,558990.5
2019-11-09 08:30:00,425344
2019-11-10 09:30:00,245854
2019-11-11 10:30:00,755774
2019-11-12 11:30:00,287764
2019-11-13 12:30:00,4046458.5
2019-11-14 13:30:00,4703326
2019-11-15 14:30:00,92741123
2019-11-16 15:30:00,53377290.5
2019-11-17 16:30:00,10784270
2019-11-18 17:30:00,4454965
2019-11-19 18:30:00,3243383
2019-11-20 19:30:00,2067907.5
2019-11-21 20:30:00,1650881
2019-11-22 21:30:00,8548866.5
2019-11-23 22:30:00,308799
2019-11-24 23:30:00,196503.5
2019-11-26 00:30:00,18618164
2019-11-27 01:30:00,7956864.5
2019-11-28 02:30:00,429370.5
2019-11-29 03:30:00,1275411
2019-11-30 04:30:00,2134383.5
2019-12-01 05:30:00,261203
2019-12-02 06:30:00,600514.5
2019-12-03 07:30:00,585667
2019-12-04 08:30:00,619398.5
2019-12-05 09:30:00,670768
2019-12-06 10:30:00,1340641.5
2019-12-07 11:30:00,1048160
2019-12-08 12:30:00,434289.5
2019-12-09 13:30:00,4889100.5
2019-12-10 14:30:00,7613020
2019-12-11 15:30:00,7395167
2019-12-12 16:30:00,9256353.5
2019-12-13 17:30:00,1897899.5
2019-12-14 18:30:00,1212945
2019-12-15 19:30:00,3751640
2019-12-16 20:30:00,1024445
2019-12-17 21:30:00,13377320.5
2019-12-18 22:30:00,5585655.5
2019-12-19 23:30:00,454972
2019-12-21 00:30:00,326710
2019-12-22 01:30:00,1069050.5
2019-12-23 02:30:00,589654.5
2019-12-24 03:30:00,4945079.5
2019-12-25 04:30:00,2192472
2019-12-26 05:30:00,396144.5
2019-12-27 06:30:00,1548180
2019-12-28 07:30:00,692885
2019-12-29 08:30:00,817761
2019-12-30 09:30:00,863098.5
2019-12-31 10:30:00,220963.5
2020-01-01 11:30:00,328187.5
2020-01-02 12:30:00,230929.5
2020-01-03 13:30:00,5546840
2020-01-04 14:30:00,3342832.5
2020-01-05 15:30:00,711328
2020-01-06 16:30:00,6347701
2020-01-07 17:30:00,3252271.5
2020-01-08 18:30:00,14362872.5
2020-01-09 19:30:00,2323794
2020-01-10 20:30:00,1341668.5
2020-01-11 21:30:00,492950.5
2020-01-12 22:30:00,315309
2020-01-13 23:30:00,11864862
2020-01-15 00:30:00,2577957.5
2020-01-16 01:30:00,1981133.5
2020-01-17 02:30:00,458037
2020-01-18 03:30:00,283243.5
2020-01-19 04:30:00,1311689
2020-01-20 05:30:00,1348855
2020-01-21 06:30:00,222724
2020-01-22 07:30:00,671836.5
2020-01-23 08:30:00,449777
2020-01-24 09:30:00,187620
2020-01-25 10:30:00,852070.5
2020-01-26 11:30:00,351061
2020-01-27 12:30:00,5534300.5
2020-01-28 13:30:00,5293933.5
2020-01-29 14:30:00,5654148
2020-01-30 15:30:00,9492808.5
2020-01-31 16:30:00,10933786.5
2020-02-01 17:30:00,2209745
2020-02-02 18:30:00,2703853
2020-02-03 19:30:00,4021580
2020-02-04 20:30:00,8970239
2020-02-05 21:30:00,2268630
2020-02-06 22:30:00,27229579.5
2020-02-07 23:30:00,15122268
2020-02-09 00:30:00,293431.5
2020-02-10 01:30:00,365915
2020-02-11 02:30:00,13802618.5
2020-02-12 03:30:00,230335.5
2020-02-13 05:00:00,6133597
2020-02-14 06:00:00,1926047
2020-02-15 07:00:00,1790976.5
2020-02-16 08:00:00,1593241.5
2020-02-17 09:00:00,967409.5
2020-02-18 10:00:00,1818959
2020-02-19 11:00:00,2457554
2020-02-20 12:00:00,1816342.5
2020-02-21 13:00:00,1111466
2020-02-22 14:00:00,992544
2020-02-23 15:00:00,2255593
2020-02-24 16:00:00,8288858.5
2020-02-25 17:00:00,11440822.5
2020-02-26 18:00:00,9191084
2020-02-27 19:00:00,5382718.5
2020-02-28 20:00:00,1631174
2020-02-29 21:00:00,2082180
2020-03-01 22:00:00,562215.5
2020-03-02 23:00:00,5789541.5
2020-03-04 00:00:00,16687249.5
2020-03-05 01:00:00,240032.5
2020-03-06 02:00:00,387162.5
2020-03-07 03:00:00,308636.5
2020-03-08 04:00:00,357736
2020-03-09 05:00:00,347604.5
2020-03-10 06:00:00,1491940.5
2020-03-11 07:00:00,828687
2020-03-12 08:00:00,429035
2020-03-13 09:00:00,15569719.5
2020-03-14 12:00:00,3429459
2020-03-15 13:00:00,2953577
2020-03-16 14:00:00,12841913
2020-03-17 15:00:00,8381298
2020-03-18 16:00:00,14161865
2020-03-19 17:00:00,8543638.5
2020-03-20 18:00:00,15826624
2020-03-21 19:00:00,5848013
2020-03-22 20:00:00,781236.5
2020-03-23 21:00:00,11875241
2020-03-24 22:00:00,4063076.5
2020-03-25 23:30:00,17739327
2020-03-27 00:30:00,7781952.5
2020-03-28 01:30:00,212253.5
2020-03-29 02:30:00,576666.5
2020-03-30 03:30:00,824151.5
2020-03-31 04:30:00,2300361.5
2020-04-01 05:30:00,1496850
2020-04-02 06:30:00,424518.5
2020-04-03 07:30:00,525573.5
2020-04-04 08:30:00,11836784
2020-04-05 09:30:00,270834.5
2020-04-06 10:30:00,2808102
2020-04-07 11:30:00,2491419
2020-04-08 12:30:00,364725
2020-04-09 13:30:00,14290057.5
2020-04-10 14:30:00,3692807
2020-04-11 15:30:00,2717816.5
2020-04-12 16:30:00,355835
2020-04-13 17:30:00,1103655
2020-04-14 18:30:00,11357065
2020-04-15 19:30:00,8518608
2020-04-16 20:30:00,1930294
2020-04-17 21:30:00,20098010.5
2020-04-18 22:30:00,932800.5
2020-04-19 23:30:00,203036.5
2020-04-21 00:30:00,394583.5
2020-04-22 01:30:00,880003.5
2020-04-23 02:30:00,36325129.5
2020-04-24 03:30:00,17040997.5
2020-04-25 04:30:00,15105400
2020-04-26 05:30:00,2685688.5
2020-04-27 06:30:00,1080641.5
2020-04-28 07:30:00,568791
2020-04-29 08:30:00,1652389
2020-04-30 09:30:00,51587977.5
2020-05-01 10:30:00,64128580.5
2020-05-02 11:30:00,34528189
2020-05-03 12:30:00,1544198
2020-05-04 13:30:00,5651587
2020-05-05 14:30:00,8146602
2020-05-06 15:30:00,8267274.5
2020-05-07 16:30:00,18875645.5
2020-05-08 17:30:00,47649908.5
2020-05-09 18:30:00,56800746
2020-05-10 19:30:00,22388125
2020-05-11 20:30:00,24974398.5
2020-05-12 21:30:00,23543307.5
2020-05-13 22:30:00,34544539.5
2020-05-14 23:30:00,67745248.5
2020-05-16 00:30:00,66643520
2020-05-17 01:30:00,54524592.5
2020-05-18 02:30:00,58780859
2020-05-19 03:30:00,75390138
2020-05-20 04:30:00,79935613.5
2020-05-21 05:30:00,68064962
2020-05-22 06:30:00,80662745.5
2020-05-23 07:30:00,85532429.5
2020-05-24 08:30:00,72777428
2020-05-25 09:30:00,60606524
2020-05-26 10:30:00,58352332.5
2020-05-27 11:30:00,50103304.5
2020-05-28 12:30:00,36444547.5
2020-05-29 13:30:00,29122530
2020-05-30 14:30:00,6202231.5
2020-05-31 15:30:00,5492484
2020-06-01 16:30:00,10632191
2020-06-02 17:30:00,20210418.5
2020-06-03 18:30:00,28126473
2020-06-04 19:30:00,5332628
2020-06-05 20:30:00,5745354
2020-06-06 21:30:00,154029
2020-06-07 22:30:00,1293419
2020-06-08 23:30:00,9547396.5
2020-06-10 00:30:00,250093
2020-06-11 01:30:00,9447029
2020-06-12 02:30:00,639177
2020-06-13 03:30:00,1196902
2020-06-14 04:30:00,552718.5
2020-06-15 05:30:00,1144966
2020-06-16 06:30:00,1576728.5
2020-06-17 07:30:00,7023205
2020-06-18 08:30:00,608772.5
2020-06-19 09:30:00,5322350.5
2020-06-20 10:30:00,1296427
2020-06-21 11:30:00,594532.5
2020-06-22 12:30:00,18116859.5
2020-06-23 13:30:00,24905509
2020-06-24 14:30:00,18338071
2020-06-25 15:30:00,14539825
2020-06-26 16:30:00,4879210.5
2020-06-27 17:30:00,6896564.5
2020-06-28 18:30:00,1220538.5
2020-06-29 19:30:00,12944554
2020-06-30 20:30:00,23801690
2020-07-01 21:30:00,11175620.5
2020-07-02 22:30:00,7759862
2020-07-03 23:30:00,6784008
2020-07-05 00:30:00,362869.5
2020-07-06 01:30:00,218400.5
2020-07-07 02:30:00,1385208
2020-07-08 03:30:00,403493
2020-07-09 04:30:00,4407104.5
2020-07-10 05:30:00,1374796.5
2020-07-11 06:30:00,676852
2020-07-12 07:30:00,620603.5
2020-07-13 08:30:00,6556062
2020-07-14 09:30:00,29520066
2020-07-15 10:30:00,15679665.5
2020-07-16 11:30:00,19971505
2020-07-17 12:30:00,40388976
2020-07-18 13:30:00,39728052
2020-07-19 14:30:00,31308404
2020-07-20 15:30:00,39615042.5
2020-07-21 16:30:00,57963227.5
2020-07-22 17:30:00,65381014.5
2020-07-23 18:30:00,78009996.5
2020-07-24 19:30:00,81034112
2020-07-25 20:30:00,49417118.5
2020-07-26 21:30:00,31913083.5
2020-07-27 22:30:00,49641154
2020-07-28 23:30:00,58845876
2020-07-30 00:30:00,55361682.5
2020-07-31 01:30:00,67122628
2020-08-01 02:30:00,66516118
2020-08-02 03:30:00,54914004.5
2020-08-03 04:30:00,43107365
2020-08-04 05:30:00,32174364
2020-08-05 06:30:00,27789947
2020-08-06 07:30:00,37221443
2020-08-07 08:30:00,41357258
2020-08-08 09:30:00,31896550
2020-08-09 10:30:00,10725957.5
2020-08-10 11:30:00,14078083.5
2020-08-11 12:30:00,13917114.5
2020-08-12 13:30:00,11696295.5
2020-08-13 14:30:00,11960766.5
2020-08-14 15:30:00,15823506
2020-08-15 16:30:00,7851184.5
2020-08-16 17:30:00,3259399.5
2020-08-17 18:30:00,22850310
2020-08-18 19:30:00,41262850.5
2020-08-19 20:30:00,31173797.5
2020-08-20 21:30:00,27849154.5
2020-08-21 22:30:00,35695853.5
2020-08-22 23:30:00,20048031
2020-08-24 00:30:00,3216410
2020-08-25 01:30:00,23682844
2020-08-26 02:30:00,35435659.5
2020-08-27 03:30:00,37482653.5
2020-08-28 04:30:00,37855749.5
2020-08-29 05:30:00,24892469.5
2020-08-30 06:30:00,12486635
2020-08-31 07:30:00,1135665
2020-09-01 08:30:00,15856966.5
2020-09-02 09:30:00,14116436.5
2020-09-03 10:30:00,30151469
2020-09-04 11:30:00,48660287.5
2020-09-05 12:30:00,47028516
2020-09-06 13:30:00,12289025
2020-09-07 14:30:00,5594672
2020-09-08 15:30:00,5026832
2020-09-09 16:30:00,11722340
2020-09-10 17:30:00,16408291
2020-09-11 18:30:00,16911146.5
2020-09-12 19:30:00,504114.5
2020-09-13 20:30:00,4581389.5
2020-09-14 21:30:00,3886872
2020-09-15 22:30:00,16458277
2020-09-16 23:30:00,10084760
2020-09-18 00:30:00,620234
2020-09-19 01:30:00,11361708.5
2020-09-20 02:30:00,417055
2020-09-21 03:30:00,781726
2020-09-22 04:30:00,18124308
2020-09-23 05:30:00,27106767
2020-09-24 06:30:00,29735041.5
2020-09-25 07:30:00,19247958.5
2020-09-26 08:30:00,17672846
2020-09-27 09:30:00,760418