Timestamp,mempool-growth
2016-06-11 00:00:00,913
2016-06-12 01:00:00,1103.53333333333
2016-06-13 02:00:00,2270.61666666667
2016-06-14 03:00:00,1302
2016-06-15 04:00:00,1448.83333333333
2016-06-16 05:00:00,1893.76666666667
2016-06-17 06:00:00,1722.56666666667
2016-06-18 07:00:00,1455.16666666667
2016-06-19 08:00:00,1194.61666666667
2016-06-20 09:00:00,1285.91666666667
2016-06-21 10:00:00,1459.11666666667
2016-06-22 11:00:00,1339.75
2016-06-23 12:00:00,1283.76666666667
2016-06-24 13:00:00,1306.78333333333
2016-06-25 14:00:00,1181
2016-06-26 15:00:00,1192.21666666667
2016-06-27 16:00:00,1194.53333333333
2016-06-28 17:00:00,1178.96666666667
2016-06-29 18:00:00,851.633333333333
2016-06-30 19:00:00,1187.85
2016-07-01 20:00:00,837.816666666667
2016-07-02 21:00:00,874.65
2016-07-03 22:00:00,745.066666666667
2016-07-04 23:00:00,790.916666666667
2016-07-06 00:00:00,757.966666666667
2016-07-07 01:00:00,927.933333333333
2016-07-08 02:00:00,1129.86666666667
2016-07-09 03:00:00,787.45
2016-07-10 04:00:00,1148.9
2016-07-11 05:00:00,885.75
2016-07-12 06:00:00,1025.05
2016-07-13 07:00:00,852.683333333333
2016-07-14 08:00:00,956.5
2016-07-15 09:00:00,1498.91666666667
2016-07-16 10:00:00,911.6
2016-07-17 11:00:00,1736.48333333333
2016-07-18 12:00:00,1228.23333333333
2016-07-19 13:00:00,1286.73333333333
2016-07-20 14:00:00,1310.81666666667
2016-07-21 15:00:00,1546.85
2016-07-22 16:00:00,5150.65
2016-07-23 17:00:00,1092.15
2016-07-24 18:00:00,956.3
2016-07-25 19:00:00,1155.16666666667
2016-07-26 20:00:00,1121.8
2016-07-27 21:00:00,930.866666666667
2016-07-28 22:00:00,702.333333333333
2016-07-29 23:00:00,992.883333333333
2016-07-31 00:00:00,888.816666666667
2016-08-01 01:00:00,968.7
2016-08-02 02:00:00,1203.46666666667
2016-08-03 03:00:00,1202.55
2016-08-04 04:00:00,1704.45
2016-08-05 05:00:00,816.383333333333
2016-08-06 06:00:00,992.116666666667
2016-08-07 07:00:00,691.716666666667
2016-08-08 08:00:00,866.85
2016-08-09 09:00:00,1196.78333333333
2016-08-10 10:00:00,1136.13333333333
2016-08-11 11:00:00,1033.03333333333
2016-08-12 12:00:00,1299.8
2016-08-13 13:00:00,994.666666666667
2016-08-14 14:00:00,1529.1
2016-08-15 15:00:00,1447.73333333333
2016-08-16 16:00:00,1542.46666666667
2016-08-17 17:00:00,1172.13333333333
2016-08-18 18:00:00,1146.4
2016-08-19 19:00:00,1042.16666666667
2016-08-20 20:00:00,857.8
2016-08-21 21:00:00,807.433333333333
2016-08-22 22:00:00,830.016666666667
2016-08-23 23:00:00,872.933333333333
2016-08-25 00:00:00,925.583333333333
2016-08-26 01:00:00,928.066666666667
2016-08-27 02:00:00,802.3
2016-08-28 03:00:00,666.8
2016-08-29 04:00:00,1075.63333333333
2016-08-30 05:00:00,1082.01666666667
2016-08-31 06:00:00,988.05
2016-09-01 07:00:00,1197.56666666667
2016-09-02 08:15:00,1065.66666666667
2016-09-03 09:15:00,759.3
2016-09-04 10:15:00,1048.16666666667
2016-09-05 11:15:00,1058.85
2016-09-06 12:15:00,1076.13333333333
2016-09-07 13:15:00,1383.05
2016-09-08 14:15:00,1314.68333333333
2016-09-09 15:15:00,1320.51666666667
2016-09-10 16:15:00,1057.71666666667
2016-09-11 17:15:00,1015.46666666667
2016-09-12 18:15:00,926.816666666667
2016-09-13 19:15:00,1000.23333333333
2016-09-14 20:15:00,876.683333333333
2016-09-15 21:15:00,953.683333333333
2016-09-16 22:15:00,1158.8
2016-09-17 23:15:00,608.133333333333
2016-09-19 00:15:00,893.016666666667
2016-09-20 01:15:00,862.616666666667
2016-09-21 02:15:00,975.716666666667
2016-09-22 03:15:00,986.566666666667
2016-09-23 04:15:00,1074.68333333333
2016-09-24 05:15:00,786.55
2016-09-25 06:15:00,634.5
2016-09-26 07:15:00,1032.31666666667
2016-09-27 08:15:00,1098.93333333333
2016-09-28 09:15:00,1168.6
2016-09-29 10:15:00,1341.08333333333
2016-09-30 11:15:00,1196.61666666667
2016-10-01 12:15:00,1923.7
2016-10-02 13:15:00,1118.05
2016-10-03 14:15:00,1726.56666666667
2016-10-04 15:15:00,1354.76666666667
2016-10-05 16:15:00,1585.7
2016-10-06 17:15:00,1440.21666666667
2016-10-07 18:15:00,1383.3
2016-10-08 19:15:00,1177.56666666667
2016-10-09 20:15:00,1203.98333333333
2016-10-10 21:15:00,994.933333333333
2016-10-11 22:15:00,915.733333333333
2016-10-12 23:15:00,1000.35
2016-10-14 00:15:00,846.7
2016-10-15 01:15:00,1042.41666666667
2016-10-16 02:15:00,800.916666666667
2016-10-17 03:15:00,832.483333333333
2016-10-18 04:15:00,1162.36666666667
2016-10-19 05:15:00,767.1
2016-10-20 06:15:00,957.383333333333
2016-10-21 07:15:00,1178.63333333333
2016-10-22 08:15:00,1753.58333333333
2016-10-23 09:15:00,644.133333333333
2016-10-24 10:15:00,1674.71666666667
2016-10-25 11:15:00,1339.8
2016-10-26 12:15:00,1687.03333333333
2016-10-27 13:15:00,1236.7
2016-10-28 14:15:00,1337.73333333333
2016-10-29 15:15:00,1488.75
2016-10-30 16:15:00,1119.16666666667
2016-10-31 17:15:00,1277.31666666667
2016-11-01 18:15:00,1236.88333333333
2016-11-02 19:15:00,1308.3
2016-11-03 20:15:00,1436.81666666667
2016-11-04 21:15:00,1057.18333333333
2016-11-05 22:15:00,1000.95
2016-11-06 23:15:00,844.25
2016-11-08 00:15:00,1589.45
2016-11-09 01:15:00,1175.78333333333
2016-11-10 02:15:00,962.616666666667
2016-11-11 03:15:00,1265.05
2016-11-12 04:15:00,612.033333333333
2016-11-13 05:15:00,800.45
2016-11-14 06:15:00,869.65
2016-11-15 07:15:00,1194.53333333333
2016-11-16 08:15:00,1233.7
2016-11-17 09:15:00,1079.73333333333
2016-11-18 10:15:00,1582.31666666667
2016-11-19 11:15:00,1429
2016-11-20 12:15:00,1037.63333333333
2016-11-21 13:15:00,1497.08333333333
2016-11-22 14:15:00,1967.78333333333
2016-11-23 15:15:00,1689.78333333333
2016-11-24 16:15:00,1729.06666666667
2016-11-25 17:15:00,1556.23333333333
2016-11-26 18:15:00,1379.66666666667
2016-11-27 19:15:00,975.883333333333
2016-11-28 20:15:00,1312.06666666667
2016-11-29 21:15:00,1042.05
2016-11-30 22:15:00,1399.03333333333
2016-12-01 23:15:00,1414.65
2016-12-03 00:15:00,1031.98333333333
2016-12-04 01:15:00,966.633333333333
2016-12-05 02:15:00,1074.43333333333
2016-12-06 03:15:00,1170.5
2016-12-07 04:15:00,1034.45
2016-12-08 05:15:00,1199.25
2016-12-09 06:15:00,1004.23333333333
2016-12-10 07:15:00,977.2
2016-12-11 08:15:00,1552.48333333333
2016-12-12 09:15:00,1244.15
2016-12-13 10:15:00,1342.9
2016-12-14 11:15:00,2020.3
2016-12-15 12:15:00,1331.9
2016-12-16 13:15:00,1487.75
2016-12-17 14:15:00,1102.03333333333
2016-12-18 15:15:00,1289.5
2016-12-19 16:15:00,2055.9
2016-12-20 17:15:00,1574.46666666667
2016-12-21 18:15:00,1300.68333333333
2016-12-22 19:15:00,1417.9
2016-12-23 20:15:00,1398.48333333333
2016-12-24 21:15:00,1167.86666666667
2016-12-25 22:15:00,788.85
2016-12-26 23:15:00,893.883333333333
2016-12-28 00:15:00,1068.6
2016-12-29 01:15:00,1146.26666666667
2016-12-30 02:15:00,1046.1
2016-12-31 03:15:00,1168.06666666667
2017-01-01 04:15:00,649.166666666667
2017-01-02 05:15:00,1480.61666666667
2017-01-03 06:15:00,1164.01666666667
2017-01-04 07:15:00,1490.78333333333
2017-01-05 08:15:00,1573.2
2017-01-06 09:15:00,1314.06666666667
2017-01-07 10:15:00,1362.91666666667
2017-01-08 11:15:00,1223.95
2017-01-09 12:15:00,1513.7
2017-01-10 13:15:00,1786.86666666667
2017-01-11 14:15:00,1524.38333333333
2017-01-12 15:15:00,1504.48333333333
2017-01-13 16:15:00,1407.48333333333
2017-01-14 17:15:00,1265.26666666667
2017-01-15 18:15:00,1347.15
2017-01-16 19:15:00,1320.61666666667
2017-01-17 20:15:00,1458.65
2017-01-18 21:15:00,1460.45
2017-01-19 22:15:00,1259.66666666667
2017-01-20 23:15:00,1406.1
2017-01-22 00:15:00,890.116666666667
2017-01-23 01:15:00,985.85
2017-01-24 02:15:00,1562.38333333333
2017-01-25 03:15:00,1589.31666666667
2017-01-26 04:15:00,1159.38333333333
2017-01-27 05:15:00,1128.73333333333
2017-01-28 06:15:00,979.433333333333
2017-01-29 07:15:00,1232.38333333333
2017-01-30 08:15:00,1441.41666666667
2017-01-31 09:15:00,1509.23333333333
2017-02-01 10:15:00,1752.95
2017-02-02 11:15:00,1469.1
2017-02-03 12:15:00,1352.08333333333
2017-02-04 13:15:00,1442.83333333333
2017-02-05 14:15:00,1689.26666666667
2017-02-06 15:15:00,1588.21666666667
2017-02-07 16:15:00,1552.71666666667
2017-02-08 17:15:00,1599.01666666667
2017-02-09 18:15:00,1645.36666666667
2017-02-10 19:15:00,1450.96666666667
2017-02-11 20:15:00,1307.71666666667
2017-02-12 21:15:00,1361.01666666667
2017-02-13 22:15:00,1459.88333333333
2017-02-14 23:15:00,1110.5
2017-02-16 00:15:00,1954.33333333333
2017-02-17 01:15:00,1235.66666666667
2017-02-18 02:15:00,1410.56666666667
2017-02-19 03:15:00,1200.01666666667
2017-02-20 04:15:00,1185.73333333333
2017-02-21 05:15:00,1025.6
2017-02-22 06:15:00,1138.06666666667
2017-02-23 07:15:00,1301.4
2017-02-24 08:15:00,1457.48333333333
2017-02-25 09:15:00,1731.4
2017-02-26 10:15:00,2196.06666666667
2017-02-27 11:15:00,1587.41666666667
2017-02-28 12:15:00,1760.78333333333
2017-03-01 13:15:00,1758.91666666667
2017-03-02 14:15:00,1954.63333333333
2017-03-03 15:15:00,1501.66666666667
2017-03-04 16:15:00,1555.85
2017-03-05 17:15:00,1355.35
2017-03-06 18:15:00,2064.8
2017-03-07 19:15:00,2079.93333333333
2017-03-08 20:15:00,1338.36666666667
2017-03-09 21:15:00,1214.03333333333
2017-03-10 22:15:00,1635.9
2017-03-11 23:15:00,1088.6
2017-03-13 00:15:00,1188.8
2017-03-14 01:15:00,1156.01666666667
2017-03-15 02:15:00,828.016666666667
2017-03-16 03:15:00,1090.33333333333
2017-03-17 04:15:00,1547.68333333333
2017-03-18 05:15:00,1127.15
2017-03-19 06:15:00,1021.43333333333
2017-03-20 07:15:00,1050.38333333333
2017-03-21 08:15:00,1136.35
2017-03-22 09:15:00,1484.25
2017-03-23 10:15:00,1575.03333333333
2017-03-24 11:15:00,1520.2
2017-03-25 12:15:00,1102.5
2017-03-26 13:15:00,1213.71666666667
2017-03-27 14:15:00,1706.76666666667
2017-03-28 15:15:00,1931.86666666667
2017-03-29 16:15:00,2012.8
2017-03-30 17:15:00,1473.43333333333
2017-03-31 18:15:00,1263.58333333333
2017-04-01 19:15:00,1212.85
2017-04-02 20:15:00,1459.46666666667
2017-04-03 21:15:00,1416.21666666667
2017-04-04 22:15:00,1133.4
2017-04-05 23:15:00,1280.3
2017-04-07 00:15:00,1002.48333333333
2017-04-08 01:15:00,961.883333333333
2017-04-09 02:15:00,1057.85
2017-04-10 03:15:00,1230.2
2017-04-11 04:15:00,1484.75
2017-04-12 05:15:00,1037.85
2017-04-13 06:15:00,1052.43333333333
2017-04-14 07:15:00,1579.36666666667
2017-04-15 08:15:00,1339.98333333333
2017-04-16 09:15:00,894.733333333333
2017-04-17 10:15:00,1232.68333333333
2017-04-18 11:15:00,1356.08333333333
2017-04-19 12:15:00,1456.33333333333
2017-04-20 13:15:00,2016.18333333333
2017-04-21 14:15:00,1411.68333333333
2017-04-22 15:15:00,1815.31666666667
2017-04-23 16:15:00,2380.58333333333
2017-04-24 17:15:00,1820.41666666667
2017-04-25 18:15:00,1582.81666666667
2017-04-26 19:15:00,1542.61666666667
2017-04-27 20:15:00,1793
2017-04-28 21:15:00,1470.96666666667
2017-04-29 22:15:00,1549.13333333333
2017-04-30 23:15:00,1391.63333333333
2017-05-02 00:15:00,1495.96666666667
2017-05-03 01:15:00,1159.45
2017-05-04 02:15:00,1370.65
2017-05-05 03:15:00,1135.75
2017-05-06 04:15:00,1159.1
2017-05-07 05:15:00,1066.45
2017-05-08 06:15:00,1387.08333333333
2017-05-09 07:15:00,1678.16666666667
2017-05-10 08:15:00,1301.81666666667
2017-05-11 09:15:00,1275.7
2017-05-12 10:15:00,1369.91666666667
2017-05-13 11:30:00,1118.65
2017-05-14 12:30:00,1041.7
2017-05-15 13:30:00,1910.5
2017-05-16 14:30:00,1447.68333333333
2017-05-17 15:30:00,1910.36666666667
2017-05-18 16:30:00,1169.45
2017-05-19 17:30:00,2003.8
2017-05-20 18:30:00,1078.55
2017-05-21 19:30:00,1229.16666666667
2017-05-22 20:30:00,1638.16666666667
2017-05-23 21:30:00,1042.96666666667
2017-05-24 22:30:00,1143.08333333333
2017-05-25 23:30:00,1524.88333333333
2017-05-27 00:30:00,1004.88333333333
2017-05-28 01:30:00,1247.15
2017-05-29 02:30:00,1044.55
2017-05-30 03:30:00,1336.9
2017-05-31 04:30:00,1222.01666666667
2017-06-01 05:30:00,1480.5
2017-06-02 06:30:00,1101.08333333333
2017-06-03 07:30:00,1318.75
2017-06-04 08:30:00,1350.98333333333
2017-06-05 09:30:00,1438.85
2017-06-06 10:30:00,2484.28333333333
2017-06-07 11:30:00,1561.48333333333
2017-06-08 12:30:00,1881.16666666667
2017-06-09 13:30:00,1300.76666666667
2017-06-10 14:30:00,1469.78333333333
2017-06-11 15:30:00,1543.75
2017-06-12 16:30:00,2004.98333333333
2017-06-13 17:30:00,1611.13333333333
2017-06-14 18:30:00,1363.13333333333
2017-06-15 19:30:00,1539.05
2017-06-16 20:30:00,1385.65
2017-06-17 21:30:00,1052.21666666667
2017-06-18 22:30:00,928.833333333333
2017-06-19 23:30:00,998.85
2017-06-21 00:30:00,1226.5
2017-06-22 01:30:00,1045.65
2017-06-23 02:30:00,1402.8
2017-06-24 03:30:00,963.3
2017-06-25 04:45:00,821.033333333333
2017-06-26 05:45:00,1102.55
2017-06-27 06:45:00,1538.08333333333
2017-06-28 07:45:00,1215.48333333333
2017-06-29 08:45:00,1176.75
2017-06-30 09:45:00,1075.28333333333
2017-07-01 10:45:00,2247.38333333333
2017-07-02 11:45:00,884.366666666667
2017-07-03 12:45:00,1477.21666666667
2017-07-04 13:45:00,1729.35
2017-07-05 14:45:00,2393.88333333333
2017-07-06 15:45:00,1298.86666666667
2017-07-07 16:45:00,1207.26666666667
2017-07-08 17:45:00,949
2017-07-09 18:45:00,1078.43333333333
2017-07-10 19:45:00,2091.23333333333
2017-07-11 20:45:00,2298.61666666667
2017-07-12 21:45:00,1924.53333333333
2017-07-13 22:45:00,1217.66666666667
2017-07-14 23:45:00,685.533333333333
2017-07-16 00:45:00,858.483333333333
2017-07-17 01:45:00,961.766666666667
2017-07-18 02:45:00,1104.8
2017-07-19 03:45:00,1474.05
2017-07-20 04:45:00,3107.26666666667
2017-07-21 05:45:00,1209.4
2017-07-22 06:45:00,1082.38333333333
2017-07-23 07:45:00,806.833333333333
2017-07-24 08:45:00,1608.13333333333
2017-07-25 09:45:00,1437.71666666667
2017-07-26 10:45:00,1323.85
2017-07-27 11:45:00,3026.05
2017-07-28 12:45:00,1629.68333333333
2017-07-29 13:45:00,1050.93333333333
2017-07-30 14:45:00,1944.23333333333
2017-07-31 15:45:00,2010.96666666667
2017-08-01 16:45:00,663.633333333333
2017-08-02 17:45:00,1298.38333333333
2017-08-03 18:45:00,1967.1
2017-08-04 19:45:00,1196.7
2017-08-05 20:45:00,1680.06666666667
2017-08-06 21:45:00,1477.43333333333
2017-08-07 22:45:00,1747.48333333333
2017-08-08 23:45:00,1042.26666666667
2017-08-10 00:45:00,1474
2017-08-11 01:45:00,1205.31666666667
2017-08-12 02:45:00,1063.38333333333
2017-08-13 03:45:00,1636.8
2017-08-14 04:45:00,1398.78333333333
2017-08-15 05:45:00,1396.51666666667
2017-08-16 06:45:00,1007.8
2017-08-17 07:45:00,1349.11666666667
2017-08-18 08:45:00,1401.36666666667
2017-08-19 09:45:00,3074.55
2017-08-20 10:45:00,1137.18333333333
2017-08-21 11:45:00,1486.2
2017-08-22 12:45:00,1332.35
2017-08-23 13:45:00,1532.51666666667
2017-08-24 14:45:00,2016.71666666667
2017-08-25 15:45:00,1187.35
2017-08-26 16:45:00,1012.78333333333
2017-08-27 17:45:00,1570.15
2017-08-28 18:45:00,1048.08333333333
2017-08-29 19:45:00,1611.45
2017-08-30 20:45:00,1758.36666666667
2017-08-31 21:45:00,1423.31666666667
2017-09-01 22:45:00,1053.2
2017-09-02 23:45:00,844.3
2017-09-04 00:45:00,859.733333333333
2017-09-05 01:45:00,1269.65
2017-09-06 02:45:00,2954.05
2017-09-07 03:45:00,1239.81666666667
2017-09-08 04:45:00,978.033333333333
2017-09-09 05:45:00,841.983333333333
2017-09-10 06:45:00,877.65
2017-09-11 07:45:00,2633.83333333333
2017-09-12 08:45:00,1281.15
2017-09-13 09:45:00,1609.9
2017-09-14 10:45:00,1705.53333333333
2017-09-15 11:45:00,2421.05
2017-09-16 12:45:00,1306.31666666667
2017-09-17 13:45:00,1058.06666666667
2017-09-18 14:45:00,1635.76666666667
2017-09-19 15:45:00,1474.31666666667
2017-09-20 16:45:00,1083.8
2017-09-21 17:45:00,1552.71666666667
2017-09-22 18:45:00,1028.55
2017-09-23 19:45:00,1090.53333333333
2017-09-24 20:45:00,839.983333333333
2017-09-25 21:45:00,1267.9
2017-09-26 22:45:00,1039.68333333333
2017-09-27 23:45:00,1100.33333333333
2017-09-29 03:00:00,1805.61666666667
2017-09-30 04:00:00,812.583333333333
2017-10-01 05:00:00,1141.08333333333
2017-10-02 06:00:00,1527.53333333333
2017-10-03 07:00:00,1327.03333333333
2017-10-04 08:00:00,1039.88333333333
2017-10-05 09:00:00,1592.75
2017-10-06 10:00:00,1753.9
2017-10-07 11:00:00,944.15
2017-10-08 12:00:00,1192.75
2017-10-09 13:00:00,1618.88333333333
2017-10-10 14:00:00,2257.6
2017-10-11 15:00:00,1515.88333333333
2017-10-12 16:00:00,1990.16666666667
2017-10-13 17:00:00,1770.61666666667
2017-10-14 18:00:00,1357.93333333333
2017-10-15 19:00:00,1930.96666666667
2017-10-16 20:00:00,1755.15
2017-10-17 21:00:00,1696.3
2017-10-18 22:00:00,1727.55
2017-10-19 23:00:00,2291.53333333333
2017-10-21 00:00:00,1444.31666666667
2017-10-22 01:00:00,1227.91666666667
2017-10-23 02:00:00,1676.88333333333
2017-10-24 03:00:00,1593.25
2017-10-25 04:00:00,1249.43333333333
2017-10-27 02:15:00,695.1
2017-10-28 03:15:00,999.866666666667
2017-10-29 04:15:00,696.766666666667
2017-10-30 05:15:00,1046.8
2017-10-31 06:15:00,1121.08333333333
2017-11-01 07:15:00,1315.38333333333
2017-11-02 08:15:00,1646.61666666667
2017-11-03 09:15:00,1682.01666666667
2017-11-04 10:15:00,1094.78333333333
2017-11-05 11:15:00,1278.81666666667
2017-11-06 12:15:00,1690
2017-11-07 13:15:00,1648.63333333333
2017-11-08 14:15:00,1266.76666666667
2017-11-09 15:15:00,1823.8
2017-11-10 16:15:00,1706.9
2017-11-11 17:15:00,1252.01666666667
2017-11-12 18:15:00,478.05
2017-11-13 19:15:00,1518.76666666667
2017-11-14 20:15:00,1480.51666666667
2017-11-15 21:15:00,1433.23333333333
2017-11-16 22:15:00,2028.3
2017-11-17 23:15:00,1463.43333333333
2017-11-19 00:15:00,930.55
2017-11-20 01:15:00,1278.61666666667
2017-11-21 02:15:00,1844.2
2017-11-22 03:15:00,1482.18333333333
2017-11-23 04:15:00,1119.03333333333
2017-11-24 05:15:00,1182.86666666667
2017-11-25 06:15:00,1384.35
2017-11-26 07:15:00,2544.73333333333
2017-11-27 08:15:00,2080.9
2017-11-28 09:15:00,1584.58333333333
2017-11-29 10:15:00,1809.85
2017-11-30 11:15:00,1805.7
2017-12-01 12:15:00,1761.21666666667
2017-12-02 13:15:00,1492.23333333333
2017-12-03 14:15:00,1766.8
2017-12-04 15:15:00,2374.41666666667
2017-12-05 16:15:00,2289.53333333333
2017-12-06 17:15:00,2213
2017-12-07 19:15:00,1693.76666666667
2017-12-08 20:15:00,1711.6
2017-12-09 21:15:00,1404.48333333333
2017-12-10 22:15:00,1308.06666666667
2017-12-11 23:15:00,987.433333333333
2017-12-13 00:15:00,1629.5
2017-12-14 01:15:00,2020.81666666667
2017-12-15 02:15:00,951.016666666667
2017-12-16 03:15:00,1525.76666666667
2017-12-17 04:15:00,1417.78333333333
2017-12-18 05:15:00,1644.06666666667
2017-12-19 06:15:00,2396.33333333333
2017-12-20 07:15:00,911.883333333333
2017-12-21 08:15:00,1477.41666666667
2017-12-22 09:15:00,1439.9
2017-12-23 10:15:00,1496.78333333333
2017-12-24 11:15:00,1338.7
2017-12-25 12:15:00,1582.8
2017-12-26 13:15:00,1229.1
2017-12-27 14:15:00,1693.13333333333
2017-12-28 15:15:00,1556.2
2017-12-29 16:15:00,2154.25
2017-12-30 17:15:00,1559.31666666667
2017-12-31 18:15:00,1054.55
2018-01-01 19:15:00,1459.2
2018-01-02 20:15:00,1595.36666666667
2018-01-03 21:15:00,2196.23333333333
2018-01-04 22:15:00,1788.96666666667
2018-01-05 23:15:00,1438.63333333333
2018-01-07 00:15:00,1352.78333333333
2018-01-08 01:15:00,1679.73333333333
2018-01-09 02:15:00,1441.61666666667
2018-01-10 03:15:00,1002.35
2018-01-11 04:15:00,1888.01666666667
2018-01-12 05:15:00,1118.85
2018-01-13 06:15:00,1854.5
2018-01-14 07:15:00,960.416666666667
2018-01-15 08:15:00,1688.43333333333
2018-01-16 09:15:00,3035.36666666667
2018-01-17 10:15:00,1641.43333333333
2018-01-18 11:15:00,2447.16666666667
2018-01-19 12:15:00,1634.63333333333
2018-01-20 13:15:00,1407.26666666667
2018-01-21 14:15:00,1841.56666666667
2018-01-22 15:15:00,1433.75
2018-01-23 16:15:00,2313.23333333333
2018-01-24 17:30:00,1516.73333333333
2018-01-25 18:30:00,1266.65
2018-01-26 19:30:00,1467.63333333333
2018-01-27 20:30:00,1052.01666666667
2018-01-28 21:30:00,1042.21666666667
2018-01-29 22:30:00,928.55
2018-01-30 23:30:00,778.383333333333
2018-02-01 00:30:00,974.766666666667
2018-02-02 01:30:00,1420.1
2018-02-03 02:30:00,899.65
2018-02-04 03:30:00,591
2018-02-05 04:30:00,3248.76666666667
2018-02-06 05:30:00,1690.48333333333
2018-02-07 06:30:00,1226.06666666667
2018-02-08 07:30:00,582.283333333333
2018-02-09 08:30:00,1291.48333333333
2018-02-10 09:30:00,854.216666666667
2018-02-11 10:30:00,1684.56666666667
2018-02-12 11:30:00,915.366666666667
2018-02-13 12:30:00,919.983333333333
2018-02-14 15:45:00,1794.45
2018-02-15 16:45:00,1108.06666666667
2018-02-16 17:45:00,1159.06666666667
2018-02-17 18:45:00,744.716666666667
2018-02-18 19:45:00,899.616666666667
2018-02-19 20:45:00,964.35
2018-02-20 21:45:00,1770.65
2018-02-21 22:45:00,855.966666666667
2018-02-22 23:45:00,1024.58333333333
2018-02-24 00:45:00,1816.6
2018-02-25 01:45:00,472.866666666667
2018-02-26 02:45:00,653.783333333333
2018-02-27 03:45:00,601.816666666667
2018-02-28 04:45:00,1101.08333333333
2018-03-01 05:45:00,632.25
2018-03-02 06:45:00,785.65
2018-03-03 07:45:00,683.583333333333
2018-03-04 08:45:00,830.866666666667
2018-03-05 09:45:00,1058.33333333333
2018-03-06 10:45:00,999.183333333333
2018-03-07 11:45:00,831.166666666667
2018-03-08 12:45:00,709.366666666667
2018-03-09 13:45:00,926.2
2018-03-10 14:45:00,763.9
2018-03-11 15:45:00,914.266666666667
2018-03-12 16:45:00,1199.66666666667
2018-03-13 17:45:00,960.083333333333
2018-03-14 18:45:00,1022.9
2018-03-15 19:45:00,942.9
2018-03-16 20:45:00,925.333333333333
2018-03-17 21:45:00,580.4
2018-03-18 22:45:00,575.466666666667
2018-03-19 23:45:00,793.916666666667
2018-03-21 00:45:00,804.05
2018-03-22 01:45:00,805.433333333333
2018-03-23 02:45:00,758.983333333333
2018-03-24 03:45:00,1219.23333333333
2018-03-25 04:45:00,373.4
2018-03-26 05:45:00,539.583333333333
2018-03-27 06:45:00,843.516666666667
2018-03-28 07:45:00,833.466666666667
2018-03-29 08:45:00,840.633333333333
2018-03-30 09:45:00,1160.36666666667
2018-03-31 10:45:00,602.116666666667
2018-04-01 11:45:00,608.916666666667
2018-04-02 12:45:00,957.216666666667
2018-04-03 13:45:00,1270.56666666667
2018-04-04 14:45:00,1307.4
2018-04-05 15:45:00,854.15
2018-04-06 16:45:00,810.133333333333
2018-04-07 17:45:00,736.45
2018-04-08 18:45:00,702.8
2018-04-09 19:45:00,867.9
2018-04-10 20:45:00,658.6
2018-04-11 21:45:00,662.916666666667
2018-04-12 22:45:00,858.866666666667
2018-04-13 23:45:00,539.166666666667
2018-04-15 00:45:00,514.733333333333
2018-04-16 01:45:00,483.816666666667
2018-04-17 02:45:00,604.183333333333
2018-04-18 03:45:00,669.383333333333
2018-04-19 04:45:00,662.05
2018-04-20 05:45:00,718.583333333333
2018-04-21 06:45:00,731.95
2018-04-22 07:45:00,671.333333333333
2018-04-23 08:45:00,1230.38333333333
2018-04-24 09:45:00,1987.28333333333
2018-04-25 10:45:00,1464.08333333333
2018-04-26 11:45:00,991.3
2018-04-27 12:45:00,1173.2
2018-04-28 13:45:00,982.116666666667
2018-04-29 14:45:00,743.783333333333
2018-04-30 15:45:00,1216.53333333333
2018-05-01 16:45:00,1093.15
2018-05-02 17:45:00,912.3
2018-05-03 18:45:00,1224.03333333333
2018-05-04 19:45:00,952.85
2018-05-05 20:45:00,738.133333333333
2018-05-06 21:45:00,673.5
2018-05-07 22:45:00,671.516666666667
2018-05-08 23:45:00,704.4
2018-05-10 00:45:00,834.483333333333
2018-05-11 01:45:00,698.8
2018-05-12 02:45:00,727.966666666667
2018-05-13 03:45:00,515.266666666667
2018-05-14 04:45:00,661.6
2018-05-15 05:45:00,755.283333333333
2018-05-16 06:45:00,856.983333333333
2018-05-17 07:45:00,1011.35
2018-05-18 08:45:00,1418.88333333333
2018-05-19 09:45:00,786.1
2018-05-20 10:45:00,653.983333333333
2018-05-21 11:45:00,1624.7
2018-05-22 12:45:00,1000.05
2018-05-23 13:45:00,1030.96666666667
2018-05-24 14:45:00,1073.06666666667
2018-05-25 15:45:00,1098.26666666667
2018-05-26 16:45:00,680.416666666667
2018-05-27 17:45:00,682.95
2018-05-28 18:45:00,1173.21666666667
2018-05-29 19:45:00,741.083333333333
2018-05-30 20:45:00,866.416666666667
2018-05-31 21:45:00,744.016666666667
2018-06-01 22:45:00,643.933333333333
2018-06-02 23:45:00,509.833333333333
2018-06-04 00:45:00,2353.73333333333
2018-06-05 01:45:00,671.266666666667
2018-06-06 02:45:00,574.35
2018-06-07 03:45:00,1524.83333333333
2018-06-08 04:45:00,588.783333333333
2018-06-09 05:45:00,539.816666666667
2018-06-10 06:45:00,707.05
2018-06-11 07:45:00,877.366666666667
2018-06-12 08:45:00,1933.36666666667
2018-06-13 09:45:00,1014.08333333333
2018-06-14 10:45:00,1263.88333333333
2018-06-15 11:45:00,1060.45
2018-06-16 12:45:00,896.7
2018-06-17 13:45:00,723.483333333333
2018-06-18 14:45:00,1033.93333333333
2018-06-19 15:45:00,1579.35
2018-06-20 16:45:00,795.666666666667
2018-06-21 17:45:00,1115.26666666667
2018-06-22 18:45:00,842.45
2018-06-23 19:45:00,527.133333333333
2018-06-24 20:45:00,694.466666666667
2018-06-25 21:45:00,1283.06666666667
2018-06-26 22:45:00,1233.18333333333
2018-06-27 23:45:00,512.8
2018-06-29 00:45:00,613.6
2018-06-30 01:45:00,1169.46666666667
2018-07-01 02:45:00,1082.08333333333
2018-07-02 03:45:00,1250.41666666667
2018-07-03 04:45:00,1424.58333333333
2018-07-04 05:45:00,728.966666666667
2018-07-05 06:45:00,720.866666666667
2018-07-06 07:45:00,779.15
2018-07-07 08:45:00,899.683333333333
2018-07-08 09:45:00,679.3
2018-07-09 10:45:00,1386.15
2018-07-10 11:45:00,2007.98333333333
2018-07-11 12:45:00,1941.58333333333
2018-07-12 13:45:00,1107.76666666667
2018-07-13 14:45:00,1003.56666666667
2018-07-14 15:45:00,850.65
2018-07-15 16:45:00,689.783333333333
2018-07-16 17:45:00,1219.93333333333
2018-07-17 18:45:00,1934.86666666667
2018-07-18 19:45:00,1791
2018-07-19 20:45:00,1082.61666666667
2018-07-20 21:45:00,794.85
2018-07-21 22:45:00,465.933333333333
2018-07-22 23:45:00,472.15
2018-07-24 00:45:00,1313.83333333333
2018-07-25 01:45:00,1628.73333333333
2018-07-26 02:45:00,784
2018-07-27 03:45:00,1035.75
2018-07-28 04:45:00,641.066666666667
2018-07-29 05:45:00,531.55
2018-07-30 06:45:00,1022.81666666667
2018-07-31 07:45:00,912.8
2018-08-01 08:45:00,1190.46666666667
2018-08-02 09:45:00,2516.58333333333
2018-08-03 10:45:00,2793.06666666667
2018-08-04 11:45:00,814.25
2018-08-05 12:45:00,791.5
2018-08-06 13:45:00,1415.7
2018-08-07 14:45:00,1209.03333333333
2018-08-08 15:45:00,1462.86666666667
2018-08-09 16:45:00,1110.58333333333
2018-08-10 17:45:00,1524.53333333333
2018-08-11 18:45:00,976.65
2018-08-12 19:45:00,837.766666666667
2018-08-13 20:45:00,1200.06666666667
2018-08-14 21:45:00,977.1
2018-08-15 22:45:00,710.283333333333
2018-08-16 23:45:00,702.833333333333
2018-08-18 00:45:00,582.916666666667
2018-08-19 01:45:00,678.216666666667
2018-08-20 02:45:00,559.5
2018-08-21 03:45:00,751.416666666667
2018-08-22 04:45:00,657.15
2018-08-23 05:45:00,511.45
2018-08-24 06:45:00,782.25
2018-08-25 07:45:00,909.9
2018-08-26 08:45:00,750.766666666667
2018-08-27 09:45:00,2135.15
2018-08-28 10:45:00,1337.33333333333
2018-08-29 11:45:00,998.233333333333
2018-08-30 12:45:00,1276.7
2018-08-31 13:45:00,1354.33333333333
2018-09-01 14:45:00,1283.06666666667
2018-09-02 15:45:00,774.666666666667
2018-09-03 16:45:00,1290.45
2018-09-04 17:45:00,1127.2
2018-09-05 18:45:00,1129.06666666667
2018-09-06 19:45:00,848.866666666667
2018-09-07 20:45:00,943.5
2018-09-08 21:45:00,753.5
2018-09-09 22:45:00,571.95
2018-09-10 23:45:00,880.183333333333
2018-09-12 00:45:00,568.966666666667
2018-09-13 01:45:00,751.05
2018-09-14 02:45:00,605.05
2018-09-15 03:45:00,639.616666666667
2018-09-16 04:45:00,452.766666666667
2018-09-17 05:45:00,626
2018-09-18 06:45:00,1072.76666666667
2018-09-19 07:45:00,800.566666666667
2018-09-20 08:45:00,929.166666666667
2018-09-21 09:45:00,1293.45
2018-09-22 10:45:00,1143.75
2018-09-23 11:45:00,883.633333333333
2018-09-24 12:45:00,1245.65
2018-09-25 13:45:00,1584.35
2018-09-26 14:45:00,1237.25
2018-09-27 15:45:00,1463.05
2018-09-28 16:45:00,1293.85
2018-09-29 17:45:00,843.766666666667
2018-09-30 18:45:00,1015.63333333333
2018-10-01 19:45:00,862.85
2018-10-02 20:45:00,936.916666666667
2018-10-03 21:45:00,680.466666666667
2018-10-04 22:45:00,666.183333333333
2018-10-05 23:45:00,814.55
2018-10-07 00:45:00,577.5
2018-10-08 01:45:00,1186.2
2018-10-09 02:45:00,661.15
2018-10-10 03:45:00,926.45
2018-10-11 04:45:00,998.816666666667
2018-10-12 05:45:00,877.833333333333
2018-10-13 06:45:00,713.733333333333
2018-10-14 07:45:00,616.666666666667
2018-10-15 08:45:00,1557.11666666667
2018-10-16 09:45:00,1803.68333333333
2018-10-17 10:45:00,1377.53333333333
2018-10-18 11:45:00,1199.53333333333
2018-10-19 12:45:00,1727.95
2018-10-20 13:45:00,1033.88333333333
2018-10-21 14:45:00,1361.45
2018-10-22 15:45:00,1436.36666666667
2018-10-23 16:45:00,1078.46666666667
2018-10-24 17:45:00,1491.63333333333
2018-10-25 18:45:00,1102.8
2018-10-26 19:45:00,1030.15
2018-10-27 20:45:00,1111.38333333333
2018-10-28 21:45:00,706.15
2018-10-29 22:45:00,986.95
2018-10-30 23:45:00,1162.36666666667
2018-11-01 00:45:00,910.466666666667
2018-11-02 01:45:00,985.05
2018-11-03 02:45:00,1006.58333333333
2018-11-04 03:45:00,749.566666666667
2018-11-05 04:45:00,814.7
2018-11-06 05:45:00,1281.73333333333
2018-11-07 06:45:00,1218.5
2018-11-08 07:45:00,1158.58333333333
2018-11-09 08:45:00,1095.68333333333
2018-11-10 09:45:00,1409.66666666667
2018-11-11 10:45:00,1273.76666666667
2018-11-12 11:45:00,1122.81666666667
2018-11-13 12:45:00,1190.8
2018-11-14 13:45:00,1322.56666666667
2018-11-15 14:45:00,1786.93333333333
2018-11-16 15:45:00,1270.3
2018-11-17 16:45:00,1599.65
2018-11-18 17:45:00,1112.88333333333
2018-11-19 18:45:00,1288.58333333333
2018-11-20 19:45:00,1348.05
2018-11-21 20:45:00,1031.21666666667
2018-11-22 21:45:00,506.016666666667
2018-11-23 22:45:00,646
2018-11-24 23:45:00,1253.45
2018-11-26 00:45:00,648.783333333333
2018-11-27 01:45:00,1158.03333333333
2018-11-28 02:45:00,940.15
2018-11-29 03:45:00,762.016666666667
2018-11-30 04:45:00,548.3
2018-12-01 05:45:00,590.316666666667
2018-12-02 06:45:00,463.183333333333
2018-12-03 07:45:00,1112.2
2018-12-04 08:45:00,901.616666666667
2018-12-05 09:45:00,1004.78333333333
2018-12-06 10:45:00,1318.7
2018-12-07 11:45:00,1186.93333333333
2018-12-08 12:45:00,781.833333333333
2018-12-09 13:45:00,1000.63333333333
2018-12-10 14:45:00,1009.96666666667
2018-12-11 15:45:00,1255.9
2018-12-12 16:45:00,991.7
2018-12-13 17:45:00,988.9
2018-12-14 18:45:00,1308.73333333333
2018-12-15 19:45:00,1090.06666666667
2018-12-16 20:45:00,1434.38333333333
2018-12-17 21:45:00,1455.18333333333
2018-12-18 22:45:00,736.3
2018-12-19 23:45:00,1240.38333333333
2018-12-21 00:45:00,1346.35
2018-12-22 01:45:00,1129.3
2018-12-23 02:45:00,855.116666666667
2018-12-24 03:45:00,1153.53333333333
2018-12-25 04:45:00,910.266666666667
2018-12-26 05:45:00,1137.4
2018-12-27 06:45:00,1032.4
2018-12-28 07:45:00,1659.71666666667
2018-12-29 08:45:00,1020.03333333333
2018-12-30 09:45:00,1192.45
2018-12-31 10:45:00,1293.31666666667
2019-01-01 11:45:00,867.666666666667
2019-01-02 12:45:00,1169.38333333333
2019-01-03 13:45:00,906.283333333333
2019-01-04 14:45:00,1165.98333333333
2019-01-05 15:45:00,1497.75
2019-01-06 16:45:00,1193.63333333333
2019-01-07 17:45:00,1622.58333333333
2019-01-08 18:45:00,1276.21666666667
2019-01-09 19:45:00,1232.88333333333
2019-01-10 20:45:00,1423.58333333333
2019-01-11 21:45:00,1426.1
2019-01-12 22:45:00,825.183333333333
2019-01-13 23:45:00,731.6
2019-01-15 00:45:00,1661.95
2019-01-16 01:45:00,765.816666666667
2019-01-17 02:45:00,939.683333333333
2019-01-18 03:45:00,701.666666666667
2019-01-19 04:45:00,1035.41666666667
2019-01-20 05:45:00,1244.41666666667
2019-01-21 06:45:00,728.183333333333
2019-01-22 07:45:00,974.516666666667
2019-01-23 08:45:00,1263.38333333333
2019-01-24 09:45:00,1067.83333333333
2019-01-25 10:45:00,1225.31666666667
2019-01-26 11:45:00,1040.11666666667
2019-01-27 12:45:00,1190.95
2019-01-28 13:45:00,1372.4
2019-01-29 14:45:00,1113.45
2019-01-30 15:45:00,1282.1
2019-01-31 16:45:00,1578.05
2019-02-01 19:45:00,1305.51666666667
2019-02-02 20:45:00,1047.65
2019-02-03 21:45:00,923.1
2019-02-04 22:45:00,1428.05
2019-02-05 23:45:00,989.9
2019-02-07 00:45:00,1328.7
2019-02-08 01:45:00,1495.75
2019-02-09 02:45:00,874.166666666667
2019-02-10 03:45:00,789.566666666667
2019-02-11 04:45:00,896.966666666667
2019-02-12 05:45:00,963.15
2019-02-13 06:45:00,1236.38333333333
2019-02-14 07:45:00,1184.7
2019-02-15 08:45:00,1892.36666666667
2019-02-16 09:45:00,951.766666666667
2019-02-17 10:45:00,1312.73333333333
2019-02-18 11:45:00,1490.18333333333
2019-02-19 12:45:00,1345.06666666667
2019-02-20 13:45:00,1069.51666666667
2019-02-21 14:45:00,1375.88333333333
2019-02-22 15:45:00,1199.8
2019-02-23 16:45:00,1059.4
2019-02-24 17:45:00,977.75
2019-02-25 18:45:00,1352.35
2019-02-26 19:45:00,1400.73333333333
2019-02-27 20:45:00,1343.76666666667
2019-02-28 21:45:00,1374.08333333333
2019-03-01 22:45:00,1793.66666666667
2019-03-02 23:45:00,953.45
2019-03-04 00:45:00,2342.76666666667
2019-03-05 01:45:00,916.683333333333
2019-03-06 02:45:00,963.9
2019-03-07 03:45:00,918.583333333333
2019-03-08 04:45:00,741.816666666667
2019-03-09 05:45:00,751.483333333333
2019-03-10 06:45:00,686
2019-03-11 07:45:00,951.783333333333
2019-03-12 08:45:00,1204.18333333333
2019-03-13 09:45:00,1222.75
2019-03-14 10:45:00,1195.16666666667
2019-03-15 11:45:00,1209.96666666667
2019-03-16 12:45:00,894.933333333333
2019-03-17 13:45:00,1068.38333333333
2019-03-18 14:45:00,1729.75
2019-03-19 15:45:00,1168.15
2019-03-20 16:45:00,1371.25
2019-03-21 17:45:00,1737.63333333333
2019-03-22 18:45:00,1556.63333333333
2019-03-23 19:45:00,867.783333333333
2019-03-24 20:45:00,779.633333333333
2019-03-25 21:45:00,2002.36666666667
2019-03-26 22:45:00,1433.75
2019-03-27 23:45:00,1511.25
2019-03-29 00:45:00,1470.16666666667
2019-03-30 01:45:00,1352.13333333333
2019-03-31 02:45:00,974.833333333333
2019-04-01 03:45:00,1066.35
2019-04-02 04:45:00,1579.78333333333
2019-04-03 05:45:00,1235.58333333333
2019-04-04 06:45:00,1780.58333333333
2019-04-05 07:45:00,1748.05
2019-04-06 08:45:00,1640.8
2019-04-07 09:45:00,1410.41666666667
2019-04-08 10:45:00,1313.88333333333
2019-04-09 11:45:00,1471.26666666667
2019-04-10 12:45:00,1495.23333333333
2019-04-11 13:45:00,1179.23333333333
2019-04-12 14:45:00,1319.83333333333
2019-04-13 15:45:00,1671.93333333333
2019-04-14 16:45:00,1908.08333333333
2019-04-15 17:45:00,1638.66666666667
2019-04-16 18:45:00,1269.75
2019-04-17 19:45:00,1658.91666666667
2019-04-18 20:45:00,895.433333333333
2019-04-19 21:45:00,1317.08333333333
2019-04-20 22:45:00,693.416666666667
2019-04-21 23:45:00,1476.96666666667
2019-04-23 00:45:00,1072.15
2019-04-24 01:45:00,1566.98333333333
2019-04-25 02:45:00,854.883333333333
2019-04-26 03:45:00,1043.71666666667
2019-04-27 04:45:00,1901.56666666667
2019-04-28 05:45:00,1287.85
2019-04-29 06:45:00,2464.1
2019-04-30 07:45:00,1451.48333333333
2019-05-01 08:45:00,1733.51666666667
2019-05-02 09:45:00,1530.98333333333
2019-05-03 10:45:00,2291.78333333333
2019-05-04 11:45:00,1138.7
2019-05-05 12:45:00,2065.96666666667
2019-05-06 13:45:00,1640.96666666667
2019-05-07 14:45:00,2014.95
2019-05-08 15:45:00,1958.33333333333
2019-05-09 16:45:00,1349.31666666667
2019-05-10 17:45:00,1650.96666666667
2019-05-11 18:45:00,1400.65
2019-05-12 19:45:00,1326.85
2019-05-13 20:45:00,1508.56666666667
2019-05-14 21:45:00,1164.15
2019-05-15 22:45:00,1348.25
2019-05-16 23:45:00,807.683333333333
2019-05-18 00:45:00,943.666666666667
2019-05-19 01:45:00,1258.11666666667
2019-05-20 02:45:00,1758.8
2019-05-21 03:45:00,2090
2019-05-22 04:45:00,1629.9
2019-05-23 05:45:00,1505.43333333333
2019-05-24 06:45:00,1557.51666666667
2019-05-25 07:45:00,1229.15
2019-05-26 08:45:00,1942.45
2019-05-27 09:45:00,1687.75
2019-05-28 10:45:00,1380.58333333333
2019-05-29 11:45:00,1638.63333333333
2019-05-30 12:45:00,2212.48333333333
2019-05-31 13:45:00,1624.03333333333
2019-06-01 14:45:00,1151.11666666667
2019-06-02 15:45:00,1109.9
2019-06-03 16:45:00,1349.16666666667
2019-06-04 17:45:00,1774.13333333333
2019-06-05 18:45:00,1522.8
2019-06-06 19:45:00,1343.96666666667
2019-06-07 20:45:00,1277.85
2019-06-08 21:45:00,1059.9
2019-06-09 22:45:00,899.083333333333
2019-06-10 23:45:00,1227.66666666667
2019-06-12 00:45:00,1156.45
2019-06-13 01:45:00,1422.25
2019-06-14 02:45:00,1721.2
2019-06-15 03:45:00,1110.23333333333
2019-06-16 04:45:00,1325.38333333333
2019-06-17 05:45:00,1411.86666666667
2019-06-18 06:45:00,1252.1
2019-06-19 07:45:00,1493.31666666667
2019-06-20 08:45:00,1452.6
2019-06-21 09:45:00,1669.25
2019-06-22 10:45:00,1834.91666666667
2019-06-23 11:45:00,2922.01666666667
2019-06-24 12:45:00,2467.73333333333
2019-06-25 13:45:00,2409.51666666667
2019-06-26 14:45:00,1772.33333333333
2019-06-27 15:45:00,1549.63333333333
2019-06-28 16:45:00,1682.13333333333
2019-06-29 17:45:00,1160.48333333333
2019-06-30 18:45:00,1261.36666666667
2019-07-01 19:45:00,1361.81666666667
2019-07-02 20:45:00,1401.96666666667
2019-07-03 21:45:00,1308.33333333333
2019-07-04 22:45:00,1313.28333333333
2019-07-05 23:45:00,1487.91666666667
2019-07-07 00:45:00,1120.45
2019-07-08 01:45:00,1294.33333333333
2019-07-09 02:45:00,1849.38333333333
2019-07-10 03:45:00,1649.81666666667
2019-07-11 04:45:00,1304.36666666667
2019-07-12 05:45:00,1405.03333333333
2019-07-13 06:45:00,1141.06666666667
2019-07-14 07:45:00,1521.35
2019-07-15 08:45:00,1867.95
2019-07-16 09:45:00,1365.23333333333
2019-07-17 10:45:00,1153.31666666667
2019-07-18 11:45:00,2303.03333333333
2019-07-19 12:45:00,1282.03333333333
2019-07-20 13:45:00,1010.58333333333
2019-07-21 14:45:00,1201.73333333333
2019-07-22 15:45:00,1132.91666666667
2019-07-23 16:45:00,1211.46666666667
2019-07-24 17:45:00,996.7
2019-07-25 18:45:00,1241.96666666667
2019-07-26 19:45:00,958.933333333333
2019-07-27 20:45:00,505.2
2019-07-28 21:45:00,938.7
2019-07-29 22:45:00,964.4
2019-07-30 23:45:00,1299.21666666667
2019-08-01 00:45:00,1314.93333333333
2019-08-02 01:45:00,998.066666666667
2019-08-03 02:45:00,1548.23333333333
2019-08-04 03:45:00,1297.95
2019-08-05 04:45:00,948.666666666667
2019-08-06 05:45:00,1450.83333333333
2019-08-07 06:45:00,2358.33333333333
2019-08-08 07:45:00,1113.68333333333
2019-08-09 08:45:00,1549.78333333333
2019-08-10 09:45:00,1444.41666666667
2019-08-11 10:45:00,841.616666666667
2019-08-12 11:45:00,1700.31666666667
2019-08-13 12:45:00,1533.56666666667
2019-08-14 13:45:00,1461.8
2019-08-15 14:45:00,1562.83333333333
2019-08-16 15:45:00,1408.51666666667
2019-08-17 16:45:00,1041.38333333333
2019-08-18 17:45:00,1007.53333333333
2019-08-19 18:45:00,1775.28333333333
2019-08-20 19:45:00,1192.21666666667
2019-08-21 20:45:00,1268.2
2019-08-22 21:45:00,1109.85
2019-08-23 22:45:00,904.55
2019-08-24 23:45:00,976.166666666667
2019-08-26 00:45:00,912.083333333333
2019-08-27 01:45:00,1143.88333333333
2019-08-28 02:45:00,1214.03333333333
2019-08-29 03:45:00,1595.28333333333
2019-08-30 04:45:00,808.083333333333
2019-08-31 05:45:00,1022.61666666667
2019-09-01 06:45:00,1151.51666666667
2019-09-02 07:45:00,1072.55
2019-09-03 08:45:00,1901.8
2019-09-04 09:45:00,1269.98333333333
2019-09-05 10:45:00,1741.48333333333
2019-09-06 11:45:00,1689.9
2019-09-07 12:45:00,1331.91666666667
2019-09-08 13:45:00,1048.51666666667
2019-09-09 14:45:00,1485.08333333333
2019-09-10 15:45:00,1591.8
2019-09-11 16:45:00,1830.38333333333
2019-09-12 17:45:00,1416.48333333333
2019-09-13 18:45:00,2622.23333333333
2019-09-14 19:45:00,965.416666666667
2019-09-15 20:45:00,935.766666666667
2019-09-16 21:45:00,921.133333333333
2019-09-17 22:45:00,928.766666666667
2019-09-18 23:45:00,741.15
2019-09-20 00:45:00,1193.76666666667
2019-09-21 01:45:00,1310.68333333333
2019-09-22 02:45:00,1010.6
2019-09-23 03:45:00,1356.38333333333
2019-09-24 04:45:00,1014.13333333333
2019-09-25 05:45:00,837.883333333333
2019-09-26 06:45:00,1517.38333333333
2019-09-27 07:45:00,1081.31666666667
2019-09-28 08:45:00,1359.95
2019-09-29 09:45:00,774.366666666667
2019-09-30 10:45:00,1293.4
2019-10-01 11:45:00,1222.35
2019-10-02 12:45:00,1167.68333333333
2019-10-03 13:45:00,1215
2019-10-04 14:45:00,1494.75
2019-10-05 15:45:00,1384.85
2019-10-06 16:45:00,1062.38333333333
2019-10-07 17:45:00,1282.53333333333
2019-10-08 18:45:00,1249.35
2019-10-09 19:45:00,979.25
2019-10-10 20:45:00,1267.66666666667
2019-10-11 21:45:00,1375.61666666667
2019-10-12 22:45:00,729.683333333333
2019-10-13 23:45:00,495.216666666667
2019-10-15 00:45:00,703.3
2019-10-16 01:45:00,1082.8
2019-10-17 02:45:00,1286.98333333333
2019-10-18 03:45:00,1177.25
2019-10-19 04:45:00,668.433333333333
2019-10-20 05:45:00,985.866666666667
2019-10-21 06:45:00,1505.48333333333
2019-10-22 07:45:00,1314.33333333333
2019-10-23 08:45:00,1943.16666666667
2019-10-24 09:45:00,1565.61666666667
2019-10-25 10:45:00,1575.45
2019-10-26 11:45:00,1474.53333333333
2019-10-27 12:45:00,915.233333333333
2019-10-28 13:45:00,1447.78333333333
2019-10-29 14:45:00,1103.58333333333
2019-10-30 15:45:00,1354.15
2019-10-31 16:45:00,1639.26666666667
2019-11-01 17:45:00,1168.06666666667
2019-11-02 18:45:00,1218.23333333333
2019-11-03 19:45:00,1424.66666666667
2019-11-04 20:45:00,1370.38333333333
2019-11-05 21:45:00,1316.48333333333
2019-11-06 22:45:00,1173.51666666667
2019-11-07 23:45:00,1207.3
2019-11-09 00:45:00,646.25
2019-11-10 01:45:00,2108.46666666667
2019-11-11 02:45:00,1404.1
2019-11-12 03:45:00,1381.51666666667
2019-11-13 04:45:00,688.95
2019-11-14 05:45:00,1180.53333333333
2019-11-15 06:45:00,67472.9333333333
2019-11-16 07:45:00,951.55
2019-11-17 08:45:00,993.716666666667
2019-11-18 09:45:00,1573.16666666667
2019-11-19 10:45:00,1514.98333333333
2019-11-20 11:45:00,1410.05
2019-11-21 12:45:00,1283.56666666667
2019-11-22 13:45:00,1891.21666666667
2019-11-23 14:45:00,1499.2
2019-11-24 15:45:00,1346.93333333333
2019-11-25 16:45:00,1352.78333333333
2019-11-26 17:45:00,1297.18333333333
2019-11-27 18:45:00,1222.26666666667
2019-11-28 19:45:00,1078
2019-11-29 20:45:00,1085.38333333333
2019-11-30 21:45:00,876.233333333333
2019-12-01 22:45:00,752.283333333333
2019-12-02 23:45:00,781.583333333333
2019-12-04 00:45:00,1032.18333333333
2019-12-05 01:45:00,1137.38333333333
2019-12-06 02:45:00,771.533333333333
2019-12-07 03:45:00,667.25
2019-12-08 04:45:00,906.35
2019-12-09 05:45:00,1115.03333333333
2019-12-10 06:45:00,1283.51666666667
2019-12-11 07:45:00,947.833333333333
2019-12-12 08:45:00,1051.95
2019-12-13 09:45:00,1416.68333333333
2019-12-14 10:45:00,1195.06666666667
2019-12-15 11:45:00,919.266666666667
2019-12-16 12:45:00,1568.8
2019-12-17 13:45:00,1514.13333333333
2019-12-18 14:45:00,1994.25
2019-12-19 15:45:00,1252.93333333333
2019-12-20 16:45:00,1081.96666666667
2019-12-21 17:45:00,1269.31666666667
2019-12-22 18:45:00,1073.86666666667
2019-12-23 19:45:00,1101.45
2019-12-24 20:45:00,894.916666666667
2019-12-25 21:45:00,843.2
2019-12-26 22:45:00,722.816666666667
2019-12-27 23:45:00,1214.41666666667
2019-12-29 00:45:00,801.083333333333
2019-12-30 01:45:00,726.416666666667
2019-12-31 02:45:00,652.466666666667
2020-01-01 03:45:00,605.95
2020-01-02 04:45:00,741.483333333333
2020-01-03 05:45:00,930.483333333333
2020-01-04 06:45:00,1025.43333333333
2020-01-05 07:45:00,821.116666666667
2020-01-06 08:45:00,1209.91666666667
2020-01-07 09:45:00,1364.5
2020-01-08 10:45:00,1548.55
2020-01-09 11:45:00,1134.06666666667
2020-01-10 12:45:00,1171.18333333333
2020-01-11 13:45:00,1157.61666666667
2020-01-12 14:45:00,1353.5
2020-01-13 15:45:00,1507.88333333333
2020-01-14 16:45:00,1477.26666666667
2020-01-15 17:45:00,1275.61666666667
2020-01-16 18:45:00,1452.41666666667
2020-01-17 19:45:00,983.95
2020-01-18 20:45:00,1090.68333333333
2020-01-19 21:45:00,1140.46666666667
2020-01-20 22:45:00,897.416666666667
2020-01-21 23:45:00,1097.7
2020-01-23 00:45:00,1373.45
2020-01-24 01:45:00,1473.08333333333
2020-01-25 02:45:00,844.133333333333
2020-01-26 03:45:00,576.65
2020-01-27 04:45:00,797.5
2020-01-28 05:45:00,1038.48333333333
2020-01-29 06:45:00,1192.96666666667
2020-01-30 07:45:00,1148
2020-01-31 08:45:00,1467.55
2020-02-01 09:45:00,1189.81666666667
2020-02-02 10:45:00,1016.78333333333
2020-02-03 11:45:00,1601.65
2020-02-04 12:45:00,1245.01666666667
2020-02-05 13:45:00,1424.4
2020-02-06 14:45:00,3343.58333333333
2020-02-07 15:45:00,1491.1
2020-02-08 16:45:00,1305.91666666667
2020-02-09 17:45:00,1218.18333333333
2020-02-10 18:45:00,1340.05
2020-02-11 19:45:00,1390.3
2020-02-12 20:45:00,1108.78333333333
2020-02-13 21:45:00,1290.7
2020-02-14 22:45:00,1224.15
2020-02-15 23:45:00,996.95
2020-02-17 00:45:00,1231.13333333333
2020-02-18 01:45:00,1019.86666666667
2020-02-19 02:45:00,1090.21666666667
2020-02-20 03:45:00,860.85
2020-02-21 04:45:00,874.966666666667
2020-02-22 05:45:00,1074.7
2020-02-23 06:45:00,937.616666666667
2020-02-24 07:45:00,1014.46666666667
2020-02-25 08:45:00,1119.56666666667
2020-02-26 09:45:00,1128.15
2020-02-27 10:45:00,1813.96666666667
2020-02-28 11:45:00,1293.83333333333
2020-02-29 12:45:00,1332.08333333333
2020-03-01 13:45:00,1265.81666666667
2020-03-02 14:45:00,1921.18333333333
2020-03-03 15:45:00,1643.4
2020-03-04 16:45:00,1171.23333333333
2020-03-05 17:45:00,1441.53333333333
2020-03-06 18:45:00,1261.4
2020-03-07 19:45:00,858.666666666667
2020-03-08 20:45:00,1019.45
2020-03-09 21:45:00,1259.58333333333
2020-03-10 22:45:00,934.133333333333
2020-03-11 23:45:00,743.6
2020-03-13 00:45:00,1345.9
2020-03-14 04:45:00,687.116666666667
2020-03-15 05:45:00,765.1
2020-03-16 06:45:00,1260.9
2020-03-17 07:45:00,952.366666666667
2020-03-18 08:45:00,1025.56666666667
2020-03-19 09:45:00,1042.7
2020-03-20 10:45:00,1391.53333333333
2020-03-21 11:45:00,783.716666666667
2020-03-22 12:45:00,975.65
2020-03-23 13:45:00,1377.83333333333
2020-03-24 14:45:00,1235.05
2020-03-25 15:45:00,736.716666666667
2020-03-26 17:00:00,1559.46666666667
2020-03-27 18:00:00,1332.21666666667
2020-03-28 19:00:00,1007.65
2020-03-29 20:00:00,957.516666666667
2020-03-30 21:00:00,1344.16666666667
2020-03-31 22:00:00,938.116666666667
2020-04-01 23:00:00,1139.38333333333
2020-04-03 00:00:00,782.816666666667
2020-04-04 01:00:00,902.766666666667
2020-04-05 02:00:00,1399.7
2020-04-06 03:00:00,983.283333333333
2020-04-07 04:00:00,947.966666666667
2020-04-08 05:00:00,1286.58333333333
2020-04-09 06:00:00,1270.01666666667
2020-04-10 07:00:00,1292.58333333333
2020-04-11 08:00:00,1487.01666666667
2020-04-12 09:00:00,794.2
2020-04-13 10:00:00,1399.91666666667
2020-04-14 11:00:00,1479.18333333333
2020-04-15 12:00:00,1361.5
2020-04-16 13:00:00,2843.08333333333
2020-04-17 14:00:00,2733.78333333333
2020-04-18 15:00:00,1354.76666666667
2020-04-19 16:00:00,1160.78333333333
2020-04-20 17:00:00,1847.51666666667
2020-04-21 18:00:00,1491.21666666667
2020-04-22 19:00:00,1641.75
2020-04-23 20:00:00,2671.7
2020-04-24 21:00:00,1159.56666666667
2020-04-25 22:00:00,1067.85
2020-04-26 23:00:00,880.433333333333
2020-04-28 00:00:00,1016.78333333333
2020-04-29 01:00:00,1607.13333333333
2020-04-30 02:00:00,10529.4166666667
2020-05-01 03:00:00,1827.58333333333
2020-05-02 04:00:00,963.783333333333
2020-05-03 05:00:00,656.566666666667
2020-05-04 06:00:00,1105.55
2020-05-05 07:00:00,2839.11666666667
2020-05-06 08:00:00,1526.3
2020-05-07 09:00:00,1515.41666666667
2020-05-08 10:00:00,1446.95
2020-05-09 11:00:00,1948.26666666667
2020-05-10 12:00:00,1338.15
2020-05-11 13:15:00,2167.66666666667
2020-05-12 14:15:00,1559.7
2020-05-13 15:15:00,1951.36666666667
2020-05-14 16:15:00,1379.58333333333
2020-05-15 17:15:00,1130.48333333333
2020-05-16 18:15:00,1241.18333333333
2020-05-17 19:15:00,1256.21666666667
2020-05-18 20:15:00,1178.91666666667
2020-05-19 21:15:00,1232.61666666667
2020-05-20 22:15:00,939.866666666667
2020-05-21 23:15:00,1107.43333333333
2020-05-23 00:15:00,960.416666666667
2020-05-24 01:15:00,772.316666666667
2020-05-25 02:15:00,826.033333333333
2020-05-26 03:15:00,676.2
2020-05-27 04:15:00,625.183333333333
2020-05-28 05:15:00,853.066666666667
2020-05-29 06:15:00,1031.2
2020-05-30 07:15:00,1192.63333333333
2020-05-31 08:15:00,1091.98333333333
2020-06-01 09:15:00,1643.9
2020-06-02 10:15:00,1496.13333333333
2020-06-03 11:15:00,1843.3
2020-06-04 12:15:00,1331
2020-06-05 13:15:00,1357.88333333333
2020-06-06 14:15:00,1407.6
2020-06-07 15:15:00,1148.78333333333
2020-06-08 16:15:00,1664.33333333333
2020-06-09 17:15:00,1502.3
2020-06-10 18:15:00,1995.35
2020-06-11 19:15:00,1624.78333333333
2020-06-12 20:15:00,1350.76666666667
2020-06-13 21:15:00,1315.65
2020-06-14 22:15:00,1092.21666666667
2020-06-15 23:15:00,982.016666666667
2020-06-17 00:15:00,958.116666666667
2020-06-18 01:15:00,1227.18333333333
2020-06-19 02:15:00,837.733333333333
2020-06-20 03:15:00,803.616666666667
2020-06-21 04:15:00,768.116666666667
2020-06-22 05:15:00,965.133333333333
2020-06-23 06:15:00,1141.05
2020-06-24 07:15:00,1250.71666666667
2020-06-25 08:15:00,1310.4
2020-06-26 09:15:00,1538.08333333333
2020-06-27 10:15:00,1150.41666666667
2020-06-28 11:15:00,1055.65
2020-06-29 12:15:00,1552.83333333333
2020-06-30 13:15:00,1722.8
2020-07-01 14:15:00,1721.35
2020-07-02 15:15:00,1372.78333333333
2020-07-03 16:15:00,1420.5
2020-07-04 17:15:00,1406.75
2020-07-05 18:15:00,1251.91666666667
2020-07-06 19:15:00,1733
2020-07-07 20:15:00,1349.68333333333
2020-07-08 21:15:00,1498.95
2020-07-09 22:15:00,1465.38333333333
2020-07-10 23:15:00,961.283333333333
2020-07-12 00:15:00,802.7
2020-07-13 01:15:00,988.5
2020-07-14 02:15:00,847.916666666667
2020-07-15 03:15:00,708.933333333333
2020-07-16 04:15:00,1064.88333333333
2020-07-17 05:15:00,940.7
2020-07-18 06:15:00,960.15
2020-07-19 07:15:00,849.85
2020-07-20 08:15:00,1430.95
2020-07-21 09:15:00,1710.45
2020-07-22 10:15:00,3591.36666666667
2020-07-23 11:15:00,1646.95
2020-07-24 12:15:00,1696.8
2020-07-25 13:15:00,1360.6
2020-07-26 14:15:00,1394.15
2020-07-27 15:15:00,1960.13333333333
2020-07-28 16:15:00,1959.61666666667
2020-07-29 17:15:00,1510.55
2020-07-30 18:15:00,1604.08333333333
2020-07-31 19:15:00,1308.31666666667
2020-08-01 20:15:00,1165.96666666667
2020-08-02 21:15:00,1410.35
2020-08-03 22:15:00,1223.56666666667
2020-08-04 23:15:00,878.1
2020-08-06 00:15:00,895.083333333333
2020-08-07 01:15:00,1023.2
2020-08-08 02:15:00,1023.83333333333
2020-08-09 03:15:00,794.833333333333
2020-08-10 04:15:00,1024.98333333333
2020-08-11 05:15:00,1097.28333333333
2020-08-12 06:15:00,1388.68333333333
2020-08-13 07:15:00,1397.65
2020-08-14 08:15:00,1632.78333333333
2020-08-15 09:15:00,1156.61666666667
2020-08-16 10:15:00,1014.86666666667
2020-08-17 11:15:00,1565.55
2020-08-18 12:15:00,2326.21666666667
2020-08-19 13:15:00,1223.3666666666666
2020-08-20 14:15:00,1586.65
2020-08-21 15:15:00,1908.75
2020-08-22 16:15:00,1350.55
2020-08-23 17:15:00,1473.2833333333333
2020-08-24 18:15:00,1887.6
2020-08-25 19:15:00,1529.6
2020-08-26 20:15:00,1649.15
2020-08-27 21:15:00,1553.15
2020-08-28 22:15:00,1243
2020-08-29 23:15:00,910.4666666666667
2020-08-31 00:15:00,928.2666666666667
2020-09-01 01:15:00,813.0666666666667
2020-09-02 02:15:00,842.0833333333334
2020-09-03 03:15:00,678.3333333333334
2020-09-04 04:15:00,1156.5
2020-09-05 05:15:00,718.7666666666667
2020-09-06 06:15:00,1110.1333333333334
2020-09-07 07:15:00,1486.8166666666666
2020-09-08 08:15:00,1640.8166666666666
2020-09-09 09:15:00,1584.3833333333334
2020-09-10 10:15:00,1754.7666666666667
2020-09-11 11:15:00,1507.95
2020-09-12 12:15:00,1304.5666666666666
2020-09-13 13:15:00,909.2833333333333
2020-09-14 14:15:00,2064.9166666666665
2020-09-15 15:15:00,1978.25
2020-09-16 16:15:00,1646.3166666666666
2020-09-17 17:15:00,1516.4
2020-09-18 18:15:00,1614.25
2020-09-19 19:15:00,1274.85
2020-09-20 20:15:00,1193.7
2020-09-21 21:15:00,1422.7166666666667
2020-09-22 22:15:00,1421.95
2020-09-23 23:15:00,1280.1166666666666
2020-09-25 00:15:00,1027.4333333333334
2020-09-26 01:15:00,746.2333333333333
2020-09-27 02:15:00,727.3166666666667
2020-09-28 03:15:00,733.8833333333333