Timestamp,mvrv
2010-10-09 00:06:14,6.62776252931356
2010-10-11 04:28:16,6.83619352155777
2010-10-13 11:24:59,5.3597430156708
2010-10-15 10:00:05,5.66876322001946
2010-10-17 00:44:46,5.20552513929115
2010-10-18 10:19:52,4.63519432335529
2010-10-19 22:15:13,4.56790658192373
2010-10-21 10:48:32,4.4814113083192
2010-10-23 16:59:46,4.72679516826013
2010-10-25 15:02:32,7.31469752286278
2010-10-27 05:08:28,7.13392044993461
2010-10-28 22:00:24,6.38165652160345
2010-10-30 12:14:32,6.08025743275724
2010-11-01 10:38:48,6.14755494484181
2010-11-03 10:55:28,6.16775748078432
2010-11-05 07:46:06,6.23224061257797
2010-11-07 00:34:43,7.82820403565702
2010-11-08 12:25:26,9.32837274110017
2010-11-10 01:47:27,4.88924855608105
2010-11-11 18:02:41,3.92788432822555
2010-11-13 16:49:26,3.87099940348482
2010-11-15 08:11:39,4.3682878318317
2010-11-17 04:22:57,3.88815577670637
2010-11-18 14:36:01,3.84032386797628
2010-11-21 02:21:28,3.87794545228787
2010-11-23 14:34:14,3.68156223871686
2010-11-25 19:09:48,3.62607185674006
2010-11-27 18:15:12,3.78911788912136
2010-11-29 17:39:40,3.62154674593151
2010-12-01 16:44:19,3.33314443171925
2010-12-03 14:10:16,3.15648647108528
2010-12-05 06:48:57,3.12708194349867
2010-12-06 19:29:37,2.87643540275638
2010-12-08 10:14:11,2.84713709993923
2010-12-10 00:51:16,2.82061415584546
2010-12-12 07:37:45,2.80981632377006
2010-12-14 15:01:52,2.78015902427361
2010-12-16 17:50:21,2.98721639256815
2010-12-19 00:00:09,2.95829043691231
2010-12-21 03:37:44,3.14541810176345
2010-12-23 10:01:47,2.94850885816184
2010-12-25 19:00:54,2.81364000066953
2010-12-28 02:29:05,3.01436134389861
2010-12-30 09:12:45,3.28624217548661
2011-01-01 13:18:59,3.2498350932944
2011-01-03 16:46:07,3.20870825939366
2011-01-06 04:13:06,3.16986048576748
2011-01-08 11:48:12,3.34177021806383
2011-01-10 18:49:36,3.28082703926551
2011-01-13 01:06:37,3.56825011149232
2011-01-15 00:53:49,4.21199247108628
2011-01-17 06:00:42,3.7387228829297
2011-01-19 12:27:32,3.45674974216011
2011-01-21 13:45:53,3.39190295975645
2011-01-23 20:02:33,3.74067076069411
2011-01-25 23:50:44,3.73581142549589
2011-01-28 03:15:24,3.27400075097943
2011-01-30 10:41:42,3.34585239985972
2011-02-01 16:36:39,4.37252920414144
2011-02-04 01:21:25,5.08501793833404
2011-02-06 01:27:58,5.68630350136479
2011-02-07 23:10:19,5.33114966451014
2011-02-10 00:28:45,5.35110558113486
2011-02-12 00:13:07,5.39512429064134
2011-02-13 20:39:03,5.57338003849738
2011-02-15 16:53:54,5.23419508711991
2011-02-17 05:30:06,4.99972220211756
2011-02-18 22:29:47,4.8982956267413
2011-02-20 23:33:22,4.54458853202205
2011-02-22 19:28:59,3.95147041079764
2011-02-24 10:58:44,4.20997613332863
2011-02-26 02:23:27,4.36066903880215
2011-02-27 07:54:06,4.16918699928464
2011-03-01 15:23:08,3.45007053452949
2011-03-03 19:04:02,3.40482083802868
2011-03-05 11:26:44,3.29871103834655
2011-03-06 18:54:50,3.23289946080309
2011-03-08 11:54:28,3.17033456469038
2011-03-11 01:38:05,3.07965114446026
2011-03-13 22:12:45,3.12432212299305
2011-03-17 00:19:37,2.94441072300039
2011-03-19 22:47:29,2.75296638689022
2011-03-22 15:24:29,2.57639539121048
2011-03-25 03:52:02,2.88713476688409
2011-03-27 14:03:09,2.84810231289842
2011-03-29 21:22:23,2.63650757906782
2011-03-31 22:41:52,2.50402209375794
2011-04-03 02:03:02,2.49420950268869
2011-04-05 05:22:22,2.37177595738067
2011-04-07 10:46:50,2.30256357255896
2011-04-09 19:39:10,2.41367186587189
2011-04-12 01:37:25,2.46540491950659
2011-04-14 02:33:22,2.98344421239491
2011-04-16 11:49:18,3.21123318875242
2011-04-18 17:39:13,3.18198129260841
2011-04-21 04:33:09,3.34990316051519
2011-04-23 09:47:03,3.75571844027233
2011-04-25 13:59:41,4.89803650681926
2011-04-27 10:26:16,4.48890252634494
2011-04-29 11:49:41,5.13405531712588
2011-05-01 11:30:01,6.9617201626328
2011-05-03 09:11:19,5.51817870427529
2011-05-05 06:18:45,5.09781467784149
2011-05-06 22:33:53,4.77037201109404
2011-05-08 17:03:34,4.80270594516831
2011-05-10 07:08:10,5.16995003335309
2011-05-12 06:51:45,6.73825967099145
2011-05-14 03:52:09,7.21246895341497
2011-05-15 16:45:48,6.44900108533039
2011-05-17 05:26:17,5.65656185151305
2011-05-18 14:04:10,5.24292553743675
2011-05-20 08:48:01,4.44956504618766
2011-05-22 00:59:36,4.08164413195335
2011-05-23 10:58:55,4.18647827051886
2011-05-24 16:52:35,4.4703878267448
2011-05-25 21:49:27,4.2951727773474
2011-05-27 06:27:59,4.96673764389078
2011-05-29 11:52:37,4.54330917159884
2011-05-31 20:57:29,4.59346382847629
2011-06-02 20:10:28,4.69539598951096
2011-06-04 13:13:47,6.60536968557937
2011-06-06 05:20:21,7.49252736185635
2011-06-08 03:36:46,6.81746285158857
2011-06-09 22:19:30,7.69571159204266
2011-06-11 13:34:56,6.55380136727296
2011-06-13 02:39:48,3.76885876234569
2011-06-14 15:53:00,3.40052172345523
2011-06-15 23:27:01,2.76473457907661
2011-06-17 23:18:48,2.54795022402992
2011-06-19 17:09:44,2.25513958825111
2011-06-21 07:09:58,2.42036269080529
2011-06-22 17:57:22,2.20579043428607
2011-06-24 03:54:29,2.36648770306984
2011-06-26 09:47:26,2.54139941575554
2011-06-28 18:09:38,2.48756160298562
2011-06-30 19:17:41,2.37342436100598
2011-07-02 21:35:34,2.30186675417261
2011-07-05 03:10:36,2.13154979854411
2011-07-07 15:16:25,2.22569424735669
2011-07-10 01:33:19,2.04709912807686
2011-07-12 14:06:01,2.01878271557192
2011-07-14 18:54:16,1.89118995097895
2011-07-17 03:13:00,1.87866504000285
2011-07-19 08:01:37,1.87565649837301
2011-07-21 19:31:56,1.89876628628198
2011-07-24 06:34:34,1.8858005628886
2011-07-26 12:13:16,1.97694224730582
2011-07-28 13:38:34,1.89516468102103
2011-07-30 23:14:51,1.851947540086
2011-08-02 03:13:32,1.81041496762955
2011-08-04 16:33:24,1.70901493513339
2011-08-07 13:27:10,1.45409996073271
2011-08-10 04:30:15,1.6202831405916
2011-08-12 23:57:10,1.42833869179956
2011-08-15 19:13:49,1.57332156817002
2011-08-18 11:48:16,1.56666352055709
2011-08-21 05:30:08,1.61193453636636
2011-08-23 10:28:14,1.57595513365845
2011-08-26 03:06:38,1.46673085789555
2011-08-29 01:35:02,1.33653817791832
2011-08-31 13:18:22,1.28387647280833
2011-09-03 04:55:23,1.20729388822939
2011-09-05 19:55:26,1.21153598872559
2011-09-08 11:16:22,1.07404458835907
2011-09-11 02:51:47,0.927908102508045
2011-09-13 23:43:22,1.03793228698394
2011-09-16 16:12:43,0.845821075643078
2011-09-19 06:32:42,0.78321549294798
2011-09-21 23:44:19,1.01674734066559
2011-09-24 18:15:50,0.871785124405344
2011-09-27 12:04:35,0.829288534836815
2011-09-30 04:48:11,0.763723466067209
2011-10-03 03:28:06,0.7974098193625
2011-10-05 23:43:51,0.783015471809649
2011-10-08 23:03:22,0.748642575923842
2011-10-12 04:03:20,0.654788280517017
2011-10-15 06:35:19,0.648521022927672
2011-10-18 08:21:32,0.565278222228717
2011-10-21 06:47:16,0.401363328026053
2011-10-24 17:32:21,0.537935043474161
2011-10-27 20:02:14,0.476239537407732
2011-10-31 05:01:32,0.586606693670122
2011-11-02 18:12:07,0.551994589693535
2011-11-05 10:33:28,0.529825440522836
2011-11-08 04:01:05,0.50657966276088
2011-11-10 18:24:02,0.527426073381294
2011-11-13 15:00:22,0.532420864419732
2011-11-16 02:06:34,0.458420789233859
2011-11-18 18:36:26,0.471402619135937
2011-11-21 16:10:04,0.458023265748931
2011-11-24 16:14:25,0.451541514422554
2011-11-27 17:09:37,0.476440846456739
2011-11-30 13:25:36,0.568741577190952
2011-12-03 01:11:57,0.598877867179693
2011-12-05 17:34:41,0.57023480737899
2011-12-08 08:42:13,0.595537868579917
2011-12-10 19:06:28,0.586689722196244
2011-12-13 13:35:39,0.6416710588344
2011-12-16 10:01:13,0.61797769663278
2011-12-19 02:42:02,0.649816567626243
2011-12-21 15:40:26,0.847973452879759
2011-12-24 09:59:28,0.758275100551026
2011-12-26 19:53:08,0.839405356816074
2011-12-29 08:35:43,0.80990577051253
2012-01-01 03:03:15,0.966407749406791
2012-01-03 15:27:39,1.04508435703825
2012-01-06 04:47:58,1.25193285218665
2012-01-08 08:58:02,1.32503476423609
2012-01-10 21:34:06,1.32168809442445
2012-01-13 14:41:25,1.28012170254314
2012-01-16 07:43:39,1.29097970013581
2012-01-18 22:34:00,1.27037256939533
2012-01-21 10:45:48,1.19574291775585
2012-01-23 22:40:25,1.16621270420423
2012-01-26 20:04:04,1.16277348080544
2012-01-29 09:45:13,1.04940438232665
2012-01-31 16:49:39,1.02654676013628
2012-02-03 04:28:48,1.13465845135186
2012-02-05 17:47:53,1.09719663274013
2012-02-08 08:39:26,1.05301862272542
2012-02-11 01:43:30,1.09156713516557
2012-02-13 11:23:38,1.0667854252292
2012-02-16 06:02:13,0.900423262596691
2012-02-18 18:01:44,0.881338972498425
2012-02-21 08:41:35,0.847716484465247
2012-02-23 18:15:26,0.87570380212746
2012-02-26 05:02:27,0.954331067592629
2012-02-28 18:50:18,0.959953883186247
2012-03-02 02:53:41,0.952028586831239
2012-03-05 02:26:35,0.942165555200697
2012-03-07 18:21:23,0.965091674821267
2012-03-10 03:03:32,0.946560188788186
2012-03-12 16:28:31,0.954057334354449
2012-03-15 11:47:01,1.04212477346823
2012-03-17 23:01:28,1.03074725098979
2012-03-20 11:47:07,0.99905122133237
2012-03-23 01:05:18,0.934234788563328
2012-03-25 14:59:11,0.909346436883925
2012-03-28 04:11:49,0.919150120888752
2012-03-30 21:09:33,0.949218230805356
2012-04-02 12:36:36,0.972864068586629
2012-04-05 12:00:34,0.974563904404452
2012-04-08 12:24:09,0.97039438722776
2012-04-11 03:13:18,0.963188707443426
2012-04-14 02:44:02,0.976193060796703
2012-04-16 23:55:23,0.97703946682826
2012-04-19 17:22:13,1.01507572155793
2012-04-22 12:07:17,1.06365557816938
2012-04-25 06:13:55,1.01528155185998
2012-04-28 03:56:12,1.00107931851021
2012-04-30 14:08:45,0.981142290904429
2012-05-02 21:01:20,0.987729739908128
2012-05-05 06:20:20,1.00873421256709
2012-05-07 14:39:05,1.001833254056
2012-05-09 20:38:38,1.00213308475531
2012-05-12 16:00:10,0.987021798442929
2012-05-15 12:27:37,0.992000195738025
2012-05-18 11:44:28,1.00983055871058
2012-05-21 03:24:22,1.01773061238716
2012-05-24 04:36:25,1.02563512831251
2012-05-27 01:14:25,1.02341028427079
2012-05-29 17:34:02,1.02543678799166
2012-06-01 13:56:01,1.040081649442
2012-06-04 01:37:27,1.05147083478448
2012-06-06 14:23:32,1.09400539561371
2012-06-09 06:39:02,1.12708825157128
2012-06-11 17:08:15,1.11069671135237
2012-06-14 08:14:52,1.17943478633127
2012-06-16 19:31:09,1.2354820540915
2012-06-19 05:02:27,1.27024359934297
2012-06-22 00:28:32,1.33078520022162
2012-06-24 12:23:56,1.29409053021852
2012-06-27 02:45:03,1.26113146700189
2012-06-29 19:05:16,1.29570598483324
2012-07-02 10:59:22,1.30103058603352
2012-07-04 23:56:51,1.29708030341109
2012-07-07 13:15:31,1.30059575629135
2012-07-09 23:04:14,1.326971279346
2012-07-12 15:20:48,1.41582657434429
2012-07-15 04:43:28,1.50134053736476
2012-07-17 17:27:57,1.65283252083752
2012-07-20 08:40:28,1.75201363205544
2012-07-22 23:11:28,1.78350168323987
2012-07-25 13:47:31,1.66165286678871
2012-07-27 23:26:31,1.6525873471584
2012-07-30 10:15:14,1.6520193516557
2012-08-02 07:33:13,1.75396172737119
2012-08-04 18:02:26,2.00644610414216
2012-08-07 09:57:14,1.98630447612524
2012-08-09 19:19:52,1.98746447772425
2012-08-12 05:35:31,2.02106066602125
2012-08-14 18:22:20,2.05407832327429
2012-08-17 06:20:18,2.39520168040426
2012-08-19 19:17:50,2.31575670310229
2012-08-22 02:34:05,1.67134509300349
2012-08-24 12:53:26,1.67404722408015
2012-08-27 02:03:09,1.79471439004701
2012-08-29 16:41:46,1.81766653984633
2012-09-01 08:07:20,1.70364809310422
2012-09-03 17:35:20,1.63051775456006
2012-09-06 06:44:34,1.69876130509118
2012-09-08 18:05:48,1.77703813991378
2012-09-11 07:23:38,1.72485269633494
2012-09-14 04:27:51,1.76866089014989
2012-09-16 20:11:15,1.81048882395342
2012-09-19 07:57:59,1.85524460783148
2012-09-22 00:25:18,1.87605159641028
2012-09-24 15:05:45,1.82915993113013
2012-09-27 11:07:45,1.82489489235674
2012-09-30 00:31:54,1.83480459379579
2012-10-02 21:44:15,1.83729646209375
2012-10-05 23:32:56,1.89032195630315
2012-10-08 17:38:07,1.80856246515378
2012-10-11 10:25:12,1.74921784417482
2012-10-14 05:44:28,1.73673960717228
2012-10-16 21:15:34,1.72268331561137
2012-10-19 14:37:29,1.70713347353841
2012-10-22 07:47:24,1.67813970320514
2012-10-24 23:24:05,1.69650798207238
2012-10-27 15:00:37,1.56228013609779
2012-10-30 04:13:11,1.55110524177862
2012-11-02 02:56:49,1.59738045073894
2012-11-04 21:56:20,1.50600530997343
2012-11-07 17:37:48,1.5549112583687
2012-11-10 09:37:18,1.56149080020045
2012-11-13 06:36:12,1.57627080460722
2012-11-16 03:23:26,1.58830153409552
2012-11-18 21:20:18,1.65407777906466
2012-11-21 16:19:44,1.6497549996679
2012-11-24 08:27:30,1.72515236003363
2012-11-26 22:38:07,1.73881127218351
2012-11-29 10:04:09,1.70960760323451
2012-12-02 05:11:43,1.73596113689443
2012-12-05 06:00:02,1.77511071192918
2012-12-08 06:20:41,1.83086577850386
2012-12-11 05:31:06,1.81080434297657
2012-12-14 05:03:22,1.82681224088206
2012-12-17 13:55:14,1.79475710688455
2012-12-20 13:01:42,1.76937255138179
2012-12-23 09:17:55,1.77427790253317
2012-12-26 11:36:27,1.75736115826991
2012-12-28 19:40:47,1.7636758548306
2012-12-31 07:52:59,1.76738634564175
2013-01-02 17:42:25,1.7548764978114
2013-01-05 05:30:30,1.74958439468415
2013-01-07 18:29:47,1.7508192237391
2013-01-10 11:53:45,1.80036569226648
2013-01-13 13:18:18,1.83413242635365
2013-01-16 10:58:40,1.84966487002774
2013-01-19 08:41:19,2.00486045048407
2013-01-22 05:57:49,2.12354213447682
2013-01-24 21:55:51,2.17951750097154
2013-01-27 14:51:16,2.1111958082247
2013-01-30 02:21:29,2.31302187635032
2013-02-01 11:45:01,2.40030716892151
2013-02-03 19:31:05,2.3178049512709
2013-02-06 03:32:42,2.28792223407655
2013-02-08 16:06:09,2.38536360070648
2013-02-11 04:21:47,2.53525755976285
2013-02-13 16:20:07,2.60055017700153
2013-02-15 22:53:06,2.74326272106863
2013-02-17 23:20:42,2.70059809463611
2013-02-20 07:08:49,2.85222352628777
2013-02-22 10:27:16,2.81960740677807
2013-02-24 15:57:00,2.76878259033623
2013-02-26 20:18:38,2.73260724395233
2013-02-28 20:55:00,2.74450887154452
2013-03-03 08:59:43,2.92918603674265
2013-03-05 16:48:26,3.02868895634752
2013-03-08 02:33:16,3.3437998263864
2013-03-10 07:39:53,3.52643435848085
2013-03-12 17:19:56,3.49374060513531
2013-03-14 23:20:52,3.32167984412977
2013-03-17 03:31:25,3.26772556111364
2013-03-19 00:36:01,3.54289245274572
2013-03-20 23:24:38,3.82765790465574
2013-03-22 16:33:41,4.1915413479597
2013-03-24 09:33:45,3.69864340723706
2013-03-26 19:12:03,4.00604244027073
2013-03-29 05:05:49,4.31388477354057
2013-03-31 09:09:08,4.32426051702092
2013-04-02 09:18:54,4.52753214293732
2013-04-04 12:56:56,4.94967609418637
2013-04-06 22:23:54,4.7571832054466
2013-04-09 04:37:29,5.6095819282121
2013-04-11 06:26:05,3.61011501357525
2013-04-13 12:43:26,2.92292080811606
2013-04-15 19:44:33,2.44060417669083
2013-04-17 23:28:59,1.74034315523824
2013-04-20 13:11:58,2.93959743744919
2013-04-22 20:26:06,2.86295705750174
2013-04-25 02:50:10,3.50989972427291
2013-04-27 06:31:30,2.98527715008007
2013-04-29 12:59:50,2.89862552023038
2013-05-01 22:58:37,2.94062368066953
2013-05-04 13:35:01,2.06605833135385
2013-05-06 19:53:33,2.46684451819693
2013-05-09 01:01:19,2.40918732087468
2013-05-11 05:27:13,2.48417925815127
2013-05-13 08:05:08,2.43001751435191
2013-05-15 19:21:57,2.35328628746318
2013-05-18 07:27:28,2.57830995792246
2013-05-20 18:44:05,2.5262659490513
2013-05-23 05:22:35,2.53383587700014
2013-05-25 10:07:56,2.71722928467611
2013-05-27 14:15:30,2.6907014456238
2013-05-29 20:58:05,2.57981026345759
2013-05-31 23:17:49,2.5564559262709
2013-06-02 19:19:00,2.55249195027903
2013-06-04 15:16:29,2.40326514273212
2013-06-06 12:29:17,2.37748722153284
2013-06-08 19:12:42,2.17167979720296
2013-06-11 00:08:31,2.0705280780398
2013-06-12 23:22:34,2.12142720163605
2013-06-14 23:24:48,2.02252539954596
2013-06-17 01:51:44,1.94648642781993
2013-06-19 17:41:00,2.0923198372912
2013-06-22 00:17:07,2.13428894141241
2013-06-24 05:49:54,2.09414040496949
2013-06-26 11:01:53,2.01116609360432
2013-06-28 16:36:24,1.96923535181847
2013-07-01 00:02:11,1.88493622198497
2013-07-03 08:26:51,1.76276727067035
2013-07-05 11:05:25,1.55738141091615
2013-07-07 11:28:03,1.38516789131344
2013-07-09 10:13:49,1.50847630520298
2013-07-11 09:25:18,1.72968167533533
2013-07-13 17:10:25,1.83669717436408
2013-07-15 22:21:18,1.84511215575763
2013-07-18 02:07:59,1.92266874894545
2013-07-20 08:32:22,1.79429222940968
2013-07-22 06:22:19,1.77080703185343
2013-07-24 17:37:35,1.86143908503116
2013-07-27 04:01:31,1.86680201027925
2013-07-29 08:02:23,1.91571602220417
2013-07-31 07:11:29,2.08781743962448
2013-08-02 07:18:33,2.01548315914257
2013-08-04 08:21:55,1.99853977972252
2013-08-06 10:16:50,2.02486849358036
2013-08-08 08:51:22,2.00631686814922
2013-08-10 04:58:09,1.94279230382258
2013-08-11 23:16:04,1.94319950010613
2013-08-13 18:46:06,1.99780834008712
2013-08-16 03:57:19,1.83285129368368
2013-08-18 05:15:25,1.86196499361148
2013-08-20 06:06:30,1.91911023240839
2013-08-22 04:57:02,2.0559679472795
2013-08-23 23:53:18,2.03533347183051
2013-08-26 05:37:55,2.09733368852446
2013-08-28 11:26:54,2.16875756493767
2013-08-30 08:55:39,2.17071188293706
2013-09-01 01:59:41,2.33796537947737
2013-09-02 19:37:14,2.35972899763097
2013-09-04 21:56:22,2.30946259533542
2013-09-06 23:53:43,2.18977014469611
2013-09-09 07:42:36,2.10613998664499
2013-09-11 06:17:10,2.16615370981655
2013-09-13 01:15:03,2.23962887872077
2013-09-14 20:10:05,2.22795720988096
2013-09-17 01:18:56,2.20366862486264
2013-09-19 05:46:14,2.20286945578894
2013-09-21 04:39:24,2.12099336097838
2013-09-23 01:20:42,2.11390718037226
2013-09-24 20:35:13,2.10520829810067
2013-09-26 22:10:04,2.11183778506949
2013-09-29 01:53:24,2.16022249556969
2013-10-01 05:46:51,2.1480176023251
2013-10-03 09:50:06,1.76299543153264
2013-10-05 09:03:12,2.07092472489928
2013-10-07 09:15:53,2.07458183728293
2013-10-09 15:47:39,2.08219472156175
2013-10-11 16:02:26,2.11928744707545
2013-10-13 14:08:45,2.12603053402544
2013-10-15 03:56:44,2.24216779744227
2013-10-16 19:07:03,2.31636767645436
2013-10-18 22:20:26,2.34774837152239
2013-10-20 17:13:20,2.93863110064286
2013-10-22 11:52:30,2.80473861106667
2013-10-24 05:08:49,3.077401431318
2013-10-25 22:09:04,2.82537768739117
2013-10-27 23:29:13,2.58552406587593
2013-10-30 03:46:47,3.04531190328366
2013-11-01 02:47:12,2.83647736877038
2013-11-02 21:42:31,2.80593403849338
2013-11-04 20:10:55,2.83666858161555
2013-11-07 02:51:48,3.45440409255997
2013-11-09 18:57:08,4.01506609472765
2013-11-11 23:01:07,3.8036869551903
2013-11-14 00:53:29,4.33348535583802
2013-11-16 04:27:54,4.27151925416391
2013-11-18 08:04:32,4.68561434196344
2013-11-20 16:20:33,4.66165570035327
2013-11-23 02:27:34,5.8487778924805
2013-11-25 09:36:59,5.40613805865489
2013-11-27 18:38:34,5.07547804023784
2013-11-29 22:22:04,4.98311991358458
2013-12-02 01:17:13,4.39397566881513
2013-12-04 05:31:57,4.65198393580124
2013-12-06 10:14:04,4.32188852355019
2013-12-08 12:22:56,2.9044539059438
2013-12-10 09:38:29,3.654512647955
2013-12-12 17:07:08,3.4936857683939
2013-12-14 20:45:13,3.48726183955226
2013-12-17 00:46:29,2.68246161388054
2013-12-18 23:58:51,2.60674866395199
2013-12-20 19:58:24,2.68074945404484
2013-12-23 04:11:14,2.39988408673708
2013-12-25 11:28:15,2.49193378585986
2013-12-27 15:25:51,2.82702898245614
2013-12-30 00:43:07,2.74158816361522
2014-01-01 03:47:13,2.75801620732019
2014-01-03 12:30:08,2.92500419144268
2014-01-05 21:42:09,3.02603757705076
2014-01-08 00:29:14,2.84127678461026
2014-01-09 23:32:58,2.93251904785442
2014-01-11 23:09:32,3.01420074508109
2014-01-14 01:16:30,2.87852752361627
2014-01-16 06:20:33,2.91080417592212
2014-01-18 11:50:16,2.72284787767814
2014-01-20 16:51:06,2.87852628757407
2014-01-22 21:13:14,2.80492653138589
2014-01-25 02:47:56,2.64021486849428
2014-01-27 15:10:35,2.74375642832657
2014-01-30 03:51:21,2.6657056424253
2014-02-01 05:49:05,2.68206350799636
2014-02-03 06:27:10,2.70903745569105
2014-02-05 14:50:21,2.66199611243836
2014-02-07 23:39:40,2.44566804318266
2014-02-10 12:03:22,2.20240616531585
2014-02-12 20:33:43,2.16537353823007
2014-02-15 00:10:51,2.15206799754437
2014-02-17 03:35:43,2.00066286849242
2014-02-19 13:09:16,2.02019395026837
2014-02-21 22:30:17,1.80942441855457
2014-02-24 06:47:29,1.96724996770233
2014-02-26 14:22:06,1.81794294113554
2014-02-28 18:44:16,1.8908144377903
2014-03-03 13:26:27,1.82550687715291
2014-03-06 06:33:58,2.17755724600542
2014-03-08 16:14:41,1.9798820673062
2014-03-11 03:59:27,1.93000347345153
2014-03-13 13:03:34,1.94207520600147
2014-03-16 02:38:07,1.94729952539846
2014-03-18 14:59:29,1.90601601633091
2014-03-21 01:41:50,1.78585660271751
2014-03-23 05:42:33,1.71008944121509
2014-03-25 10:48:11,1.77705482394659
2014-03-27 21:32:57,1.7530445593234
2014-03-30 05:38:31,1.49183147864948
2014-04-01 15:30:14,1.39907659069814
2014-04-03 17:13:37,1.3457418787431
2014-04-05 19:56:14,1.39137341738993
2014-04-08 16:03:05,1.38621039620537
2014-04-11 07:17:55,1.1428111265699
2014-04-13 12:29:20,1.31441572032162
2014-04-15 16:32:34,1.42890846258217
2014-04-18 06:23:15,1.53644763708736
2014-04-20 19:32:28,1.55527530962762
2014-04-23 04:57:09,1.50904034057025
2014-04-25 20:39:46,1.54759622083728
2014-04-28 05:40:58,1.35327419420023
2014-04-30 22:58:57,1.38459729661552
2014-05-03 13:42:07,1.40554976765155
2014-05-06 06:53:03,1.34007917199211
2014-05-08 15:09:14,1.36580515848677
2014-05-10 23:59:35,1.39103795709685
2014-05-13 12:40:55,1.37123981611761
2014-05-16 01:55:32,1.38539371687313
2014-05-18 09:54:42,1.39233702861874
2014-05-20 18:38:41,1.39056765123806
2014-05-23 03:22:16,1.63618601561045
2014-05-25 15:24:52,1.63069363333305
2014-05-28 05:31:30,1.74848638427703
2014-05-30 18:20:46,1.72875592052033
2014-06-02 02:59:46,1.90723254918507
2014-06-04 05:25:43,2.01195986815976
2014-06-06 19:13:48,1.97505848692277
2014-06-09 10:11:43,1.95709081073544
2014-06-12 00:09:06,1.85135969241624
2014-06-14 09:13:38,1.72627791517466
2014-06-16 13:37:02,1.72866593308214
2014-06-18 18:41:02,1.77131036282497
2014-06-21 04:39:38,1.72729571562311
2014-06-23 08:31:45,1.74071854990003
2014-06-25 11:03:13,1.66855139808636
2014-06-27 16:29:06,1.67346749054456
2014-06-29 22:47:00,1.70566314727804
2014-07-02 20:56:48,1.83638212679054
2014-07-05 10:49:16,1.7929854640743
2014-07-08 02:50:07,1.78474387613433
2014-07-10 16:32:28,1.77312047511026
2014-07-13 06:16:11,1.81135289863146
2014-07-15 22:20:48,1.76629680767372
2014-07-18 09:13:51,1.77706610314969
2014-07-20 16:40:48,1.78685820162873
2014-07-23 09:04:56,1.75483081246908
2014-07-25 22:37:45,1.70635301333116
2014-07-28 17:00:20,1.67625258020914
2014-07-31 08:19:24,1.59157734910571
2014-08-02 21:59:47,1.67996963750054
2014-08-05 16:41:02,1.6535625667291
2014-08-08 05:01:52,1.63604301670124
2014-08-10 13:25:07,1.64722589564076
2014-08-12 20:24:18,1.60241001220741
2014-08-15 06:59:14,1.4098986669087
2014-08-17 15:40:59,1.46520383908784
2014-08-19 19:22:23,1.33156983757711
2014-08-22 04:43:27,1.46106994172093
2014-08-24 18:57:43,1.38927458592538
2014-08-27 09:02:34,1.44131197746874
2014-08-29 15:55:25,1.42621216751587
2014-08-31 20:08:59,1.41105705012337
2014-09-03 12:30:07,1.33486008882815
2014-09-06 03:18:48,1.36898758926713
2014-09-08 14:42:43,1.34334214740328
2014-09-11 08:35:03,1.34923563822005
2014-09-13 15:02:12,1.34130623816396
2014-09-16 03:39:09,1.33101138536105
2014-09-18 09:19:13,1.28464743969857
2014-09-20 16:48:01,1.12537190814318
2014-09-23 02:26:14,1.13942024300206
2014-09-25 15:52:09,1.20838017359139
2014-09-28 08:42:35,1.14461398761929
2014-10-01 03:48:41,1.12044659342725
2014-10-03 19:44:06,1.08372335680233
2014-10-06 08:16:58,0.93746139032575
2014-10-08 23:18:49,0.976803182749132
2014-10-11 14:21:20,1.05768081975465
2014-10-14 08:43:50,1.14881182265475
2014-10-17 01:03:35,1.12670289260481
2014-10-19 16:28:48,1.14884105463693
2014-10-22 09:11:09,1.1347031941417
2014-10-24 21:08:49,1.05261715379367
2014-10-27 13:35:53,1.04919534714112
2014-10-30 04:30:38,0.992073262932441
2014-11-01 10:19:55,1.00208249833478
2014-11-03 19:55:22,0.964071259849845
2014-11-06 09:32:09,1.00887482687017
2014-11-09 01:38:52,1.03285579940137
2014-11-11 16:41:39,1.09006815569762
2014-11-14 09:23:28,1.24695952368191
2014-11-17 00:25:39,1.15790038000831
2014-11-19 16:13:11,1.11467375144418
2014-11-22 09:48:05,1.0443905665285
2014-11-25 03:37:54,1.1175202738581
2014-11-27 23:36:02,1.0955254986249
2014-11-30 12:29:38,1.13340786558189
2014-12-03 07:07:55,1.1474319472934
2014-12-06 00:51:06,1.14046065856546
2014-12-08 20:41:44,1.14996945364364
2014-12-11 14:49:01,1.06930524940821
2014-12-14 08:36:41,1.07997976650681
2014-12-17 04:22:15,1.01393838074595
2014-12-20 05:41:16,0.982907475348256
2014-12-23 00:43:37,1.02744676896659
2014-12-25 12:56:42,1.00676704938717
2014-12-28 01:22:57,0.98385171407824
2014-12-30 12:40:47,0.977028463679969
2015-01-02 00:16:06,0.987429445105824
2015-01-04 10:05:36,0.896495212968051
2015-01-06 23:05:18,0.866402997599396
2015-01-09 15:36:23,0.90096246972284
2015-01-12 08:21:32,0.857156631405404
2015-01-15 03:32:19,0.552252505185837
2015-01-17 21:59:21,0.672067831820631
2015-01-20 16:27:35,0.698864042719412
2015-01-23 14:22:33,0.761171437038795
2015-01-26 16:33:14,0.832711955665458
2015-01-29 08:47:09,0.772309588801482
2015-01-31 22:53:53,0.74486641236959
2015-02-03 14:48:38,0.782486575679528
2015-02-06 02:46:48,0.715243319396984
2015-02-08 17:21:45,0.756881664654708
2015-02-11 07:18:21,0.72866748928281
2015-02-14 00:33:03,0.78514585565833
2015-02-16 13:23:05,0.7763918412043
2015-02-19 01:38:12,0.787617850988404
2015-02-21 15:03:21,0.816172482922028
2015-02-24 08:16:45,0.794650388015736
2015-02-26 23:36:32,0.793082471895022
2015-03-01 15:20:22,0.845606628336987
2015-03-04 05:39:44,0.932707094373597
2015-03-07 00:26:20,0.909017779885464
2015-03-09 18:55:03,0.922515277498604
2015-03-12 11:08:11,0.991630262615315
2015-03-15 04:56:57,0.943391290228341
2015-03-17 23:56:16,0.967509277219964
2015-03-20 17:05:18,0.876289527673117
2015-03-23 10:22:06,0.89822825080638
2015-03-25 18:19:08,0.823272120865502
2015-03-28 05:14:39,0.833309678953418
2015-03-30 20:03:13,0.816748194633208
2015-04-02 12:54:27,0.83356930126825
2015-04-05 04:19:53,0.857913302186188
2015-04-07 22:35:18,0.863330927103342
2015-04-10 18:25:07,0.823456452278741
2015-04-13 14:25:00,0.804457240864095
2015-04-16 07:01:46,0.760966453341341
2015-04-19 04:01:11,0.764906133050133
2015-04-21 17:36:06,0.768742014571741
2015-04-24 14:14:08,0.808877796150902
2015-04-27 03:26:10,0.75325680098625
2015-04-29 23:02:13,0.773837081732197
2015-05-02 16:33:00,0.794095599409326
2015-05-05 11:06:26,0.81941785922167
2015-05-08 00:39:35,0.816406435873115
2015-05-10 22:41:04,0.83389675347485
2015-05-13 11:55:30,0.831319332455318
2015-05-16 02:16:46,0.81918631378055
2015-05-18 17:09:07,0.814313840890176
2015-05-21 10:06:14,0.809128438182785
2015-05-24 07:32:51,0.822495168675792
2015-05-27 01:08:56,0.815987699257232
2015-05-29 17:23:24,0.819616158475658
2015-06-01 11:09:51,0.794701632551038
2015-06-04 03:35:27,0.786316405529236
2015-06-06 18:46:01,0.784705658064136
2015-06-09 06:31:31,0.795828368974935
2015-06-11 18:19:16,0.797085882199407
2015-06-14 10:44:42,0.810744440158684
2015-06-17 08:31:20,0.875429415744914
2015-06-19 19:53:01,0.869172135325059
2015-06-22 16:13:47,0.852699842475702
2015-06-25 07:17:49,0.841478005064053
2015-06-28 00:07:16,0.880605129588288
2015-06-30 18:19:38,0.89711648791307
2015-07-03 07:01:02,0.892115950145644
2015-07-05 22:10:53,0.913564520539166
2015-07-08 10:14:47,0.931798255787152
2015-07-11 00:15:48,0.99968737881556
2015-07-13 16:18:41,1.08717847063745
2015-07-16 06:20:43,0.99978974230429
2015-07-18 21:14:38,0.978382988311339
2015-07-21 12:07:23,0.978119978311428
2015-07-24 05:38:28,0.969574912193774
2015-07-26 19:14:40,1.01158263131881
2015-07-29 11:05:12,1.02891504001555
2015-08-01 03:35:44,0.99541324592896
2015-08-03 16:37:53,0.988371423134067
2015-08-06 12:33:33,0.984618565423004
2015-08-09 02:16:21,0.918617968439834
2015-08-11 11:48:00,0.93192727328004
2015-08-14 04:28:53,0.932396088888543
2015-08-16 23:48:27,0.923299753455263
2015-08-19 14:53:41,0.787086491220582
2015-08-22 04:08:56,0.83008233332463
2015-08-24 17:23:07,0.812721296678826
2015-08-27 09:29:02,0.808982426865863
2015-08-29 22:17:30,0.832869926699964
2015-09-01 13:32:20,0.828782744014978
2015-09-04 02:07:59,0.819079496407812
2015-09-06 16:06:10,0.850232582518919
2015-09-09 08:54:25,0.880639788896619
2015-09-11 18:14:40,0.862046511194574
2015-09-14 08:41:32,0.830790993519675
2015-09-16 22:42:11,0.82998101632179
2015-09-19 17:24:22,0.841170693128284
2015-09-22 14:02:28,0.818978469193313
2015-09-25 04:03:55,0.848145446613539
2015-09-27 17:31:23,0.846085072441974
2015-09-30 05:46:41,0.863423482709564
2015-10-02 22:30:42,0.862289731805265
2015-10-05 12:53:10,0.865394220779295
2015-10-08 08:20:18,0.889697512113082
2015-10-11 00:10:43,0.89335456369154
2015-10-13 18:14:54,0.909557757267167
2015-10-16 03:55:18,0.931983534820427
2015-10-18 21:29:54,0.96153009965901
2015-10-21 14:23:32,0.965372504224127
2015-10-24 06:36:01,1.02203693334316
2015-10-26 19:07:21,1.03563027047023
2015-10-29 12:28:43,1.11863018759141
2015-10-31 20:52:35,1.13755694201294
2015-11-03 08:29:18,1.34769412542239
2015-11-05 22:26:14,1.4815156651577
2015-11-08 13:28:55,1.33914151769055
2015-11-11 03:46:10,1.06223674200911
2015-11-13 11:39:02,1.15079275766516
2015-11-16 00:26:37,1.11711611098504
2015-11-18 12:24:54,1.15877516608924
2015-11-21 02:14:54,1.1172318552595
2015-11-23 05:37:02,1.12142593342387
2015-11-25 16:52:21,1.13814136187012
2015-11-28 03:35:25,1.23717797336424
2015-11-30 16:28:23,1.32120184661225
2015-12-02 23:34:07,1.25064342255511
2015-12-05 11:49:03,1.30712310021244
2015-12-07 22:05:23,1.35969740526882
2015-12-10 04:23:31,1.42481602366611
2015-12-12 05:28:17,1.48273117670841
2015-12-14 13:21:06,1.52415831100671
2015-12-16 14:13:45,1.53199115099754
2015-12-18 22:26:31,1.55631638939122
2015-12-21 08:43:10,1.45287926031851
2015-12-23 21:27:52,1.4853695935109
2015-12-26 08:25:57,1.47165118581738
2015-12-28 10:25:42,1.41747974198556
2015-12-30 19:35:14,1.41632406606587
2016-01-02 12:58:16,1.44185556834282
2016-01-04 21:07:43,1.44581139038511
2016-01-07 11:29:13,1.49750256692113
2016-01-09 19:29:56,1.48662755497215
2016-01-12 00:09:44,1.48204580902309
2016-01-14 10:35:16,1.41183903885513
2016-01-17 05:21:09,1.26772321091567
2016-01-19 12:33:29,1.26899043941383
2016-01-22 02:55:54,1.34496006908116
2016-01-24 08:17:53,1.28656120283653
2016-01-26 12:35:10,1.30376476645279
2016-01-28 23:49:04,1.25111162078021
2016-01-31 02:54:22,1.25177038202727
2016-02-02 08:34:44,1.24097270387362
2016-02-04 10:22:37,1.2390363603219
2016-02-06 12:21:09,1.2477560250477
2016-02-08 15:56:56,1.24879592546104
2016-02-10 21:59:03,1.26709373745254
2016-02-12 23:48:44,1.27145753022618
2016-02-15 09:14:34,1.34808758716794
2016-02-17 20:39:59,1.38436329438379
2016-02-20 06:57:50,1.39541896367691
2016-02-23 00:58:35,1.44342187915165
2016-02-25 18:29:43,1.3912240884091
2016-02-28 09:15:35,1.40120170341489
2016-03-02 02:02:37,1.41532969341763
2016-03-04 15:14:52,1.36707600638629
2016-03-07 01:51:29,1.31786152712737
2016-03-09 13:12:06,1.33785549220003
2016-03-11 20:10:38,1.37453138848553
2016-03-14 11:34:19,1.3496129287383
2016-03-16 19:09:17,1.35127961906661
2016-03-19 11:10:25,1.32560589740098
2016-03-22 03:06:14,1.34709898771959
2016-03-24 15:29:49,1.35387559397041
2016-03-27 01:21:38,1.34736403095818
2016-03-29 11:26:38,1.35494309788992
2016-04-01 02:54:31,1.3411696019626
2016-04-03 15:39:53,1.35863688864943
2016-04-06 01:04:33,1.3662234543091
2016-04-08 13:36:28,1.35989457785809
2016-04-10 18:39:42,1.35548072883048
2016-04-13 05:52:46,1.36670343471457
2016-04-15 14:23:31,1.37691648485545
2016-04-18 02:39:41,1.37376712430995
2016-04-20 16:14:22,1.41096640131632
2016-04-23 02:23:40,1.43236313724916
2016-04-25 20:10:42,1.48138882432099
2016-04-28 12:01:52,1.41442079149822
2016-05-01 00:27:20,1.41511131671955
2016-05-03 10:28:17,1.41362168570773
2016-05-05 19:30:44,1.41993882200629
2016-05-08 04:00:40,1.4535182500146
2016-05-10 07:51:56,1.45122415460083
2016-05-12 22:49:45,1.42408314501388
2016-05-15 11:36:14,1.43111819738499
2016-05-18 02:20:08,1.41904995214838
2016-05-20 18:06:27,1.38222941337478
2016-05-23 00:48:32,1.36592417793907
2016-05-25 10:41:49,1.40152508765104
2016-05-28 02:23:31,1.50074270459328
2016-05-30 18:01:22,1.70711711312302
2016-06-02 09:40:23,1.64974218280741
2016-06-05 02:55:21,1.77501563344433
2016-06-07 11:16:49,1.78665895378045
2016-06-09 20:08:52,1.74100597765321
2016-06-12 07:15:18,1.90197859112465
2016-06-14 19:32:29,1.9890683355721
2016-06-17 05:51:12,2.20136435406379
2016-06-19 13:32:34,2.14534745451991
2016-06-21 23:07:46,1.85353561877954
2016-06-24 18:59:26,1.83730953410689
2016-06-27 03:15:26,1.81420069568623
2016-06-29 18:26:24,1.81352734502034
2016-07-02 03:00:36,1.90521779367324
2016-07-04 15:06:02,1.88944285942727
2016-07-07 06:54:27,1.78521605245578
2016-07-09 20:24:05,1.78032519900651
2016-07-12 07:30:29,1.79090502223869
2016-07-14 23:56:22,1.82081404462508
2016-07-17 12:35:32,1.84679860497646
2016-07-20 02:31:43,1.8501578140015
2016-07-22 19:03:02,1.80071479132035
2016-07-25 15:29:02,1.79139161067958
2016-07-28 12:51:22,1.79384404014378
2016-07-31 06:08:56,1.72469458945882
2016-08-02 16:19:34,1.6360056677752
2016-08-04 22:30:14,1.54871744412742
2016-08-07 03:56:40,1.60305262182118
2016-08-09 19:40:47,1.6045701998013
2016-08-12 06:52:34,1.6017319843221
2016-08-14 13:41:44,1.5703478085809
2016-08-17 03:17:58,1.57272460938575
2016-08-19 18:59:05,1.57149505313331
2016-08-22 01:34:04,1.58655172336971
2016-08-24 13:07:47,1.58798571792737
2016-08-27 07:02:50,1.56511132658523
2016-08-29 15:20:41,1.56677608140245
2016-09-01 06:11:16,1.55927428075448
2016-09-03 20:33:42,1.63030975788897
2016-09-06 07:14:21,1.64648883039755
2016-09-08 20:10:56,1.69537982292991
2016-09-11 08:26:13,1.68505269143956
2016-09-13 14:32:25,1.6407062267926
2016-09-15 21:24:33,1.63658694062733
2016-09-18 08:39:50,1.63014996658728
2016-09-20 21:54:41,1.63392379153205
2016-09-23 07:27:33,1.59836858414249
2016-09-25 13:46:53,1.618229731063
2016-09-27 21:49:10,1.62107953045502
2016-09-30 10:27:12,1.62423504121572
2016-10-02 19:16:42,1.63338922678329
2016-10-05 05:11:00,1.63071185457502
2016-10-07 13:34:02,1.64743724336815
2016-10-09 20:16:16,1.63783128590417
2016-10-12 13:34:30,1.70041627368441
2016-10-15 07:33:25,1.70376990670419
2016-10-18 02:21:38,1.68947766276701
2016-10-20 18:18:52,1.66182988212487
2016-10-23 03:36:30,1.7408123900328
2016-10-25 15:53:20,1.73212074090784
2016-10-28 05:20:02,1.79582473611116
2016-10-30 14:52:02,1.83432735492217
2016-11-02 02:32:17,1.89613509023148
2016-11-04 19:11:28,1.78944118591418
2016-11-07 05:58:59,1.82237125703587
2016-11-09 17:09:58,1.88138932130544
2016-11-11 21:45:19,1.83921349681977
2016-11-14 07:39:22,1.80862246903425
2016-11-16 12:36:58,1.83529354609354
2016-11-18 18:52:43,1.9025603280972
2016-11-21 12:48:22,1.85507920099011
2016-11-24 03:23:26,1.88138652794337
2016-11-26 12:24:59,1.84172258146143
2016-11-28 21:58:03,1.83832137321599
2016-12-01 08:42:41,1.87844173978636
2016-12-03 18:18:01,1.89535814126237
2016-12-06 06:23:44,1.86201628075506
2016-12-08 12:20:39,1.90431852755676
2016-12-11 03:16:56,1.87753811936963
2016-12-13 06:51:17,1.90650449303605
2016-12-15 20:27:22,1.90148449441611
2016-12-18 12:09:20,1.9241881760852
2016-12-21 01:42:22,1.94224701363353
2016-12-23 10:58:09,2.16843529366019
2016-12-25 22:15:34,2.12166462724568
2016-12-28 08:36:42,2.24720132009555
2016-12-30 17:34:16,2.23292799527006
2017-01-02 02:51:09,2.31966210086612
2017-01-04 12:25:01,2.48103013056539
2017-01-06 20:09:39,1.99439664993982
2017-01-09 07:08:08,2.0052543673604
2017-01-11 17:07:00,1.78832393947622
2017-01-14 01:04:31,1.86805608531023
2017-01-16 04:58:16,1.86481928722046
2017-01-18 12:37:40,1.99661942561959
2017-01-20 16:00:38,1.99779722278474
2017-01-22 18:14:01,2.03215409141527
2017-01-25 06:14:50,1.98110556291001
2017-01-27 13:47:51,2.02334748448129
2017-01-29 20:29:28,2.00956579269777
2017-02-01 06:24:12,2.13002599469863
2017-02-03 14:42:27,2.19576808030811
2017-02-05 23:12:30,2.20358120700672
2017-02-08 13:27:31,2.23286455714337
2017-02-10 23:09:54,2.13285791139932
2017-02-13 12:57:12,2.10526347861538
2017-02-15 20:44:52,2.13706120978433
2017-02-18 07:47:37,2.23469173341303
2017-02-20 21:48:09,2.22692410428165
2017-02-23 15:22:29,2.38270365289106
2017-02-25 21:51:56,2.36002003176139
2017-02-28 04:33:26,2.42714292741158
2017-03-02 13:12:32,2.49755230518562
2017-03-05 03:11:44,2.53681655955304
2017-03-07 15:29:45,2.44024055698965
2017-03-10 03:54:39,2.36600391533702
2017-03-12 13:31:25,2.31816431032421
2017-03-15 00:09:44,2.42688871985388
2017-03-17 11:19:56,2.19195376539088
2017-03-19 19:49:25,2.02949786644879
2017-03-22 10:08:44,2.0530214729247
2017-03-24 17:12:57,1.88761190019797
2017-03-27 03:28:13,1.8721335218116
2017-03-29 15:48:09,2.01736118479749
2017-04-01 05:02:40,2.05885760449356
2017-04-03 15:24:30,2.14817582747006
2017-04-06 04:10:06,2.17437459100528
2017-04-08 14:44:48,2.22748598586805
2017-04-11 02:31:45,2.26758068652702
2017-04-13 12:14:34,2.21553846738838
2017-04-16 03:26:12,2.19693140767386
2017-04-18 19:16:40,2.22778351103842
2017-04-21 07:48:40,2.27822606269495
2017-04-23 18:41:14,2.26676767587341
2017-04-26 09:55:10,2.32509441811595
2017-04-28 23:34:06,2.38770226238709
2017-05-01 06:19:32,2.47624744638364
2017-05-03 18:06:41,2.61121270860122
2017-05-06 04:33:41,2.66975724121002
2017-05-08 10:32:54,2.76017392180512
2017-05-10 19:08:48,2.94386187550732
2017-05-13 04:35:04,2.66864971762888
2017-05-15 10:49:41,2.78404162398024
2017-05-18 00:10:04,2.86717127301359
2017-05-20 08:11:02,3.08241132404045
2017-05-22 19:44:03,3.40765182428051
2017-05-25 02:27:23,3.67574392712057
2017-05-27 11:45:28,2.73886577570424
2017-05-29 18:02:03,3.13951568517666
2017-05-31 20:57:16,3.13984970795812
2017-06-03 03:47:05,3.32545732638701
2017-06-05 07:55:56,3.40201593062441
2017-06-07 14:54:35,3.62082133987769
2017-06-09 22:49:44,3.53140350454725
2017-06-12 12:06:46,3.32560158017392
2017-06-15 02:18:04,2.94200752767006
2017-06-17 12:05:09,3.0463091352833
2017-06-20 02:11:56,3.0644619785117
2017-06-22 18:57:43,3.08872185803732
2017-06-25 04:38:13,2.86596494882055
2017-06-27 23:20:11,2.83749858147781
2017-06-30 15:42:41,2.79014590200418
2017-07-02 18:29:30,2.74661808656398
2017-07-04 23:30:26,2.8445199754986
2017-07-07 12:13:21,2.74569358237293
2017-07-09 22:58:48,2.72816961254538
2017-07-11 22:31:46,2.51051902967773
2017-07-14 03:46:19,2.47506121649308
2017-07-16 19:15:12,2.06311216702667
2017-07-19 04:36:58,2.51152866069447
2017-07-21 10:47:24,2.87886987700719
2017-07-23 18:26:55,2.89278832847831
2017-07-26 01:04:34,2.65862953758952
2017-07-28 11:57:33,2.80011701152455
2017-07-30 22:17:33,2.62505120973123
2017-08-02 10:23:24,2.51549833225321
2017-08-04 18:59:40,2.5519814910014
2017-08-07 02:40:14,2.72550702006788
2017-08-09 10:55:57,2.73044288820036
2017-08-12 05:22:16,2.96354614695395
2017-08-14 21:36:42,3.24932648747211
2017-08-17 09:42:28,3.23973826286143
2017-08-19 17:33:06,2.90393973504493
2017-08-22 23:30:45,2.84927400178451
2017-08-26 01:21:03,2.99210059149276
2017-08-28 19:23:22,2.93285148002636
2017-08-31 06:25:17,3.04897070856751
2017-09-02 08:49:33,3.05958995666171
2017-09-04 14:24:35,2.7974932739371
2017-09-06 16:32:21,2.92133224085365
2017-09-08 20:05:05,2.59384324611508
2017-09-11 03:47:45,2.64245115323818
2017-09-13 05:31:51,2.44528147306135
2017-09-15 06:04:29,2.05741204349968
2017-09-17 08:14:19,2.16742347309195
2017-09-19 20:52:36,2.37827588529493
2017-09-22 06:51:14,2.26431140254333
2017-09-24 17:45:32,2.24927055819983
2017-09-27 10:23:09,2.3823092667603
2017-09-29 16:34:56,2.4893275863372
2017-10-02 08:16:57,2.59137450805421
2017-10-04 13:24:42,2.44028230807535
2017-10-07 06:22:06,2.51944167518555
2017-10-09 09:03:40,2.60289831415583
2017-10-11 20:27:07,2.71450588698652
2017-10-14 07:48:19,3.07800807769411
2017-10-16 11:11:19,3.06555148060892
2017-10-18 18:34:25,2.85217042279225
2017-10-20 19:33:07,3.13710598562329
2017-10-23 01:46:57,3.05942251178766
2017-10-25 05:13:56,2.74746596368987
2017-10-27 10:11:49,2.9199644614584
2017-10-30 11:15:32,3.01265221718969
2017-11-01 23:06:29,3.16780207790741
2017-11-04 18:19:54,3.38575090347945
2017-11-07 09:03:27,3.22973812668711
2017-11-09 19:02:49,3.16277739279454
2017-11-13 10:16:40,2.70333460448577
2017-11-16 02:13:46,2.95670819607227
2017-11-18 11:37:21,3.07127657369952
2017-11-20 18:36:56,3.20543135712534
2017-11-23 00:43:00,3.1179419343061
2017-11-25 10:07:41,3.12291838601741
2017-11-27 17:07:00,3.41158668278086
2017-11-29 23:45:59,3.38940925582083
2017-12-02 01:21:48,3.59459797739058
2017-12-04 05:00:19,3.69305781961102
2017-12-06 06:30:46,3.82242900816672
2017-12-08 13:17:50,4.16253155907302
2017-12-10 17:42:30,4.06394234249512
2017-12-13 00:17:00,4.26247343862466
2017-12-15 00:01:45,3.95966064902229
2017-12-17 03:40:07,4.42314850409742
2017-12-19 06:12:20,4.17530245717233
2017-12-21 21:47:50,3.26613479225058
2017-12-24 10:21:19,2.89395450722222
2017-12-27 00:04:11,3.28621902803789
2017-12-29 10:43:17,2.90555394826869
2017-12-31 17:34:22,2.85025588120271
2018-01-02 23:50:33,2.97239995596608
2018-01-05 07:10:56,2.94737376007732
2018-01-07 14:05:03,3.15932714139371
2018-01-09 20:11:11,2.79270611779947
2018-01-11 21:23:43,2.52362922812767
2018-01-14 03:12:26,2.65238143184855
2018-01-16 14:51:55,2.16228359289262
2018-01-18 17:07:34,2.18788992795805
2018-01-20 20:24:50,2.3853519117621
2018-01-22 23:15:41,2.00362716225331
2018-01-25 01:15:52,2.12270093212083
2018-01-27 08:54:34,2.09681773283888
2018-01-29 19:41:58,2.08600036545011
2018-02-01 08:45:21,1.87487015214074
2018-02-03 14:17:52,1.75409718318085
2018-02-05 16:18:54,1.39774708676003
2018-02-07 23:51:26,1.51127384004112
2018-02-10 19:41:15,1.61188207687055
2018-02-13 00:53:27,1.72327304626869
2018-02-15 08:25:56,1.8988274202161
2018-02-17 16:45:05,2.06433263415069
2018-02-20 02:24:23,2.19246601058739
2018-02-22 10:17:12,1.96644345994058
2018-02-24 23:20:36,1.80871479310413
2018-02-27 07:46:27,1.93215218962464
2018-03-01 16:04:44,1.99874572041777
2018-03-03 20:44:13,2.13199914250321
2018-03-06 05:57:26,2.08510073996249
2018-03-08 14:31:15,1.83675515042711
2018-03-11 03:40:50,1.62277898055362
2018-03-13 09:48:47,1.7127348958853
2018-03-15 23:26:13,1.56175319739895
2018-03-18 10:03:06,1.45079311910707
2018-03-20 22:06:05,1.69112210148009
2018-03-23 13:18:57,1.56844874226256
2018-03-26 01:05:52,1.57907425922254
2018-03-28 12:59:34,1.52531260644402
2018-03-30 22:45:34,1.31393739357341
2018-04-02 11:22:28,1.34895133025062
2018-04-04 20:49:30,1.31616593752395
2018-04-07 05:51:39,1.31851986763746
2018-04-09 11:21:15,1.3055100995988
2018-04-11 21:03:26,1.33299493004018
2018-04-14 04:20:58,1.55197651018848
2018-04-16 15:04:29,1.54046844995496
2018-04-18 23:18:02,1.57535783278179
2018-04-21 07:37:45,1.71216159262923
2018-04-23 15:03:50,1.70975254263107
2018-04-26 05:06:17,1.70110295247056
2018-04-28 22:12:34,1.77004817982828
2018-05-01 06:46:51,1.69811605864249
2018-05-03 17:29:09,1.82763668095769
2018-05-06 04:51:31,1.86097024436831
2018-05-08 19:38:40,1.74000323376709
2018-05-11 07:17:32,1.6619788479153
2018-05-13 16:42:22,1.62675014767134
2018-05-16 06:03:50,1.54197086778188
2018-05-18 18:50:46,1.52104216999781
2018-05-21 05:31:41,1.59650055472886
2018-05-23 14:41:27,1.48365001293333
2018-05-25 21:29:25,1.39947569578924
2018-05-28 03:05:47,1.38442666273923
2018-05-30 13:05:14,1.4185335490221
2018-06-01 18:02:30,1.40151238025079
2018-06-04 00:38:42,1.45489446661805
2018-06-06 01:07:19,1.43838361278027
2018-06-08 14:04:34,1.43396342844673
2018-06-11 06:28:26,1.27899963883744
2018-06-13 21:11:04,1.19444778641577
2018-06-16 06:42:32,1.23523123275373
2018-06-18 12:48:45,1.22958097970795
2018-06-20 22:23:41,1.28852930445704
2018-06-23 06:18:50,1.17128936402017
2018-06-25 11:09:13,1.18912297273583
2018-06-28 02:09:13,1.19219597707835
2018-06-30 13:58:30,1.24513302245588
2018-07-03 02:23:24,1.2916550307401
2018-07-05 23:37:18,1.27758157419456
2018-07-08 09:17:34,1.31610421279097
2018-07-10 20:25:07,1.24855942729522
2018-07-13 10:35:21,1.22405953151132
2018-07-16 05:44:23,1.24928741132619
2018-07-18 18:18:49,1.47408919933445
2018-07-20 22:25:53,1.43293144811996
2018-07-23 06:28:07,1.49950167114469
2018-07-25 11:20:36,1.6088131033069
2018-07-27 17:32:30,1.60124001402026
2018-07-29 23:49:51,1.59813623484627
2018-08-01 13:21:54,1.47659422189372
2018-08-03 20:18:00,1.43920575413711
2018-08-06 02:05:15,1.39115089151285
2018-08-08 15:23:36,1.2703813663215
2018-08-10 21:38:33,1.21468354847269
2018-08-13 04:43:38,1.2479263199962
2018-08-15 15:05:03,1.26366580665434
2018-08-18 00:59:21,1.29769459292564
2018-08-20 10:22:55,1.26560766039045
2018-08-22 21:11:17,1.24814833040446
2018-08-25 08:46:39,1.31724303497243
2018-08-27 15:14:53,1.32342279291398
2018-08-30 00:13:19,1.38223011387524
2018-09-01 09:22:46,1.38544109385426
2018-09-03 21:38:27,1.43405082394358
2018-09-06 14:02:10,1.27290406395944
2018-09-09 01:33:54,1.21644996586038
2018-09-11 11:53:11,1.24412507456907
2018-09-13 23:03:40,1.28025725349215
2018-09-16 14:45:05,1.28177187697503
2018-09-19 05:34:46,1.25274098000553
2018-09-21 16:36:25,1.3234052152604
2018-09-24 03:43:47,1.32903449870453
2018-09-26 10:38:46,1.28046600308426
2018-09-29 00:27:57,1.31457249406255
2018-10-01 08:00:37,1.30718917857458
2018-10-03 21:18:20,1.28026613037433
2018-10-06 14:26:21,1.30236333571341
2018-10-09 09:35:11,1.31279108778222
2018-10-11 20:08:12,1.23826768392358
2018-10-14 14:57:07,1.24477163044224
2018-10-17 03:51:12,1.29103135164739
2018-10-19 20:23:50,1.28066833960813
2018-10-22 09:44:33,1.29075663314455
2018-10-25 01:10:23,1.29432859968931
2018-10-27 15:19:53,1.2923097208537
2018-10-30 06:44:29,1.26836289098327
2018-11-01 13:22:37,1.27548120726434
2018-11-04 00:09:10,1.28151591271822
2018-11-06 19:22:07,1.30049393538613
2018-11-09 16:47:02,1.28460463907043
2018-11-12 10:29:44,1.28771488577755
2018-11-15 05:05:56,1.12526410358096
2018-11-17 23:47:19,1.12423440790141
2018-11-20 21:42:41,0.881945699717151
2018-11-23 23:30:36,0.899690401613063
2018-11-26 21:22:22,0.759799616106338
2018-11-29 23:13:47,0.892170582806487
2018-12-03 05:37:33,0.838892223112906
2018-12-06 02:28:15,0.78864197412281
2018-12-09 01:16:21,0.727520206007013
2018-12-11 22:13:20,0.727435052330786
2018-12-14 18:17:45,0.688438951140079
2018-12-17 11:51:12,0.703106258186109
2018-12-19 23:55:02,0.809615276928876
2018-12-22 12:36:11,0.848229955777847
2018-12-24 17:18:31,0.891624855669436
2018-12-27 01:28:12,0.835331731822033
2018-12-29 06:02:32,0.853433722350767
2018-12-31 14:04:14,0.827713845294704
2019-01-03 01:27:14,0.853467311570781
2019-01-05 09:25:39,0.846980354297021
2019-01-08 00:18:14,0.886718527443039
2019-01-10 05:19:42,0.89259639297395
2019-01-12 17:29:35,0.810610733865996
2019-01-15 07:20:04,0.820537621068816
2019-01-18 04:29:09,0.812854364011863
2019-01-20 17:22:48,0.790284973046329
2019-01-23 07:23:33,0.80525190242838
2019-01-25 20:35:45,0.799193752359873
2019-01-28 08:51:21,0.775747142941443
2019-01-31 00:09:40,0.777952742927069
2019-02-02 09:26:15,0.775587562390397
2019-02-04 22:53:22,0.776420333263722
2019-02-07 07:02:54,0.766788158578539
2019-02-09 11:29:20,0.826469262641313
2019-02-12 02:33:17,0.81367022826747
2019-02-14 16:05:17,0.816153792526251
2019-02-17 07:30:51,0.823381988440444
2019-02-19 16:34:03,0.9064102943684
2019-02-22 09:57:56,0.901168781057314
2019-02-24 22:59:17,0.868198798170138
2019-02-27 13:02:50,0.875455712484802
2019-03-01 20:21:30,0.879553746780359
2019-03-04 09:34:45,0.853260768065583
2019-03-07 01:58:18,0.889481065983776
2019-03-09 18:27:07,0.896882547684335
2019-03-12 08:22:46,0.881873582206679
2019-03-14 21:48:20,0.88846820710997
2019-03-17 05:27:17,0.911207325791204
2019-03-19 13:57:36,0.916520252502523
2019-03-21 23:07:39,0.918549962946616
2019-03-24 07:10:20,0.917447535730131
2019-03-26 22:27:43,0.90477519159246
2019-03-29 09:42:07,0.932781125446911
2019-04-01 01:04:33,0.951754970470599
2019-04-03 14:31:06,1.16235084428216
2019-04-06 01:17:18,1.15345458280834
2019-04-08 17:04:36,1.19862764887167
2019-04-11 05:43:17,1.19838594375765
2019-04-13 17:39:15,1.16622838678615
2019-04-16 09:26:45,1.16482539239196
2019-04-18 23:43:19,1.21019073170172
2019-04-21 11:19:36,1.20347784989883
2019-04-24 06:52:32,1.27838507376299
2019-04-26 16:40:56,1.17459123672925
2019-04-29 03:01:10,1.18474716792185
2019-05-01 12:16:19,1.21978393429876
2019-05-03 15:37:44,1.31324276835111
2019-05-06 08:23:06,1.27863146190899
2019-05-08 22:57:53,1.34410035116272
2019-05-11 16:00:36,1.57901291563913
2019-05-14 00:31:49,1.75900897435935
2019-05-16 11:52:54,1.73785743217049
2019-05-18 22:45:54,1.61515737076529
2019-05-21 04:44:16,1.7429857369875
2019-05-23 11:23:00,1.6714065066229
2019-05-25 23:23:16,1.76536588558934
2019-05-28 05:02:55,1.9054079473858
2019-05-30 09:21:36,1.85915893649658
2019-06-02 01:02:06,1.82221499621568
2019-06-04 19:59:21,1.63023436483266
2019-06-07 02:54:31,1.6603512327362
2019-06-09 17:08:45,1.62220506658206
2019-06-12 05:12:53,1.6946071494601
2019-06-14 16:33:52,1.77673919297437
2019-06-17 07:11:08,1.92033511681733
2019-06-19 16:09:09,1.89870201781431
2019-06-22 02:52:15,2.1812814942578
2019-06-24 09:25:21,2.23539613912269
2019-06-26 16:33:34,2.58952536422222
2019-06-29 00:10:42,2.45399598704562
2019-07-01 08:35:04,2.14728215161844
2019-07-03 15:22:04,2.2375715906546
2019-07-05 18:16:12,2.20496306436326
2019-07-07 21:37:40,2.24075794240018
2019-07-10 04:37:50,2.50358960610525
2019-07-12 19:56:45,2.21252886379484
2019-07-15 08:23:50,1.96842192753206
2019-07-17 20:44:08,1.85675465497977
2019-07-20 14:39:52,1.99747529358
2019-07-22 22:13:59,1.94067952762763
2019-07-25 13:40:20,1.91229476904774
2019-07-27 19:49:52,1.76777104241705
2019-07-30 00:27:50,1.75690634756864
2019-08-01 09:39:48,1.84305166992224
2019-08-03 16:28:12,1.98076598479423
2019-08-06 00:20:34,2.16097119080827
2019-08-08 11:32:55,2.14749703652146
2019-08-10 21:50:59,2.04376946207874
2019-08-13 09:18:18,2.04079338839425
2019-08-15 19:54:40,1.80505772165671
2019-08-18 12:27:58,1.87317283344705
2019-08-20 23:14:41,1.94510329894013
2019-08-23 13:52:28,1.82717828471161
2019-08-25 22:02:38,1.78534715423318
2019-08-28 12:43:31,1.81085806346995
2019-08-30 19:21:10,1.69899432871575
2019-09-02 05:05:21,1.74638828703248
2019-09-04 17:11:10,1.88326705745648
2019-09-06 23:35:14,1.82265389845271
2019-09-09 05:46:54,1.82037177396442
2019-09-11 10:30:45,1.76009662400534
2019-09-13 16:34:11,1.80923655127377
2019-09-16 01:20:56,1.81398712425628
2019-09-18 10:19:29,1.78255865848303
2019-09-20 18:52:15,1.76877298345432
2019-09-23 01:57:25,1.74619370455068
2019-09-25 16:20:06,1.45474136123968
2019-09-28 02:12:03,1.44112907914451
2019-09-30 17:30:58,1.46143425449162
2019-10-03 05:04:46,1.4754338286806
2019-10-05 15:23:16,1.42193684824075
2019-10-08 02:02:26,1.46705776955773
2019-10-10 13:56:28,1.50207564001656
2019-10-13 00:11:03,1.46954894649744
2019-10-15 13:57:40,1.4646343737444
2019-10-18 02:47:07,1.43065356547973
2019-10-20 15:31:48,1.41406047358777
2019-10-22 21:52:25,1.43370934008163
2019-10-25 09:28:02,1.322492914504
2019-10-28 04:17:15,1.70250591632872
2019-10-30 22:04:14,1.60803664365192
2019-11-02 14:58:24,1.64449689155532
2019-11-05 10:12:22,1.63069817659629
2019-11-08 02:46:02,1.62117647238447
2019-11-10 15:57:25,1.55471664981208
2019-11-13 05:01:26,1.53387218263186
2019-11-15 10:55:25,1.50929522105298
2019-11-17 22:27:14,1.50180414579483
2019-11-20 11:47:17,1.41640218708611
2019-11-23 02:42:56,1.27476257984682
2019-11-25 17:10:24,1.27920580699692
2019-11-28 11:41:46,1.32808222045048
2019-12-01 04:52:06,1.29552304201894
2019-12-03 16:32:42,1.30620548233763
2019-12-06 01:15:23,1.31437859677295
2019-12-08 12:37:39,1.34124122336553
2019-12-10 23:38:08,1.28937244141506
2019-12-13 15:11:01,1.28971790153638
2019-12-16 05:56:28,1.26042913965036
2019-12-18 20:32:32,1.24520959260211
2019-12-21 03:59:17,1.28598387126304
2019-12-23 08:41:42,1.34629908718561
2019-12-26 03:30:12,1.29147082764201
2019-12-28 13:45:53,1.30891735822043
2019-12-30 20:32:41,1.29642832364426
2020-01-02 05:03:30,1.27909178776157
2020-01-04 13:17:05,1.31285784597769
2020-01-06 23:09:14,1.38788908672139
2020-01-09 06:01:24,1.42584818425993
2020-01-11 15:12:17,1.44487152617691
2020-01-14 02:23:47,1.51392398439512
2020-01-16 14:26:07,1.55006091345074
2020-01-19 00:59:23,1.58821235855203
2020-01-21 09:37:34,1.54034434424926
2020-01-23 19:27:25,1.47990832148755
2020-01-26 04:18:55,1.48510267543616
2020-01-28 19:53:28,1.59557047138474
2020-01-31 05:25:59,1.66394541154305
2020-02-02 17:54:12,1.66574159886337
2020-02-05 06:58:17,1.63168645191418
2020-02-07 20:47:56,1.70746131821621
2020-02-10 10:19:47,1.71408280229357
2020-02-13 03:19:10,1.81160363357851
2020-02-15 18:08:05,1.70527656299695
2020-02-18 04:56:08,1.6837766357601
2020-02-20 21:34:35,1.65515431067158
2020-02-23 09:03:33,1.70978544717457
2020-02-25 22:12:15,1.61591715125233
2020-02-28 11:13:14,1.48124988550602
2020-03-01 18:58:06,1.46697816418706
2020-03-04 04:32:32,1.5150682569943
2020-03-06 11:13:53,1.58137469899635
2020-03-08 17:05:26,1.42983001464288
2020-03-11 09:42:24,1.36791132531675
2020-03-14 04:21:20,0.999119895713699
2020-03-17 07:36:33,0.952336815686265
2020-03-20 13:34:43,1.19616805142381
2020-03-23 17:48:39,1.15652403889551
2020-03-26 15:45:54,1.1906491588235
2020-03-29 04:16:48,1.12215008691556
2020-03-31 14:58:27,1.16191130655253
2020-04-02 23:55:43,1.24226843105665
2020-04-05 11:43:53,1.22464666384793
2020-04-07 19:29:21,1.32487562202762
2020-04-10 06:41:40,1.25834118773499
2020-04-12 12:02:33,1.24652432581027
2020-04-14 18:47:32,1.25939721892121
2020-04-17 00:58:24,1.29293984847541
2020-04-19 15:02:07,1.29314787811064
2020-04-21 23:38:32,1.25538476390949
2020-04-24 15:30:06,1.3636723906194
2020-04-27 07:32:55,1.39165964172537
2020-04-29 18:24:03,1.57804180980239
2020-05-02 12:06:42,1.58618030905273
2020-05-04 18:25:08,1.57394638347253
2020-05-07 03:10:59,1.66431152906655
2020-05-09 19:21:26,1.72081398517243
2020-05-12 02:23:54,1.52313278142463
2020-05-14 23:37:00,1.72130129587934
2020-05-18 01:31:49,1.72135199422841
2020-05-21 04:48:14,1.66093828217438
2020-05-24 05:55:50,1.61334057159044
2020-05-27 07:46:40,1.55247411662377
2020-05-30 01:03:01,1.6425001655248
2020-06-01 14:57:00,1.67308772486927
2020-06-04 05:20:24,1.68368483993835
2020-06-06 09:32:31,1.67356619309604
2020-06-08 13:47:35,1.69490058639173
2020-06-10 18:20:46,1.69875134483228
2020-06-12 22:19:20,1.63960032910413
2020-06-15 05:20:53,1.59453294547872
2020-06-17 19:34:29,1.63088903946726
2020-06-20 12:11:31,1.61419761412385
2020-06-23 03:07:35,1.66894788133874
2020-06-25 14:34:58,1.58747848780566
2020-06-28 00:52:07,1.55112803290903
2020-06-30 11:45:23,1.57610525793919
2020-07-02 21:24:25,1.56279180157683
2020-07-05 03:49:29,1.57053286979083
2020-07-07 10:13:18,1.58795127389564
2020-07-09 19:43:56,1.58530833683388
2020-07-12 05:33:32,1.59221818056279
2020-07-14 15:57:50,1.58149323749524
2020-07-17 07:07:56,1.56371089716582
2020-07-20 03:06:01,1.57639535091678
2020-07-22 20:53:43,1.60573084801592
2020-07-25 09:03:34,1.64287901052278
2020-07-27 18:03:45,1.85820954265024
2020-07-30 06:55:11,1.86261203703717
2020-08-01 23:16:49,1.99093280460502
2020-08-04 09:32:00,1.88755672129636
2020-08-06 22:02:20,1.95553623253577
2020-08-09 11:21:30,1.93344607121106
2020-08-11 21:50:16,1.8488366176105
2020-08-14 06:34:58,1.93222852300215
2020-08-16 14:31:23,1.93842793528895
2020-08-19 07:19:11,1.9152820442733
2020-08-21 18:50:14,1.9055003875395875
2020-08-24 06:47:29,1.8959496208011952
2020-08-26 22:02:36,1.8627082849088843
2020-08-29 10:57:23,1.871211399146047
2020-09-01 02:39:34,1.880229132747549
2020-09-03 16:39:20,1.7199159945409308
2020-09-06 08:17:11,1.6516687444229463
2020-09-08 14:51:13,1.6133276600373017
2020-09-10 23:08:54,1.6707610650446758
2020-09-13 06:37:24,1.7028283187211068
2020-09-15 14:05:01,1.7502735936547473
2020-09-17 18:28:49,1.7494588100675852
2020-09-20 03:26:31,1.7549131373436004
2020-09-22 17:32:24,1.6785285486372634
2020-09-25 07:51:15,1.7177565297235102
2020-09-27 17:26:05,1.7210018675507825