Timestamp,my-wallet-n-users
2011-11-29 00:00:00,2
2011-12-13 00:00:00,127
2011-12-27 00:00:00,369
2012-01-10 00:00:00,635
2012-01-24 00:00:00,1163
2012-02-07 00:00:00,1587
2012-02-21 00:00:00,2078
2012-03-06 00:00:00,2537
2012-03-20 00:00:00,3041
2012-04-03 00:00:00,3772
2012-04-17 00:00:00,4611
2012-05-01 00:00:00,5798
2012-05-15 00:00:00,6827
2012-05-29 00:00:00,7857
2012-06-12 00:00:00,9046
2012-06-26 00:00:00,10473
2012-07-10 00:00:00,12108
2012-07-24 00:00:00,14337
2012-08-07 00:00:00,16174
2012-08-21 00:00:00,18642
2012-09-04 00:00:00,21335
2012-09-18 00:00:00,24310
2012-10-02 00:00:00,28121
2012-10-16 00:00:00,32425
2012-10-30 00:00:00,36435
2012-11-13 00:00:00,40018
2012-11-27 00:00:00,44808
2012-12-11 00:00:00,53179
2012-12-25 00:00:00,72414
2013-01-08 00:00:00,83175
2013-01-22 00:00:00,97978
2013-02-05 00:00:00,108332
2013-02-19 00:00:00,119379
2013-03-05 00:00:00,131891
2013-03-19 00:00:00,145918
2013-04-02 00:00:00,172965
2013-04-16 00:00:00,223363
2013-04-30 00:00:00,246826
2013-05-14 00:00:00,269829
2013-05-28 00:00:00,289335
2013-06-11 00:00:00,308385
2013-06-25 00:00:00,325294
2013-07-09 00:00:00,344952
2013-07-23 00:00:00,360592
2013-08-06 00:00:00,377726
2013-08-20 00:00:00,398725
2013-09-03 00:00:00,418399
2013-09-17 00:00:00,434971
2013-10-01 00:00:00,453632
2013-10-15 00:00:00,474334
2013-10-29 00:00:00,504006
2013-11-12 00:00:00,553565
2013-11-26 00:00:00,653577
2013-12-10 00:00:00,821523
2013-12-24 00:00:00,928384
2014-01-07 00:00:00,1007391
2014-01-21 00:00:00,1094815
2014-02-04 00:00:00,1187610
2014-02-18 00:00:00,1266787
2014-03-04 00:00:00,1340251
2014-03-18 00:00:00,1395653
2014-04-01 00:00:00,1451982
2014-04-15 00:00:00,1504640
2014-04-29 00:00:00,1558676
2014-05-13 00:00:00,1606735
2014-05-27 00:00:00,1655830
2014-06-10 00:00:00,1711347
2014-06-24 00:00:00,1766949
2014-07-08 00:00:00,1826405
2014-07-22 00:00:00,1887510
2014-08-05 00:00:00,1970816
2014-08-19 00:00:00,2049465
2014-09-02 00:00:00,2125124
2014-09-16 00:00:00,2203182
2014-09-30 00:00:00,2271978
2014-10-14 00:00:00,2342157
2014-10-28 00:00:00,2412721
2014-11-11 00:00:00,2482915
2014-11-25 00:00:00,2554674
2014-12-09 00:00:00,2623710
2014-12-23 00:00:00,2690142
2015-01-06 00:00:00,2747920
2015-01-20 00:00:00,2815937
2015-02-03 00:00:00,2884217
2015-02-17 00:00:00,2963555
2015-03-03 00:00:00,3044636
2015-03-17 00:00:00,3112613
2015-03-31 00:00:00,3177707
2015-04-14 00:00:00,3250058
2015-04-28 00:00:00,3320401
2015-05-12 00:00:00,3391659
2015-05-26 00:00:00,3467023
2015-06-09 00:00:00,3540083
2015-06-23 00:00:00,3619636
2015-07-07 00:00:00,3709806
2015-07-21 00:00:00,3833426
2015-08-04 00:00:00,3926950
2015-08-18 00:00:00,4017248
2015-09-01 00:00:00,4159985
2015-09-15 00:00:00,4259086
2015-09-29 00:00:00,4362605
2015-10-13 00:00:00,4516989
2015-10-27 00:00:00,4642084
2015-11-10 00:00:00,4804531
2015-11-24 00:00:00,4956487
2015-12-08 00:00:00,5132084
2015-12-22 00:00:00,5330509
2016-01-05 00:00:00,5494195
2016-01-19 00:00:00,5748099
2016-02-02 00:00:00,5911166
2016-02-16 00:00:00,6071809
2016-03-01 00:00:00,6243315
2016-03-15 00:00:00,6444611
2016-03-29 00:00:00,6612101
2016-04-12 00:00:00,6810402
2016-04-26 00:00:00,6968497
2016-05-10 00:00:00,7171822
2016-05-24 00:00:00,7346565
2016-06-07 00:00:00,7536971
2016-06-21 00:00:00,7692841
2016-07-05 00:00:00,7846764
2016-07-19 00:00:00,8003788
2016-08-02 00:00:00,8156634
2016-08-16 00:00:00,8325833
2016-08-30 00:00:00,8504950
2016-09-13 00:00:00,8695382
2016-09-27 00:00:00,8902585
2016-10-11 00:00:00,9145528
2016-10-25 00:00:00,9394920
2016-11-08 00:00:00,9697458
2016-11-22 00:00:00,10049437
2016-12-06 00:00:00,10425918
2016-12-20 00:00:00,10751122
2017-01-03 00:00:00,11037425
2017-01-17 00:00:00,11375964
2017-01-31 00:00:00,11676600
2017-02-14 00:00:00,11987965
2017-02-28 00:00:00,12309173
2017-03-14 00:00:00,12581602
2017-03-28 00:00:00,12836242
2017-04-11 00:00:00,13078292
2017-04-25 00:00:00,13313643
2017-05-09 00:00:00,13587310
2017-05-23 00:00:00,13948531
2017-06-06 00:00:00,14345800
2017-06-20 00:46:28,14688367
2017-06-23 18:06:10,14789322
2017-06-27 20:06:04,14885151
2017-07-02 16:02:45,15003015
2017-07-06 04:24:23,15093905
2017-07-10 06:24:26,15198322
2017-08-01 15:12:36,15686764
2017-08-05 17:12:36,15770223
2017-08-09 19:12:58,15868134
2017-08-13 21:13:39,15967771
2017-08-17 23:13:53,16093158
2017-08-21 19:55:43,16203923
2017-08-24 19:34:15,16285960
2017-08-28 21:34:24,16396136
2017-09-01 15:42:11,16507629
2017-09-05 17:41:41,16633880
2017-09-09 14:47:56,16746608
2017-09-12 10:57:58,16819865
2017-09-15 10:51:34,16896609
2017-09-24 10:13:08,17109469
2017-09-27 22:55:48,17191431
2017-09-30 11:18:58,17246293
2017-10-03 10:41:40,17312457
2017-10-07 15:28:24,17404506
2017-10-11 00:14:59,17486941
2017-10-14 08:36:22,17595050
2017-10-18 10:36:21,17724522
2017-10-22 12:20:46,17868013
2017-10-26 02:43:35,17996814
2017-10-29 17:54:01,18107092
2017-11-02 19:54:03,18292760
2017-11-06 15:20:35,18435363
2017-11-10 13:59:22,18584907
2017-11-13 15:42:29,18692769
2017-11-17 17:42:33,18832344
2017-11-21 03:52:16,18948510
2017-11-25 05:52:24,19090935
2017-11-29 02:24:28,19284089
2017-12-03 01:47:34,19565470
2017-12-06 06:17:57,19763633
2017-12-09 10:52:08,20079390
2017-12-13 04:02:58,20390317
2017-12-17 06:03:15,20693380
2017-12-21 06:18:54,20997662
2017-12-25 01:00:28,21218301
2017-12-29 03:00:36,21400134
2018-01-02 02:11:32,21539833
2018-01-06 04:11:36,21747072
2018-01-10 06:01:31,21942468
2018-01-13 12:06:26,22094305
2018-01-17 14:06:36,22258673
2018-01-21 16:06:23,22408411
2018-01-24 13:09:08,22497044
2018-01-28 15:08:32,22619304
2018-02-01 17:08:30,22745401
2018-02-05 19:08:46,22847667
2018-02-09 21:09:35,22946498
2018-02-13 23:09:35,23038728
2018-02-17 15:23:47,23120002
2018-02-21 15:15:23,23213529
2018-02-25 17:15:27,23297610
2018-03-01 19:15:28,23389749
2018-03-05 21:16:24,23473433
2018-03-09 23:16:22,23553821
2018-03-14 01:16:03,23628176
2018-03-18 03:16:43,23708988
2018-03-21 23:13:21,23776420
2018-03-26 01:13:04,23847357
2018-03-29 21:40:41,23920539
2018-04-02 23:40:43,23986750
2018-04-06 23:57:49,24052543
2018-04-11 01:57:17,24115134
2018-04-14 16:06:37,24173660
2018-04-18 18:06:36,24241605
2018-04-22 20:06:35,24312256
2018-04-26 22:06:31,24387017
2018-05-04 15:40:42,24557052
2018-05-08 17:40:38,24630564
2018-05-12 19:39:50,24704532
2018-05-16 21:39:51,24773362
2018-05-20 23:39:54,24840357
2018-05-24 19:48:01,24913162
2018-05-28 21:48:06,24978971
2018-06-01 23:48:01,25065599
2018-06-06 01:47:49,25148027
2018-06-10 03:48:32,25223119
2018-06-14 05:48:39,25294827
2018-06-18 07:48:35,25366889
2018-06-22 04:16:20,25450751
2018-06-26 05:32:16,25577537
2018-06-29 16:21:24,25727228
2018-07-03 18:21:43,25866414
2018-07-07 20:22:17,26027892
2018-07-11 18:37:18,26155626
2018-07-15 20:37:21,26280079
2018-07-19 22:37:22,26402293
2018-07-23 21:48:44,26612151
2018-07-27 23:48:48,26803987
2018-07-31 23:54:36,26984738
2018-08-05 01:54:21,27204422
2018-08-08 09:54:32,27395102
2018-08-08 23:54:32,27418430
2018-08-09 13:54:32,27463785
2018-08-10 03:54:32,27490882
2018-08-10 17:54:32,27541358
2018-08-11 07:54:32,27566714
2018-08-11 21:54:32,27599581
2018-08-12 11:54:32,27621379
2018-08-13 01:54:32,27628301
2018-08-13 15:54:32,27652104
2018-08-14 05:54:32,27668860
2018-08-14 19:54:32,27682322
2018-08-15 09:54:32,27707212
2018-08-15 23:54:32,27723977
2018-08-16 13:54:32,27745909
2018-08-17 03:54:32,27763679
2018-08-17 17:54:32,27780989
2018-08-18 07:54:32,27792178
2018-08-18 21:54:32,27807578
2018-08-19 11:54:32,27821517
2018-08-20 01:54:32,27836591
2018-08-20 15:54:32,27854758
2018-08-21 05:54:32,27862825
2018-08-21 19:54:32,27875010
2018-08-22 09:54:32,27887945
2018-08-22 23:54:32,27899774
2018-08-23 13:54:32,27910696
2018-08-24 03:54:32,27923509
2018-08-24 17:54:32,27942213
2018-08-25 07:54:32,27953017
2018-08-25 21:54:32,27964375
2018-08-26 11:54:32,27972635
2018-08-27 01:54:32,27986176
2018-08-27 15:54:32,28003510
2018-08-28 05:54:32,28016592
2018-08-28 19:54:32,28034898
2018-08-29 09:54:32,28051278
2018-08-29 23:54:32,28062644
2018-08-30 13:54:32,28079069
2018-08-31 03:54:32,28093491
2018-08-31 17:54:32,28105462
2018-09-01 07:54:32,28118535
2018-09-01 21:54:32,28134322
2018-09-02 11:54:32,28146023
2018-09-03 01:54:32,28169367
2018-09-03 15:54:32,28191701
2018-09-04 05:54:32,28204944
2018-09-04 19:54:32,28221242
2018-09-05 09:54:32,28232017
2018-09-05 23:54:32,28247479
2018-09-06 13:54:32,28263169
2018-09-07 03:54:32,28272498
2018-09-07 17:54:32,28293974
2018-09-08 07:54:32,28307897
2018-09-08 21:54:32,28316824
2018-09-09 11:54:32,28335693
2018-09-10 01:54:32,28347198
2018-09-10 15:54:32,28362032
2018-09-11 05:54:32,28369956
2018-09-11 19:54:32,28389175
2018-09-12 09:54:32,28405910
2018-09-12 23:54:32,28417954
2018-09-13 13:54:32,28428493
2018-09-14 03:54:32,28439421
2018-09-14 17:54:32,28453522
2018-09-15 07:54:32,28465338
2018-09-15 21:54:32,28483576
2018-09-16 11:54:32,28493640
2018-09-17 01:54:32,28510991
2018-09-17 15:54:32,28524387
2018-09-18 05:54:32,28547101
2018-09-18 19:54:32,28558403
2018-09-19 09:54:32,28578862
2018-09-19 23:54:32,28597622
2018-09-20 13:54:32,28621807
2018-09-21 03:54:32,28636779
2018-09-21 17:54:32,28651311
2018-09-22 07:54:32,28667671
2018-09-22 21:54:32,28682122
2018-09-23 11:54:32,28695262
2018-09-24 01:54:32,28705663
2018-09-24 15:54:32,28719353
2018-09-25 05:54:32,28730994
2018-09-25 19:54:32,28754595
2018-09-26 09:54:32,28769069
2018-09-26 23:54:32,28787814
2018-09-27 13:54:32,28803672
2018-09-28 03:54:32,28821750
2018-09-28 17:54:32,28837177
2018-09-29 07:54:32,28850285
2018-09-29 21:54:32,28869795
2018-09-30 11:54:32,28882247
2018-10-01 01:54:32,28893154
2018-10-01 15:54:32,28916910
2018-10-02 05:54:32,28930037
2018-10-02 19:54:32,28942535
2018-10-03 09:54:32,28953426
2018-10-03 23:54:32,28964820
2018-10-04 13:54:32,28985810
2018-10-05 03:54:32,28999266
2018-10-05 17:54:32,29016894
2018-10-06 07:54:32,29035110
2018-10-06 21:54:32,29054029
2018-10-07 11:54:32,29069101
2018-10-08 01:54:32,29090697
2018-10-08 15:54:32,29106283
2018-10-09 05:54:32,29119246
2018-10-09 19:54:32,29130908
2018-10-10 09:54:32,29143292
2018-10-10 23:54:32,29167077
2018-10-11 13:54:32,29179597
2018-10-12 03:54:32,29200751
2018-10-12 17:54:32,29218709
2018-10-13 07:54:32,29226740
2018-10-13 21:54:32,29240192
2018-10-14 11:54:32,29250500
2018-10-15 01:54:32,29263528
2018-10-15 15:54:32,29283371
2018-10-16 05:54:32,29302071
2018-10-16 19:54:32,29323774
2018-10-17 09:54:32,29334632
2018-10-17 23:54:32,29349755
2018-10-18 13:54:32,29369626
2018-10-19 03:54:32,29381766
2018-10-19 17:54:32,29403288
2018-10-20 07:54:32,29413866
2018-10-20 21:54:32,29439545
2018-10-21 11:54:32,29448174
2018-10-22 01:54:32,29476908
2018-10-22 15:54:32,29493113
2018-10-23 05:54:32,29510311
2018-10-23 19:54:32,29532610
2018-10-24 09:54:32,29550182
2018-10-24 23:54:32,29563282
2018-10-25 13:54:32,29580069
2018-10-26 03:54:32,29603039
2018-10-26 17:54:32,29620226
2018-10-27 07:54:32,29639669
2018-10-27 21:54:32,29659207
2018-10-28 11:54:32,29669649
2018-10-29 01:54:32,29680311
2018-10-29 15:54:32,29697548
2018-10-30 05:54:32,29714480
2018-10-30 19:54:32,29737907
2018-10-31 09:54:32,29755726
2018-10-31 23:54:32,29779040
2018-11-01 13:54:32,29790877
2018-11-02 03:54:32,29812097
2018-11-02 17:54:32,29839110
2018-11-03 07:54:32,29846537
2018-11-03 21:54:32,29871910
2018-11-04 11:54:32,29880952
2018-11-05 01:54:32,29893123
2018-11-05 15:54:32,29911004
2018-11-06 05:54:32,29927204
2018-11-06 19:54:32,29957990
2018-11-07 09:54:32,29992354
2018-11-07 23:54:32,30031462
2018-11-08 13:54:32,30077554
2018-11-09 03:54:32,30123468
2018-11-09 17:54:32,30164945
2018-11-10 07:54:32,30186893
2018-11-10 21:54:32,30228506
2018-11-11 11:54:32,30252409
2018-11-12 01:54:32,30287594
2018-11-12 15:54:32,30314311
2018-11-13 05:54:32,30340381
2018-11-13 19:54:32,30370098
2018-11-14 09:54:32,30402217
2018-11-14 23:54:32,30431545
2018-11-15 13:54:32,30484071
2018-11-16 03:54:32,30507901
2018-11-16 17:54:32,30547297
2018-11-17 07:54:32,30571025
2018-11-17 21:54:32,30589369
2018-11-18 11:54:32,30622107
2018-11-19 01:54:32,30638824
2018-11-19 15:54:32,30667943
2018-11-20 05:54:32,30696672
2018-11-20 19:54:32,30733701
2018-11-21 09:54:32,30781813
2018-11-21 23:54:32,30805553
2018-11-22 13:54:32,30839596
2018-11-23 03:54:32,30861428
2018-11-23 17:54:32,30887305
2018-11-24 07:54:32,30911320
2018-11-24 21:54:32,30932747
2018-11-25 11:54:32,30950004
2018-11-26 01:54:32,30969627
2018-11-26 15:54:32,30995269
2018-11-27 05:54:32,31019559
2018-11-27 19:54:32,31043047
2018-11-28 09:54:32,31069280
2018-11-28 23:54:32,31094364
2018-11-29 13:54:32,31109185
2018-11-30 03:54:32,31122710
2018-11-30 17:54:32,31137332
2018-12-01 07:54:32,31148489
2018-12-01 21:54:32,31161278
2018-12-02 11:54:32,31179224
2018-12-03 01:54:32,31194550
2018-12-03 15:54:32,31215210
2018-12-04 05:54:32,31223187
2018-12-04 19:54:32,31243161
2018-12-05 09:54:32,31262139
2018-12-05 23:54:32,31276102
2018-12-06 13:54:32,31295678
2018-12-07 03:54:32,31302897
2018-12-07 17:54:32,31328447
2018-12-08 07:54:32,31336330
2018-12-08 21:54:32,31358366
2018-12-09 11:54:32,31368878
2018-12-10 01:54:32,31378935
2018-12-10 15:54:32,31390459
2018-12-11 05:54:32,31401643
2018-12-11 19:54:32,31415099
2018-12-12 09:54:32,31429407
2018-12-12 23:54:32,31443943
2018-12-13 13:54:32,31470488
2018-12-14 03:54:32,31479846
2018-12-14 17:54:32,31496427
2018-12-15 07:54:32,31506165
2018-12-15 21:54:32,31528674
2018-12-16 11:54:32,31543382
2018-12-17 01:54:32,31553828
2018-12-17 15:54:32,31564463
2018-12-18 05:54:32,31585141
2018-12-18 19:54:32,31600471
2018-12-19 09:54:32,31618557
2018-12-19 23:54:32,31631229
2018-12-20 13:54:32,31642417
2018-12-21 03:54:32,31650899
2018-12-21 17:54:32,31663887
2018-12-22 07:54:32,31674618
2018-12-22 21:54:32,31692137
2018-12-23 11:54:32,31710311
2018-12-24 01:54:32,31724753
2018-12-24 15:54:32,31747538
2018-12-25 05:54:32,31753828
2018-12-25 19:54:32,31765705
2018-12-26 09:54:32,31774767
2018-12-26 23:54:32,31794835
2018-12-27 13:54:32,31817708
2018-12-28 03:54:32,31828699
2018-12-28 17:54:32,31838496
2018-12-29 07:54:32,31847496
2018-12-29 21:54:32,31857891
2018-12-30 11:54:32,31879953
2018-12-31 01:54:32,31886235
2018-12-31 15:54:32,31906385
2019-01-01 05:54:32,31915864
2019-01-01 19:54:32,31925191
2019-01-02 09:54:32,31931109
2019-01-02 23:54:32,31955907
2019-01-03 13:54:32,31969197
2019-01-04 03:54:32,31983139
2019-01-04 17:54:32,32075490
2019-01-05 07:54:32,32118203
2019-01-05 21:54:32,32127367
2019-01-06 11:54:32,32136516
2019-01-07 01:54:32,32143141
2019-01-07 15:54:32,32167512
2019-01-08 05:54:32,32180623
2019-01-08 19:54:32,32196524
2019-01-09 09:54:32,32205068
2019-01-09 23:54:32,32218090
2019-01-10 13:54:32,32237325
2019-01-11 03:54:32,32256440
2019-01-11 17:54:32,32265548
2019-01-12 07:54:32,32274243
2019-01-12 21:54:32,32299973
2019-01-13 11:54:32,32311110
2019-01-14 01:54:32,32317279
2019-01-14 15:54:32,32340470
2019-01-15 05:54:32,32354907
2019-01-15 19:54:32,32371819
2019-01-16 09:54:32,32418226
2019-01-16 23:54:32,32443954
2019-01-17 13:54:32,32460799
2019-01-18 03:54:32,32469793
2019-01-18 17:54:32,32481287
2019-01-19 07:54:32,32497585
2019-01-19 21:54:32,32512090
2019-01-20 11:54:32,32527239
2019-01-21 01:54:32,32551555
2019-01-21 15:54:32,32565008
2019-01-22 05:54:32,32573283
2019-01-22 19:54:32,32584478
2019-01-23 09:54:32,32594221
2019-01-23 23:54:32,32613257
2019-01-24 13:54:32,32628373
2019-01-25 03:54:32,32652297
2019-01-25 17:54:32,32662113
2019-01-26 07:54:32,32671876
2019-01-26 21:54:32,32688146
2019-01-27 11:54:32,32704263
2019-01-28 01:54:32,32721256
2019-01-28 15:54:32,32735858
2019-01-29 05:54:32,32759063
2019-01-29 19:54:32,32778119
2019-01-30 09:54:32,32808338
2019-01-30 23:54:32,32822187
2019-01-31 13:54:32,32837085
2019-02-01 03:54:32,32865601
2019-02-01 17:54:32,32872051
2019-02-02 07:54:32,32897305
2019-02-02 21:54:32,32919912
2019-02-03 11:54:32,32938852
2019-02-04 01:54:32,32953469
2019-02-04 15:54:32,32976665
2019-02-05 05:54:32,32982308
2019-02-05 19:54:32,33001911
2019-02-06 09:54:32,33012933
2019-02-06 23:54:32,33032699
2019-02-07 13:54:32,33055203
2019-02-08 03:54:32,33064378
2019-02-08 17:54:32,33092413
2019-02-09 07:54:32,33104923
2019-02-09 21:54:32,33121583
2019-02-10 11:54:32,33132566
2019-02-11 01:54:32,33145104
2019-02-11 15:54:32,33168131
2019-02-12 05:54:32,33181316
2019-02-12 19:54:32,33194631
2019-02-13 09:54:32,33202481
2019-02-13 23:54:32,33219622
2019-02-14 13:54:32,33243904
2019-02-15 03:54:32,33253739
2019-02-15 17:54:32,33266243
2019-02-16 07:54:32,33272372
2019-02-16 21:54:32,33294132
2019-02-17 11:54:32,33310239
2019-02-18 01:54:32,33321937
2019-02-18 15:54:32,33339964
2019-02-19 05:54:32,33358321
2019-02-19 19:54:32,33382083
2019-02-20 09:54:32,33401216
2019-02-20 23:54:32,33419367
2019-02-21 13:54:32,33436941
2019-02-22 03:54:32,33481781
2019-02-22 17:54:32,33503570
2019-02-23 07:54:32,33529882
2019-02-23 21:54:32,33549518
2019-02-24 11:54:32,33576732
2019-02-25 01:54:32,33590954
2019-02-25 15:54:32,33611689
2019-02-26 05:54:32,33636482
2019-02-26 19:54:32,33668186
2019-02-27 09:54:32,33694547
2019-02-27 23:54:32,33733170
2019-02-28 13:54:32,33780967
2019-03-01 03:54:32,33798414
2019-03-01 17:54:32,33840798
2019-03-02 07:54:32,33862931
2019-03-02 21:54:32,33883297
2019-03-03 11:54:32,33895276
2019-03-04 01:54:32,33901620
2019-03-04 15:54:32,33919680
2019-03-05 05:54:32,33935919
2019-03-05 19:54:32,33949463
2019-03-06 09:54:32,33965310
2019-03-06 23:54:32,33983677
2019-03-07 13:54:32,34006093
2019-03-08 03:54:32,34026470
2019-03-08 17:54:32,34035621
2019-03-09 07:54:32,34044850
2019-03-09 21:54:32,34061861
2019-03-10 11:54:32,34080131
2019-03-11 01:54:32,34087548
2019-03-11 15:54:32,34096856
2019-03-12 05:54:32,34109774
2019-03-12 19:54:32,34127053
2019-03-13 09:54:32,34140521
2019-03-13 23:54:32,34160884
2019-03-14 13:54:32,34179281
2019-03-15 03:54:32,34187178
2019-03-15 17:54:32,34201486
2019-03-16 07:54:32,34212685
2019-03-16 21:54:32,34223905
2019-03-17 11:54:32,34234548
2019-03-18 01:54:32,34260767
2019-03-18 15:54:32,34289076
2019-03-19 05:54:32,34302755
2019-03-19 19:54:32,34319956
2019-03-20 09:54:32,34332751
2019-03-20 23:54:32,34344857
2019-03-21 13:54:32,34369702
2019-03-22 03:54:32,34381875
2019-03-22 17:54:32,34395039
2019-03-23 07:54:32,34406099
2019-03-23 21:54:32,34420035
2019-03-24 11:54:32,34427567
2019-03-25 01:54:32,34440956
2019-03-25 15:54:32,34456565
2019-03-26 05:54:32,34476794
2019-03-26 19:54:32,34487434
2019-03-27 09:54:32,34501495
2019-03-27 23:54:32,34518557
2019-03-28 13:54:32,34538449
2019-03-29 03:54:32,34555934
2019-03-29 17:54:32,34579239
2019-03-30 07:54:32,34596866
2019-03-30 21:54:32,34627637
2019-03-31 11:54:32,34648863
2019-04-01 01:54:32,34667329
2019-04-01 15:54:32,34695663
2019-04-02 05:54:32,34722944
2019-04-02 19:54:32,34783128
2019-04-03 09:54:32,34812130
2019-04-03 23:54:32,34845001
2019-04-04 13:54:32,34880081
2019-04-05 03:54:32,34897352
2019-04-05 17:54:32,34934498
2019-04-06 07:54:32,34947189
2019-04-06 21:54:32,34973552
2019-04-07 11:54:32,34993614
2019-04-08 01:54:32,35018635
2019-04-08 15:54:32,35060171
2019-04-09 05:54:32,35103991
2019-04-09 19:54:32,35179532
2019-04-10 09:54:32,35232412
2019-04-10 23:54:32,35273143
2019-04-11 13:54:32,35316460
2019-04-12 03:54:32,35339736
2019-04-12 17:54:32,35379002
2019-04-13 07:54:32,35389115
2019-04-13 21:54:32,35417184
2019-04-14 11:54:32,35442101
2019-04-15 01:54:32,35463346
2019-04-15 15:54:32,35494538
2019-04-16 05:54:32,35517163
2019-04-16 19:54:32,35542072
2019-04-17 09:54:32,35567392
2019-04-17 23:54:32,35606050
2019-04-18 13:54:32,35648587
2019-04-19 03:54:32,35680549
2019-04-19 17:54:32,35729730
2019-04-20 07:54:32,35752918
2019-04-20 21:54:32,35789267
2019-04-21 11:54:32,35813928
2019-04-22 01:54:32,35845342
2019-04-22 15:54:32,35874712
2019-04-23 05:54:32,35922952
2019-04-23 19:54:32,35995802
2019-04-24 09:54:32,36036958
2019-04-24 23:54:32,36102750
2019-04-25 13:54:32,36158919
2019-04-26 03:54:32,36206706
2019-04-26 17:54:32,36271812
2019-04-27 07:54:32,36315605
2019-04-27 21:54:32,36376473
2019-04-28 11:54:32,36401878
2019-04-29 01:54:32,36465812
2019-04-29 15:54:32,36533126
2019-04-30 05:54:32,36579382
2019-04-30 19:54:32,36646882
2019-05-01 09:54:32,36684160
2019-05-01 23:54:32,36740759
2019-05-02 13:54:32,36772309
2019-05-03 03:54:32,36831277
2019-05-03 17:54:32,36904629
2019-05-04 07:54:32,36928545
2019-05-04 21:54:32,36995377
2019-05-05 11:54:32,37028473
2019-05-06 01:54:32,37087709
2019-05-06 15:54:32,37151460
2019-05-07 05:54:32,37194269
2019-05-07 19:54:32,37270408
2019-05-08 09:54:32,37312686
2019-05-08 23:54:32,37371043
2019-05-09 13:54:32,37407949
2019-05-10 03:54:32,37453552
2019-05-10 17:54:32,37496775
2019-05-11 07:54:32,37525865
2019-05-11 21:54:32,37577353
2019-05-12 11:54:32,37606748
2019-05-13 01:54:32,37651694
2019-05-13 15:54:32,37705522
2019-05-14 05:54:32,37737816
2019-05-14 19:54:32,37796874
2019-05-15 09:54:32,37835748
2019-05-15 23:54:32,37883965
2019-05-16 13:54:32,37910385
2019-05-17 03:54:32,37947691
2019-05-17 17:54:32,37984542
2019-05-18 07:54:32,38021565
2019-05-18 21:54:32,38065417
2019-05-19 11:54:32,38100124
2019-05-20 01:54:32,38139223
2019-05-20 15:54:32,38204727
2019-05-21 05:54:32,38220876
2019-05-21 19:54:32,38278908
2019-05-22 09:54:32,38307018
2019-05-22 23:54:32,38356397
2019-05-23 13:54:32,38391976
2019-05-24 03:54:32,38423181
2019-05-24 17:54:32,38459166
2019-05-25 07:54:32,38500044
2019-05-25 21:54:32,38532755
2019-05-26 11:54:32,38557767
2019-05-27 01:54:32,38589792
2019-05-27 15:54:32,38644407
2019-05-28 05:54:32,38671249
2019-05-28 19:54:32,38718151
2019-05-29 09:54:32,38757603
2019-05-29 23:54:32,38799864
2019-05-30 13:54:32,38843700
2019-05-31 03:54:32,38863173
2019-05-31 17:54:32,38891124
2019-06-01 07:54:32,38919827
2019-06-01 21:54:32,38949291
2019-06-02 11:54:32,38962792
2019-06-03 01:54:32,38989921
2019-06-03 15:54:32,39014882
2019-06-04 05:54:32,39051608
2019-06-04 19:54:32,39072961
2019-06-05 09:54:32,39094131
2019-06-05 23:54:32,39123281
2019-06-06 13:54:32,39147033
2019-06-07 03:54:32,39167819
2019-06-07 17:54:32,39193769
2019-06-08 07:54:32,39212746
2019-06-08 21:54:32,39228975
2019-06-09 11:54:32,39244468
2019-06-10 01:54:32,39258189
2019-06-10 15:54:32,39288777
2019-06-11 05:54:32,39309761
2019-06-11 19:54:32,39333621
2019-06-12 09:54:32,39364135
2019-06-12 23:54:32,39383710
2019-06-13 13:54:32,39407974
2019-06-14 03:54:32,39441276
2019-06-14 17:54:32,39465906
2019-06-15 07:54:32,39484147
2019-06-15 21:54:32,39502962
2019-06-16 11:54:32,39515478
2019-06-17 01:54:32,39542281
2019-06-17 15:54:32,39565042
2019-06-18 05:54:32,39584604
2019-06-18 19:54:32,39606770
2019-06-19 09:54:32,39621945
2019-06-19 23:54:32,39662919
2019-06-20 13:54:32,39706761
2019-06-21 03:54:32,39726230
2019-06-21 17:54:32,39751949
2019-06-22 07:54:32,39776827
2019-06-22 21:54:32,39807008
2019-06-23 11:54:32,39828832
2019-06-24 01:54:32,39846905
2019-06-24 15:54:32,39874981
2019-06-25 05:54:32,39905434
2019-06-25 19:54:32,39928935
2019-06-26 09:54:32,39950040
2019-06-26 23:54:32,39976932
2019-06-27 13:54:32,39991499
2019-06-28 03:54:32,40017548
2019-06-28 17:54:32,40037636
2019-06-29 07:54:32,40050566
2019-06-29 21:54:32,40067178
2019-06-30 11:54:32,40078691
2019-07-01 01:54:32,40093223
2019-07-01 15:54:32,40111836
2019-07-02 05:54:32,40122247
2019-07-02 19:54:32,40140698
2019-07-03 09:54:32,40152616
2019-07-03 23:54:32,40167671
2019-07-04 13:54:32,40180069
2019-07-05 03:54:32,40202103
2019-07-05 17:54:32,40218259
2019-07-06 07:54:32,40231394
2019-07-06 21:54:32,40243498
2019-07-07 11:54:32,40254690
2019-07-08 01:54:32,40269000
2019-07-08 15:54:32,40283333
2019-07-09 05:54:32,40296892
2019-07-09 19:54:32,40316360
2019-07-10 09:54:32,40345619
2019-07-10 23:54:32,40364144
2019-07-11 13:54:32,40376174
2019-07-12 03:54:32,40391193
2019-07-12 17:54:32,40404589
2019-07-13 07:54:32,40416566
2019-07-13 21:54:32,40437295
2019-07-14 11:54:32,40449137
2019-07-15 01:54:32,40461484
2019-07-15 15:54:32,40477697
2019-07-16 05:54:32,40487905
2019-07-16 19:54:32,40505204
2019-07-17 09:54:32,40519048
2019-07-17 23:54:32,40537127
2019-07-18 13:54:32,40561128
2019-07-19 03:54:32,40577182
2019-07-19 17:54:32,40602737
2019-07-20 07:54:32,40616475
2019-07-20 21:54:32,40633456
2019-07-21 11:54:32,40649378
2019-07-22 01:54:32,40662060
2019-07-22 15:54:32,40680358
2019-07-23 05:54:32,40701838
2019-07-23 19:54:32,40728553
2019-07-24 09:54:32,40737498
2019-07-24 23:54:32,40751487
2019-07-25 13:54:32,40761942
2019-07-26 03:54:32,40775006
2019-07-26 17:54:32,40793697
2019-07-27 07:54:32,40808062
2019-07-27 21:54:32,40826260
2019-07-28 11:54:32,40837155
2019-07-29 01:54:32,40845935
2019-07-29 15:54:32,40859959
2019-07-30 05:54:32,40882285
2019-07-30 19:54:32,40904092
2019-07-31 09:54:32,40912756
2019-07-31 23:54:32,40928009
2019-08-01 13:54:32,40940777
2019-08-02 03:54:32,40955340
2019-08-02 17:54:32,40970953
2019-08-03 07:54:32,40981144
2019-08-03 21:54:32,40995332
2019-08-04 11:54:32,41013360
2019-08-05 01:54:32,41023072
2019-08-05 15:54:32,41037416
2019-08-06 05:54:32,41046814
2019-08-06 19:54:32,41067421
2019-08-07 09:54:32,41082395
2019-08-07 23:54:32,41102794
2019-08-08 13:54:32,41115390
2019-08-09 03:54:32,41124397
2019-08-09 17:54:32,41137588
2019-08-10 07:54:32,41148010
2019-08-10 21:54:32,41160095
2019-08-11 11:54:32,41166520
2019-08-12 01:54:32,41177950
2019-08-12 15:54:32,41190440
2019-08-13 05:54:32,41201250
2019-08-13 19:54:32,41212936
2019-08-14 09:54:32,41223963
2019-08-14 23:54:32,41235724
2019-08-15 13:54:32,41247827
2019-08-16 03:54:32,41259967
2019-08-16 17:54:32,41273187
2019-08-17 07:54:32,41283032
2019-08-17 21:54:32,41293513
2019-08-18 11:54:32,41302801
2019-08-19 01:54:32,41313448
2019-08-19 15:54:32,41327953
2019-08-20 05:54:32,41340625
2019-08-20 19:54:32,41358516
2019-08-21 09:54:32,41373661
2019-08-21 23:54:32,41387542
2019-08-22 13:54:32,41403528
2019-08-23 03:54:32,41417686
2019-08-23 17:54:32,41437032
2019-08-24 07:54:32,41446648
2019-08-24 21:54:32,41460810
2019-08-25 11:54:32,41475558
2019-08-26 01:54:32,41494075
2019-08-26 15:54:32,41506991
2019-08-27 05:54:32,41519624
2019-08-27 19:54:32,41531292
2019-08-28 09:54:32,41542780
2019-08-28 23:54:32,41556264
2019-08-29 13:54:32,41567754
2019-08-30 03:54:32,41583454
2019-08-30 17:54:32,41600095
2019-08-31 07:54:32,41607742
2019-08-31 21:54:32,41624155
2019-09-01 11:54:32,41634225
2019-09-02 01:54:32,41646706
2019-09-02 15:54:32,41659718
2019-09-03 05:54:32,41668600
2019-09-03 19:54:32,41683490
2019-09-04 09:54:32,41699271
2019-09-04 23:54:32,41710860
2019-09-05 13:54:32,41724935
2019-09-06 03:54:32,41744035
2019-09-06 17:54:32,41755029
2019-09-07 07:54:32,41765327
2019-09-07 21:54:32,41778659
2019-09-08 11:54:32,41785785
2019-09-09 01:54:32,41801581
2019-09-09 15:54:32,41824085
2019-09-10 05:54:32,41836598
2019-09-10 19:54:32,41848524
2019-09-11 09:54:32,41889438
2019-09-11 23:54:32,41908663
2019-09-12 13:54:32,41926274
2019-09-13 03:54:32,41935678
2019-09-13 17:54:32,41949875
2019-09-14 07:54:32,41956531
2019-09-14 21:54:32,41975759
2019-09-15 11:54:32,41982557
2019-09-16 01:54:32,41996410
2019-09-16 15:54:32,42014978
2019-09-17 05:54:32,42027680
2019-09-17 19:54:32,42039692
2019-09-18 09:54:32,42051065
2019-09-18 23:54:32,42066493
2019-09-19 13:54:32,42083769
2019-09-20 03:54:32,42094530
2019-09-20 17:54:32,42105327
2019-09-21 07:54:32,42115357
2019-09-21 21:54:32,42127508
2019-09-22 11:54:32,42134366
2019-09-23 01:54:32,42146883
2019-09-23 15:54:32,42159703
2019-09-24 05:54:32,42169174
2019-09-24 19:54:32,42185530
2019-09-25 09:54:32,42198131
2019-09-25 23:54:32,42209864
2019-09-26 13:54:32,42220428
2019-09-27 03:54:32,42232966
2019-09-27 17:54:32,42244254
2019-09-28 07:54:32,42258154
2019-09-28 21:54:32,42268763
2019-09-29 11:54:32,42277810
2019-09-30 01:54:32,42290501
2019-09-30 15:54:32,42298828
2019-10-01 05:54:32,42314091
2019-10-01 19:54:32,42331656
2019-10-02 09:54:32,42354433
2019-10-02 23:54:32,42373761
2019-10-03 13:54:32,42396024
2019-10-04 03:54:32,42407427
2019-10-04 17:54:32,42421559
2019-10-05 07:54:32,42431430
2019-10-05 21:54:32,42440881
2019-10-06 11:54:32,42451766
2019-10-07 01:54:32,42459598
2019-10-07 15:54:32,42480269
2019-10-08 05:54:32,42490195
2019-10-08 19:54:32,42502529
2019-10-09 09:54:32,42509875
2019-10-09 23:54:32,42523473
2019-10-10 13:54:32,42547545
2019-10-11 03:54:32,42565920
2019-10-11 17:54:32,42578168
2019-10-12 07:54:32,42595047
2019-10-12 21:54:32,42613986
2019-10-13 11:54:32,42620103
2019-10-14 01:54:32,42631287
2019-10-14 15:54:32,42646165
2019-10-15 05:54:32,42657221
2019-10-15 19:54:32,42671767
2019-10-16 09:54:32,42682592
2019-10-16 23:54:32,42696924
2019-10-17 13:54:32,42704431
2019-10-18 03:54:32,42717979
2019-10-18 17:54:32,42727428
2019-10-19 07:54:32,42738354
2019-10-19 21:54:32,42750716
2019-10-20 11:54:32,42759299
2019-10-21 01:54:32,42773222
2019-10-21 15:54:32,42796483
2019-10-22 05:54:32,42811391
2019-10-22 19:54:32,42830080
2019-10-23 09:54:32,42840461
2019-10-23 23:54:32,42854235
2019-10-24 13:54:32,42867855
2019-10-25 03:54:32,42883807
2019-10-25 17:54:32,42893663
2019-10-26 07:54:32,42919695
2019-10-26 21:54:32,42925721
2019-10-27 11:54:32,42935987
2019-10-28 01:54:32,42951085
2019-10-28 15:54:32,42968451
2019-10-29 05:54:32,42982187
2019-10-29 19:54:32,42996490
2019-10-30 09:54:32,43004396
2019-10-30 23:54:32,43024639
2019-10-31 13:54:32,43041665
2019-11-01 03:54:32,43057918
2019-11-01 17:54:32,43068083
2019-11-02 07:54:32,43079151
2019-11-02 21:54:32,43090624
2019-11-03 11:54:32,43096329
2019-11-04 01:54:32,43108397
2019-11-04 15:54:32,43119904
2019-11-05 05:54:32,43129603
2019-11-05 19:54:32,43144770
2019-11-06 09:54:32,43165127
2019-11-06 23:54:32,43181906
2019-11-07 13:54:32,43202655
2019-11-08 03:54:32,43213253
2019-11-08 17:54:32,43223051
2019-11-09 07:54:32,43234112
2019-11-09 21:54:32,43245198
2019-11-10 11:54:32,43255998
2019-11-11 01:54:32,43268091
2019-11-11 15:54:32,43276453
2019-11-12 05:54:32,43290714
2019-11-12 19:54:32,43305277
2019-11-13 09:54:32,43320443
2019-11-13 23:54:32,43336137
2019-11-14 13:54:32,43344316
2019-11-15 03:54:32,43357065
2019-11-15 17:54:32,43366266
2019-11-16 07:54:32,43389956
2019-11-16 21:54:32,43419876
2019-11-17 11:54:32,43432543
2019-11-18 01:54:32,43450925
2019-11-18 15:54:32,43469103
2019-11-19 05:54:32,43496329
2019-11-19 19:54:32,43518795
2019-11-20 09:54:32,43540281
2019-11-20 23:54:32,43565193
2019-11-21 13:54:32,43578436
2019-11-22 03:54:32,43611739
2019-11-22 17:54:32,43637737
2019-11-23 07:54:32,43660558
2019-11-23 21:54:32,43684144
2019-11-24 11:54:32,43698256
2019-11-25 01:54:32,43711695
2019-11-25 15:54:32,43729404
2019-11-26 05:54:32,43740645
2019-11-26 19:54:32,43757758
2019-11-27 09:54:32,43775853
2019-11-27 23:54:32,43798646
2019-11-28 13:54:32,43814072
2019-11-29 03:54:32,43832183
2019-11-29 17:54:32,43847203
2019-11-30 07:54:32,43858696
2019-11-30 21:54:32,43876788
2019-12-01 11:54:32,43885036
2019-12-02 01:54:32,43911099
2019-12-02 15:54:32,43931087
2019-12-03 05:54:32,43945645
2019-12-03 19:54:32,43961441
2019-12-04 09:54:32,43977136
2019-12-04 23:54:32,44005417
2019-12-05 13:54:32,44015479
2019-12-06 03:54:32,44032234
2019-12-06 17:54:32,44046973
2019-12-07 07:54:32,44063902
2019-12-07 21:54:32,44076764
2019-12-08 11:54:32,44090494
2019-12-09 01:54:32,44110383
2019-12-09 15:54:32,44126743
2019-12-10 05:54:32,44145478
2019-12-10 19:54:32,44168427
2019-12-11 09:54:32,44181384
2019-12-11 23:54:32,44207970
2019-12-12 13:54:32,44224414
2019-12-13 03:54:32,44251187
2019-12-13 17:54:32,44275601
2019-12-14 07:54:32,44284401
2019-12-14 21:54:32,44309907
2019-12-15 11:54:32,44334112
2019-12-16 01:54:32,44350614
2019-12-16 15:54:32,44366315
2019-12-22 00:00:00,44511642
2020-01-05 00:00:00,44793044
2020-01-19 00:00:00,45201459
2020-01-22 23:54:32,45274690
2020-01-23 13:54:32,45286088
2020-01-24 03:54:32,45299356
2020-01-24 17:54:32,45313590
2020-01-25 07:54:32,45325516
2020-01-25 21:54:32,45337493
2020-01-26 11:54:32,45348505
2020-01-27 01:54:32,45362743
2020-01-27 15:54:32,45382348
2020-01-28 05:54:32,45400163
2020-01-28 19:54:32,45421892
2020-01-29 11:54:32,45432499
2020-01-30 01:54:32,45449711
2020-01-31 09:54:32,45491346
2020-02-01 13:54:32,45543087
2020-02-02 03:54:32,45560812
2020-02-02 17:54:32,45574083
2020-02-03 07:54:32,45603134
2020-02-03 21:54:32,45623961
2020-02-04 11:54:32,45633595
2020-02-05 01:54:32,45658934
2020-02-05 15:54:32,45676936
2020-02-06 05:54:32,45686808
2020-02-06 19:54:32,45703607
2020-02-07 09:54:32,45717091
2020-02-07 23:54:32,45732531
2020-02-08 13:54:32,45743857
2020-02-09 03:54:32,45758715
2020-02-09 18:54:32,45774631
2020-02-10 08:54:32,45790139
2020-02-10 22:54:32,45806648
2020-02-11 12:54:32,45820295
2020-02-12 02:54:32,45833055
2020-02-12 16:54:32,45850590
2020-02-13 06:54:32,45866050
2020-02-13 20:54:32,45881476
2020-02-14 10:54:32,45895180
2020-02-15 00:54:32,45907002
2020-02-15 14:54:32,45923950
2020-02-16 04:54:32,45935320
2020-02-16 18:54:32,45951770
2020-02-17 08:54:32,45966449
2020-02-17 22:54:32,45980248
2020-02-18 12:54:32,45996296
2020-02-19 02:54:32,46008665
2020-02-19 16:54:32,46026522
2020-02-20 06:54:32,46040247
2020-02-20 20:54:32,46052617
2020-02-21 10:54:32,46066015
2020-02-22 00:54:32,46078533
2020-02-22 14:54:32,46089735
2020-02-23 04:54:32,46102424
2020-02-23 18:54:32,46113964
2020-02-24 08:54:32,46128902
2020-02-24 22:54:32,46144447
2020-02-25 12:54:32,46153596
2020-02-26 02:54:32,46168931
2020-02-26 16:54:32,46183944
2020-02-27 06:54:32,46192585
2020-02-27 20:54:32,46210006
2020-02-28 10:54:32,46225608
2020-02-29 00:54:32,46239081
2020-02-29 14:54:32,46251999
2020-03-01 04:54:32,46262950
2020-03-01 18:54:32,46273291
2020-03-02 08:54:32,46284367
2020-03-02 22:54:32,46296766
2020-03-03 12:54:32,46309514
2020-03-04 02:54:32,46325135
2020-03-04 16:54:32,46341874
2020-03-05 06:54:32,46352991
2020-03-05 20:54:32,46371330
2020-03-06 10:54:32,46380703
2020-03-07 00:54:32,46395508
2020-03-07 14:54:32,46408736
2020-03-08 04:54:32,46419723
2020-03-08 18:54:32,46429464
2020-03-09 08:54:32,46440772
2020-03-09 22:54:32,46454147
2020-03-10 12:54:32,46467186
2020-03-11 02:54:32,46477838
2020-03-11 16:54:32,46493972
2020-03-12 06:54:32,46510669
2020-03-12 20:54:32,46527725
2020-03-13 10:54:32,46547238
2020-03-14 00:54:32,46562385
2020-03-14 14:54:32,46585354
2020-03-15 04:54:32,46597964
2020-03-15 18:54:32,46616929
2020-03-16 08:54:32,46627376
2020-03-16 22:54:32,46649347
2020-03-17 12:54:32,46662178
2020-03-18 02:54:32,46679512
2020-03-18 16:54:32,46698107
2020-03-19 06:54:32,46709264
2020-03-19 20:54:32,46726871
2020-03-20 10:54:32,46744133
2020-03-21 00:54:32,46762105
2020-03-21 14:54:32,46783958
2020-03-22 04:54:32,46807621
2020-03-22 18:54:32,46835990
2020-03-23 08:54:32,46852372
2020-03-23 22:54:32,46871598
2020-03-24 12:54:32,46891751
2020-03-25 02:54:32,46911396
2020-03-25 16:54:32,46930091
2020-03-26 06:54:32,46954396
2020-03-26 20:54:32,46972251
2020-03-27 10:54:32,46986765
2020-03-28 00:54:32,47009505
2020-03-28 14:54:32,47024338
2020-03-29 04:54:32,47045084
2020-03-29 18:54:32,47065538
2020-03-30 08:54:32,47079555
2020-03-30 22:54:32,47103705
2020-03-31 12:54:32,47119552
2020-04-01 02:54:32,47141605
2020-04-01 16:54:32,47159951
2020-04-02 06:54:32,47182415
2020-04-02 20:54:32,47208777
2020-04-03 10:54:32,47229273
2020-04-04 00:54:32,47246268
2020-04-04 14:54:32,47270376
2020-04-05 04:54:32,47286940
2020-04-05 18:54:32,47312296
2020-04-06 08:54:32,47331823
2020-04-06 22:54:32,47358544
2020-04-07 12:54:32,47377765
2020-04-08 02:54:32,47401049
2020-04-08 16:54:32,47421088
2020-04-09 06:54:32,47442611
2020-04-09 20:54:32,47468624
2020-04-10 10:54:32,47485935
2020-04-11 00:54:32,47507377
2020-04-11 14:54:32,47525466
2020-04-12 04:54:32,47546055
2020-04-12 18:54:32,47567034
2020-04-13 08:54:32,47585566
2020-04-13 22:54:32,47608982
2020-04-14 12:54:32,47619558
2020-04-15 02:54:32,47644205
2020-04-15 16:54:32,47658673
2020-04-16 06:54:32,47680568
2020-04-16 20:54:32,47706353
2020-04-17 10:54:32,47718896
2020-04-18 00:54:32,47748699
2020-04-18 14:54:32,47766528
2020-04-19 04:54:32,47784041
2020-04-19 18:54:32,47802950
2020-04-20 08:54:32,47826032
2020-04-20 22:54:32,47848102
2020-04-21 12:54:32,47870493
2020-04-22 02:54:32,47888302
2020-04-22 16:54:32,47912346
2020-04-23 06:54:32,47926731
2020-04-23 20:54:32,47950841
2020-04-24 10:54:32,47967451
2020-04-25 00:54:32,47990819
2020-04-25 14:54:32,48011787
2020-04-26 04:54:32,48027209
2020-04-26 18:54:32,48051767
2020-04-27 08:54:32,48066177
2020-04-27 22:54:32,48089521
2020-04-28 12:54:32,48106471
2020-04-29 02:54:32,48126954
2020-04-29 16:54:32,48150708
2020-04-30 06:54:32,48177765
2020-04-30 20:54:32,48204375
2020-05-01 10:54:32,48228328
2020-05-02 00:54:32,48247908
2020-05-02 14:54:32,48274688
2020-05-03 04:54:32,48289629
2020-05-03 18:54:32,48314809
2020-05-04 08:54:32,48334739
2020-05-04 22:54:32,48349487
2020-05-05 12:54:32,48373011
2020-05-06 02:54:32,48397755
2020-05-06 16:54:32,48428490
2020-05-07 06:54:32,48457904
2020-05-07 20:54:32,48501845
2020-05-08 10:54:32,48534979
2020-05-09 00:54:32,48579034
2020-05-09 14:54:32,48611224
2020-05-10 04:54:32,48669409
2020-05-10 18:54:32,48711408
2020-05-11 08:54:32,48762353
2020-05-11 22:54:32,48785147
2020-05-12 12:54:32,48809551
2020-05-13 02:54:32,48839940
2020-05-13 16:54:32,48863513
2020-05-14 06:54:32,48896393
2020-05-14 20:54:32,48930040
2020-05-15 10:54:32,48958162
2020-05-16 00:54:32,48993306
2020-05-16 14:54:32,49024388
2020-05-17 04:54:32,49049206
2020-05-17 18:54:32,49072394
2020-05-18 08:54:32,49098935
2020-05-18 22:54:32,49125933
2020-05-19 12:54:32,49145062
2020-05-20 02:54:32,49173881
2020-05-20 16:54:32,49203381
2020-05-21 06:54:32,49227101
2020-05-21 20:54:32,49254397
2020-05-22 10:54:32,49277711
2020-05-23 00:54:32,49297582
2020-05-23 14:54:32,49324029
2020-05-24 04:54:32,49345089
2020-05-24 18:54:32,49378595
2020-05-25 08:54:32,49399326
2020-05-25 22:54:32,49426707
2020-05-26 12:54:32,49442554
2020-05-27 02:54:32,49466600
2020-05-27 16:54:32,49483073
2020-05-28 06:54:32,49503721
2020-05-28 20:54:32,49526761
2020-05-29 10:54:32,49540288
2020-05-30 00:54:32,49560457
2020-05-30 14:54:32,49578861
2020-05-31 04:54:32,49592093
2020-05-31 18:54:32,49612974
2020-06-01 08:54:32,49625835
2020-06-01 22:54:32,49649510
2020-06-02 12:54:32,49670547
2020-06-03 02:54:32,49685422
2020-06-03 16:54:32,49709097
2020-06-04 06:54:32,49727947
2020-06-04 20:54:32,49741292
2020-06-05 10:54:32,49765329
2020-06-06 00:54:32,49783919
2020-06-06 14:54:32,49804097
2020-06-07 04:54:32,49825495
2020-06-07 18:54:32,49841267
2020-06-08 08:54:32,49861053
2020-06-08 22:54:32,49888402
2020-06-09 12:54:32,49902586
2020-06-10 02:54:32,49927417
2020-06-10 16:54:32,49943688
2020-06-11 06:54:32,49965224
2020-06-11 20:54:32,49984930
2020-06-12 10:54:32,50005986
2020-06-13 00:54:32,50031529
2020-06-13 14:54:32,50051913
2020-06-14 04:54:32,50065832
2020-06-14 18:54:32,50089369
2020-06-15 08:54:32,50108480
2020-06-15 22:54:32,50126939
2020-06-16 12:54:32,50152553
2020-06-17 02:54:32,50183707
2020-06-17 16:54:32,50206369
2020-06-18 06:54:32,50229741
2020-06-18 20:54:32,50246500
2020-06-19 10:54:32,50266762
2020-06-20 00:54:32,50285579
2020-06-20 14:54:32,50311280
2020-06-21 04:54:32,50330643
2020-06-21 18:54:32,50360607
2020-06-22 08:54:32,50383083
2020-06-22 22:54:32,50415711
2020-06-23 12:54:32,50437836
2020-06-24 02:54:32,50459454
2020-06-24 16:54:32,50486024
2020-06-25 06:54:32,50504907
2020-06-25 20:54:32,50528385
2020-06-26 10:54:32,50544849
2020-06-27 00:54:32,50568989
2020-06-27 14:54:32,50586619
2020-06-28 04:54:32,50611531
2020-06-28 18:54:32,50632538
2020-06-29 08:54:32,50658095
2020-06-29 22:54:32,50681131
2020-06-30 12:54:32,50707086
2020-07-01 02:54:32,50729448
2020-07-01 16:54:32,50760420
2020-07-02 06:54:32,50777201
2020-07-02 20:54:32,50802985
2020-07-03 10:54:32,50819572
2020-07-04 00:54:32,50844380
2020-07-04 14:54:32,50862584
2020-07-05 04:54:32,50883886
2020-07-05 18:54:32,50899899
2020-07-06 08:54:32,50922841
2020-07-06 22:54:32,50946336
2020-07-07 12:54:32,50969947
2020-07-08 02:54:32,50985962
2020-07-08 16:54:32,51016714
2020-07-09 06:54:32,51033047
2020-07-09 20:54:32,51061792
2020-07-10 10:54:32,51086889
2020-07-11 00:54:32,51106037
2020-07-11 14:54:32,51128995
2020-07-12 04:54:32,51154030
2020-07-12 18:54:32,51179181
2020-07-13 08:54:32,51204773
2020-07-13 22:54:32,51229438
2020-07-14 12:54:32,51249204
2020-07-15 02:54:32,51275890
2020-07-15 16:54:32,51304849
2020-07-16 06:54:32,51328847
2020-07-16 20:54:32,51353381
2020-07-17 10:54:32,51381463
2020-07-18 00:54:32,51403087
2020-07-18 14:54:32,51426356
2020-07-19 04:54:32,51443226
2020-07-19 18:54:32,51467910
2020-07-20 08:54:32,51489570
2020-07-20 22:54:32,51518773
2020-07-21 12:54:32,51541202
2020-07-22 02:54:32,51573453
2020-07-22 16:54:32,51592769
2020-07-23 06:54:32,51621718
2020-07-23 20:54:32,51652345
2020-07-24 10:54:32,51682492
2020-07-25 00:54:32,51711047
2020-07-25 14:54:32,51744520
2020-07-26 04:54:32,51769259
2020-07-26 18:54:32,51801499
2020-07-27 08:54:32,51821582
2020-07-27 22:54:32,51859904
2020-07-28 12:54:32,51894605
2020-07-29 02:54:32,51919206
2020-07-29 16:54:32,51952473
2020-07-30 06:54:32,51974441
2020-07-30 20:54:32,52011787
2020-07-31 10:54:32,52027242
2020-08-01 00:54:32,52049366
2020-08-01 14:54:32,52071410
2020-08-02 04:54:32,52092347
2020-08-02 18:54:32,52120519
2020-08-03 08:54:32,52135255
2020-08-03 22:54:32,52162047
2020-08-04 12:54:32,52179995
2020-08-05 02:54:32,52203973
2020-08-05 16:54:32,52226563
2020-08-06 06:54:32,52249631
2020-08-06 20:54:32,52272414
2020-08-07 10:54:32,52295017
2020-08-08 00:54:32,52313081
2020-08-08 14:54:32,52335648
2020-08-09 04:54:32,52353235
2020-08-09 18:54:32,52379036
2020-08-10 08:54:32,52397682
2020-08-10 22:54:32,52419945
2020-08-11 12:54:32,52443982
2020-08-12 02:54:32,52467263
2020-08-12 16:54:32,52494126
2020-08-13 06:54:32,52517141
2020-08-13 20:54:32,52540394
2020-08-14 10:54:32,52563714
2020-08-15 00:54:32,52602380
2020-08-15 14:54:32,52613749
2020-08-16 04:54:32,52636905
2020-08-16 18:54:32,52664855
2020-08-17 08:54:32,52679545
2020-08-17 22:54:32,52706520
2020-08-18 12:54:32,52723143
2020-08-19 02:54:32,52748656
2020-08-19 16:54:32,52776130
2020-08-20 06:54:32,52790178
2020-08-20 20:54:32,52817610
2020-08-21 10:54:32,52832604
2020-08-22 00:54:32,52856667
2020-08-22 14:54:32,52879805
2020-08-23 04:54:32,52895372
2020-08-23 18:54:32,52919425
2020-08-24 08:54:32,52932566
2020-08-24 22:54:32,52960154
2020-08-25 12:54:32,52980709
2020-08-26 02:54:32,52996752
2020-08-26 16:54:32,53017708
2020-08-27 06:54:32,53033100
2020-08-27 20:54:32,53055487
2020-08-28 10:54:32,53075277
2020-08-29 00:54:32,53092773
2020-08-29 14:54:32,53112223
2020-08-30 04:54:32,53125885
2020-08-30 18:54:32,53146374
2020-08-31 08:54:32,53166068
2020-08-31 22:54:32,53185834
2020-09-01 12:54:32,53208166
2020-09-02 02:54:32,53226250
2020-09-02 16:54:32,53250165
2020-09-03 06:54:32,53264938
2020-09-03 20:54:32,53290770
2020-09-04 10:54:32,53307785
2020-09-05 00:54:32,53329499
2020-09-05 14:54:32,53343526
2020-09-06 04:54:32,53364593
2020-09-06 18:54:32,53384436
2020-09-07 08:54:32,53395231
2020-09-07 22:54:32,53418019
2020-09-08 12:54:32,53431626
2020-09-09 02:54:32,53458501
2020-09-09 16:54:32,53473965
2020-09-10 06:54:32,53493863
2020-09-10 20:54:32,53516044
2020-09-11 10:54:32,53528534
2020-09-12 00:54:32,53550666
2020-09-12 14:54:32,53575212
2020-09-13 04:54:32,53591694
2020-09-13 18:54:32,53615722
2020-09-14 08:54:32,53634790
2020-09-14 22:54:32,53657894
2020-09-15 12:54:32,53674747
2020-09-16 02:54:32,53698244
2020-09-16 16:54:32,53716726
2020-09-17 06:54:32,53738743
2020-09-17 20:54:32,53765846
2020-09-18 10:54:32,53781540
2020-09-19 00:54:32,53816768
2020-09-19 14:54:32,53838268
2020-09-20 04:54:32,53857421
2020-09-20 18:54:32,53887732
2020-09-21 08:54:32,53904691
2020-09-21 22:54:32,53933673
2020-09-22 12:54:32,53962279
2020-09-23 02:54:32,53977552
2020-09-23 16:54:32,54003620
2020-09-24 06:54:32,54017547
2020-09-24 20:54:32,54042376
2020-09-25 10:54:32,54064452
2020-09-26 00:54:32,54079775
2020-09-26 14:54:32,54103040
2020-09-27 04:54:32,54120575
2020-09-27 18:54:32,54148169