Timestamp,n-transactions
2009-01-17 00:00:00,109
2009-01-20 00:00:00,115
2009-01-23 00:00:00,86
2009-01-26 00:00:00,97
2009-01-29 00:00:00,122
2009-02-01 00:00:00,114
2009-02-04 00:00:00,119
2009-02-07 00:00:00,133
2009-02-10 00:00:00,120
2009-02-13 00:00:00,124
2009-02-16 00:00:00,123
2009-02-19 00:00:00,125
2009-02-22 00:00:00,125
2009-02-25 00:00:00,105
2009-02-28 00:00:00,100
2009-03-03 00:00:00,107
2009-03-06 00:00:00,117
2009-03-09 00:00:00,108
2009-03-12 00:00:00,119
2009-03-15 00:00:00,123
2009-03-18 00:00:00,116
2009-03-21 00:00:00,51
2009-03-24 00:00:00,105
2009-03-27 00:00:00,106
2009-03-30 00:00:00,120
2009-04-02 00:00:00,115
2009-04-05 00:00:00,132
2009-04-08 00:00:00,105
2009-04-11 00:00:00,121
2009-04-14 00:00:00,124
2009-04-17 00:00:00,112
2009-04-20 00:00:00,121
2009-04-23 00:00:00,75
2009-04-26 00:00:00,114
2009-04-29 00:00:00,129
2009-05-02 00:00:00,128
2009-05-05 00:00:00,136
2009-05-08 00:00:00,108
2009-05-11 00:00:00,121
2009-05-14 00:00:00,142
2009-05-17 00:00:00,127
2009-05-20 00:00:00,120
2009-05-23 00:00:00,31
2009-05-26 00:00:00,125
2009-05-29 00:00:00,107
2009-06-01 00:00:00,72
2009-06-04 00:00:00,65
2009-06-07 00:00:00,16
2009-06-10 00:00:00,82
2009-06-13 00:00:00,78
2009-06-16 00:00:00,71
2009-06-19 00:00:00,87
2009-06-22 00:00:00,77
2009-06-25 00:00:00,69
2009-06-28 00:00:00,47
2009-07-01 00:00:00,75
2009-07-04 00:00:00,89
2009-07-07 00:00:00,69
2009-07-10 00:00:00,81
2009-07-13 00:00:00,78
2009-07-16 00:00:00,71
2009-07-19 00:00:00,69
2009-07-22 00:00:00,61
2009-07-25 00:00:00,33
2009-07-28 00:00:00,41
2009-07-31 00:00:00,17
2009-08-03 00:00:00,12
2009-08-06 00:00:00,90
2009-08-09 00:00:00,101
2009-08-12 00:00:00,63
2009-08-15 00:00:00,26
2009-08-18 00:00:00,9
2009-08-21 00:00:00,13
2009-08-24 00:00:00,15
2009-08-27 00:00:00,29
2009-08-30 00:00:00,98
2009-09-02 00:00:00,65
2009-09-05 00:00:00,76
2009-09-08 00:00:00,69
2009-09-11 00:00:00,67
2009-09-14 00:00:00,74
2009-09-17 00:00:00,85
2009-09-20 00:00:00,78
2009-09-23 00:00:00,35
2009-09-26 00:00:00,100
2009-09-29 00:00:00,90
2009-10-02 00:00:00,73
2009-10-05 00:00:00,55
2009-10-08 00:00:00,70
2009-10-11 00:00:00,74
2009-10-14 00:00:00,69
2009-10-17 00:00:00,57
2009-10-20 00:00:00,96
2009-10-23 00:00:00,89
2009-10-26 00:00:00,71
2009-10-29 00:00:00,47
2009-11-01 00:00:00,25
2009-11-04 00:00:00,64
2009-11-07 00:00:00,69
2009-11-10 00:00:00,78
2009-11-13 00:00:00,83
2009-11-16 00:00:00,97
2009-11-19 00:00:00,72
2009-11-22 00:00:00,106
2009-11-25 00:00:00,90
2009-11-28 00:00:00,71
2009-12-01 00:00:00,74
2009-12-04 00:00:00,36
2009-12-07 00:00:00,112
2009-12-10 00:00:00,104
2009-12-13 00:00:00,114
2009-12-16 00:00:00,137
2009-12-19 00:00:00,199
2009-12-22 00:00:00,162
2009-12-25 00:00:00,150
2009-12-28 00:00:00,137
2009-12-31 00:00:00,138
2010-01-03 00:00:00,186
2010-01-06 00:00:00,163
2010-01-09 00:00:00,151
2010-01-12 00:00:00,161
2010-01-15 00:00:00,142
2010-01-18 00:00:00,126
2010-01-21 00:00:00,184
2010-01-24 00:00:00,155
2010-01-27 00:00:00,166
2010-01-30 00:00:00,214
2010-02-02 00:00:00,146
2010-02-05 00:00:00,227
2010-02-08 00:00:00,208
2010-02-11 00:00:00,174
2010-02-14 00:00:00,219
2010-02-17 00:00:00,250
2010-02-20 00:00:00,210
2010-02-23 00:00:00,251
2010-02-26 00:00:00,176
2010-03-01 00:00:00,199
2010-03-04 00:00:00,188
2010-03-07 00:00:00,183
2010-03-10 00:00:00,169
2010-03-13 00:00:00,154
2010-03-16 00:00:00,129
2010-03-19 00:00:00,162
2010-03-22 00:00:00,186
2010-03-25 00:00:00,202
2010-03-28 00:00:00,192
2010-03-31 00:00:00,214
2010-04-03 00:00:00,166
2010-04-06 00:00:00,174
2010-04-09 00:00:00,224
2010-04-12 00:00:00,247
2010-04-15 00:00:00,290
2010-04-18 00:00:00,3351
2010-04-21 00:00:00,251
2010-04-24 00:00:00,202
2010-04-27 00:00:00,233
2010-04-30 00:00:00,170
2010-05-03 00:00:00,188
2010-05-06 00:00:00,177
2010-05-09 00:00:00,183
2010-05-12 00:00:00,158
2010-05-15 00:00:00,113
2010-05-18 00:00:00,223
2010-05-21 00:00:00,235
2010-05-24 00:00:00,250
2010-05-27 00:00:00,267
2010-05-30 00:00:00,200
2010-06-02 00:00:00,194
2010-06-05 00:00:00,190
2010-06-08 00:00:00,223
2010-06-11 00:00:00,247
2010-06-14 00:00:00,258
2010-06-17 00:00:00,204
2010-06-20 00:00:00,228
2010-06-23 00:00:00,257
2010-06-26 00:00:00,201
2010-06-29 00:00:00,264
2010-07-02 00:00:00,242
2010-07-05 00:00:00,251
2010-07-08 00:00:00,223
2010-07-11 00:00:00,353
2010-07-14 00:00:00,6132
2010-07-17 00:00:00,408
2010-07-20 00:00:00,594
2010-07-23 00:00:00,411
2010-07-26 00:00:00,467
2010-07-29 00:00:00,1867
2010-08-01 00:00:00,364
2010-08-04 00:00:00,439
2010-08-07 00:00:00,273
2010-08-10 00:00:00,340
2010-08-13 00:00:00,516
2010-08-16 00:00:00,453
2010-08-19 00:00:00,325
2010-08-22 00:00:00,366
2010-08-25 00:00:00,365
2010-08-28 00:00:00,339
2010-08-31 00:00:00,441
2010-09-03 00:00:00,319
2010-09-06 00:00:00,278
2010-09-09 00:00:00,324
2010-09-12 00:00:00,379
2010-09-15 00:00:00,430
2010-09-18 00:00:00,399
2010-09-21 00:00:00,810
2010-09-24 00:00:00,501
2010-09-27 00:00:00,603
2010-09-30 00:00:00,365
2010-10-03 00:00:00,377
2010-10-06 00:00:00,407
2010-10-09 00:00:00,401
2010-10-12 00:00:00,352
2010-10-15 00:00:00,328
2010-10-18 00:00:00,579
2010-10-21 00:00:00,552
2010-10-24 00:00:00,552
2010-10-27 00:00:00,568
2010-10-30 00:00:00,426
2010-11-02 00:00:00,286
2010-11-05 00:00:00,442
2010-11-08 00:00:00,515
2010-11-11 00:00:00,395
2010-11-14 00:00:00,416
2010-11-17 00:00:00,435
2010-11-20 00:00:00,9731
2010-11-23 00:00:00,341
2010-11-26 00:00:00,1314
2010-11-29 00:00:00,454
2010-12-02 00:00:00,460
2010-12-05 00:00:00,434
2010-12-08 00:00:00,523
2010-12-11 00:00:00,550
2010-12-14 00:00:00,637
2010-12-17 00:00:00,462
2010-12-20 00:00:00,932
2010-12-23 00:00:00,519
2010-12-26 00:00:00,584
2010-12-29 00:00:00,513
2011-01-01 00:00:00,659
2011-01-04 00:00:00,979
2011-01-07 00:00:00,1020
2011-01-10 00:00:00,1312
2011-01-13 00:00:00,1266
2011-01-16 00:00:00,931
2011-01-19 00:00:00,917
2011-01-22 00:00:00,1422
2011-01-25 00:00:00,889
2011-01-28 00:00:00,1081
2011-01-31 00:00:00,1393
2011-02-03 00:00:00,789
2011-02-06 00:00:00,909
2011-02-09 00:00:00,1227
2011-02-12 00:00:00,1912
2011-02-15 00:00:00,2224
2011-02-18 00:00:00,2056
2011-02-21 00:00:00,1970
2011-02-24 00:00:00,2109
2011-02-27 00:00:00,2269
2011-03-02 00:00:00,2009
2011-03-05 00:00:00,2048
2011-03-08 00:00:00,2440
2011-03-11 00:00:00,1884
2011-03-14 00:00:00,2643
2011-03-17 00:00:00,3367
2011-03-20 00:00:00,4076
2011-03-23 00:00:00,4570
2011-03-26 00:00:00,3335
2011-03-29 00:00:00,2718
2011-04-01 00:00:00,1579
2011-04-04 00:00:00,2309
2011-04-07 00:00:00,1677
2011-04-10 00:00:00,1744
2011-04-13 00:00:00,2371
2011-04-16 00:00:00,2154
2011-04-19 00:00:00,3598
2011-04-22 00:00:00,2097
2011-04-25 00:00:00,2592
2011-04-28 00:00:00,3035
2011-05-01 00:00:00,3949
2011-05-04 00:00:00,2800
2011-05-07 00:00:00,3887
2011-05-10 00:00:00,3151
2011-05-13 00:00:00,4064
2011-05-16 00:00:00,4349
2011-05-19 00:00:00,4663
2011-05-22 00:00:00,5282
2011-05-25 00:00:00,6258
2011-05-28 00:00:00,5013
2011-05-31 00:00:00,6063
2011-06-03 00:00:00,8441
2011-06-06 00:00:00,9703
2011-06-09 00:00:00,12176
2011-06-12 00:00:00,12440
2011-06-15 00:00:00,12605
2011-06-18 00:00:00,11563
2011-06-21 00:00:00,9704
2011-06-24 00:00:00,10922
2011-06-27 00:00:00,11751
2011-06-30 00:00:00,9636
2011-07-03 00:00:00,8364
2011-07-06 00:00:00,10519
2011-07-09 00:00:00,7851
2011-07-12 00:00:00,8147
2011-07-15 00:00:00,8148
2011-07-18 00:00:00,8976
2011-07-21 00:00:00,8163
2011-07-24 00:00:00,8219
2011-07-27 00:00:00,7995
2011-07-30 00:00:00,6209
2011-08-02 00:00:00,8817
2011-08-05 00:00:00,7360
2011-08-08 00:00:00,7267
2011-08-11 00:00:00,7596
2011-08-14 00:00:00,7471
2011-08-17 00:00:00,7722
2011-08-20 00:00:00,7191
2011-08-23 00:00:00,7277
2011-08-26 00:00:00,7421
2011-08-29 00:00:00,8094
2011-09-01 00:00:00,7203
2011-09-04 00:00:00,7258
2011-09-07 00:00:00,7090
2011-09-10 00:00:00,5993
2011-09-13 00:00:00,6519
2011-09-16 00:00:00,6209
2011-09-19 00:00:00,6653
2011-09-22 00:00:00,6139
2011-09-25 00:00:00,5722
2011-09-28 00:00:00,6017
2011-10-01 00:00:00,5374
2011-10-04 00:00:00,5809
2011-10-07 00:00:00,5674
2011-10-10 00:00:00,5882
2011-10-13 00:00:00,4984
2011-10-16 00:00:00,4981
2011-10-19 00:00:00,5130
2011-10-22 00:00:00,5114
2011-10-25 00:00:00,5226
2011-10-28 00:00:00,5118
2011-10-31 00:00:00,5182
2011-11-03 00:00:00,6253
2011-11-06 00:00:00,5034
2011-11-09 00:00:00,6448
2011-11-12 00:00:00,5487
2011-11-15 00:00:00,6106
2011-11-18 00:00:00,5169
2011-11-21 00:00:00,4770
2011-11-24 00:00:00,5018
2011-11-27 00:00:00,5061
2011-11-30 00:00:00,6840
2011-12-03 00:00:00,5631
2011-12-06 00:00:00,7978
2011-12-09 00:00:00,5588
2011-12-12 00:00:00,4862
2011-12-15 00:00:00,4850
2011-12-18 00:00:00,4632
2011-12-21 00:00:00,5577
2011-12-24 00:00:00,4658
2011-12-27 00:00:00,5211
2011-12-30 00:00:00,5051
2012-01-02 00:00:00,5410
2012-01-05 00:00:00,6994
2012-01-08 00:00:00,6404
2012-01-11 00:00:00,7139
2012-01-14 00:00:00,6807
2012-01-17 00:00:00,6761
2012-01-20 00:00:00,6780
2012-01-23 00:00:00,6100
2012-01-26 00:00:00,6598
2012-01-29 00:00:00,6426
2012-02-01 00:00:00,6502
2012-02-04 00:00:00,7237
2012-02-07 00:00:00,7012
2012-02-10 00:00:00,8456
2012-02-13 00:00:00,7992
2012-02-16 00:00:00,9537
2012-02-19 00:00:00,5958
2012-02-22 00:00:00,7194
2012-02-25 00:00:00,6306
2012-02-28 00:00:00,6725
2012-03-02 00:00:00,7645
2012-03-05 00:00:00,6979
2012-03-08 00:00:00,6637
2012-03-11 00:00:00,5223
2012-03-14 00:00:00,6895
2012-03-17 00:00:00,6876
2012-03-20 00:00:00,6834
2012-03-23 00:00:00,6156
2012-03-26 00:00:00,6619
2012-03-29 00:00:00,7518
2012-04-01 00:00:00,5563
2012-04-04 00:00:00,7143
2012-04-07 00:00:00,6080
2012-04-10 00:00:00,8468
2012-04-13 00:00:00,7223
2012-04-16 00:00:00,8577
2012-04-19 00:00:00,7900
2012-04-22 00:00:00,6354
2012-04-25 00:00:00,7557
2012-04-28 00:00:00,7427
2012-05-01 00:00:00,10208
2012-05-04 00:00:00,14098
2012-05-07 00:00:00,18247
2012-05-10 00:00:00,11782
2012-05-13 00:00:00,14737
2012-05-16 00:00:00,18078
2012-05-19 00:00:00,35404
2012-05-22 00:00:00,23480
2012-05-25 00:00:00,28999
2012-05-28 00:00:00,29888
2012-05-31 00:00:00,21013
2012-06-03 00:00:00,33601
2012-06-06 00:00:00,15937
2012-06-09 00:00:00,33050
2012-06-12 00:00:00,18243
2012-06-15 00:00:00,54986
2012-06-18 00:00:00,39071
2012-06-21 00:00:00,26782
2012-06-24 00:00:00,22392
2012-06-27 00:00:00,30875
2012-06-30 00:00:00,22618
2012-07-03 00:00:00,22667
2012-07-06 00:00:00,23916
2012-07-09 00:00:00,25129
2012-07-12 00:00:00,24303
2012-07-15 00:00:00,26345
2012-07-18 00:00:00,32588
2012-07-21 00:00:00,34593
2012-07-24 00:00:00,28369
2012-07-27 00:00:00,27155
2012-07-30 00:00:00,34395
2012-08-02 00:00:00,33211
2012-08-05 00:00:00,33283
2012-08-08 00:00:00,40168
2012-08-11 00:00:00,33139
2012-08-14 00:00:00,34506
2012-08-17 00:00:00,40554
2012-08-20 00:00:00,35837
2012-08-23 00:00:00,31818
2012-08-26 00:00:00,29520
2012-08-29 00:00:00,34209
2012-09-01 00:00:00,40774
2012-09-04 00:00:00,39946
2012-09-07 00:00:00,33483
2012-09-10 00:00:00,33632
2012-09-13 00:00:00,29025
2012-09-16 00:00:00,28415
2012-09-19 00:00:00,32231
2012-09-22 00:00:00,22014
2012-09-25 00:00:00,24177
2012-09-28 00:00:00,32768
2012-10-01 00:00:00,24727
2012-10-04 00:00:00,31955
2012-10-07 00:00:00,34726
2012-10-10 00:00:00,31226
2012-10-13 00:00:00,33090
2012-10-16 00:00:00,34533
2012-10-19 00:00:00,25096
2012-10-22 00:00:00,43154
2012-10-25 00:00:00,26998
2012-10-28 00:00:00,17965
2012-10-31 00:00:00,27444
2012-11-03 00:00:00,23899
2012-11-06 00:00:00,31986
2012-11-09 00:00:00,25157
2012-11-12 00:00:00,23903
2012-11-15 00:00:00,37604
2012-11-18 00:00:00,34136
2012-11-21 00:00:00,39066
2012-11-24 00:00:00,29718
2012-11-27 00:00:00,27632
2012-11-30 00:00:00,29758
2012-12-03 00:00:00,21659
2012-12-06 00:00:00,37163
2012-12-09 00:00:00,32059
2012-12-12 00:00:00,36736
2012-12-15 00:00:00,32365
2012-12-18 00:00:00,49812
2012-12-21 00:00:00,44580
2012-12-24 00:00:00,36111
2012-12-27 00:00:00,43787
2012-12-30 00:00:00,45447
2013-01-02 00:00:00,39433
2013-01-05 00:00:00,39596
2013-01-08 00:00:00,38624
2013-01-11 00:00:00,52749
2013-01-14 00:00:00,44560
2013-01-17 00:00:00,48100
2013-01-20 00:00:00,41371
2013-01-23 00:00:00,46678
2013-01-26 00:00:00,52366
2013-01-29 00:00:00,51703
2013-02-01 00:00:00,59382
2013-02-04 00:00:00,55005
2013-02-07 00:00:00,61237
2013-02-10 00:00:00,56443
2013-02-13 00:00:00,59090
2013-02-16 00:00:00,51433
2013-02-19 00:00:00,54519
2013-02-22 00:00:00,62171
2013-02-25 00:00:00,67144
2013-02-28 00:00:00,63021
2013-03-03 00:00:00,54459
2013-03-06 00:00:00,62760
2013-03-09 00:00:00,55546
2013-03-12 00:00:00,48484
2013-03-15 00:00:00,62776
2013-03-18 00:00:00,43485
2013-03-21 00:00:00,55564
2013-03-24 00:00:00,51335
2013-03-27 00:00:00,53207
2013-03-30 00:00:00,59196
2013-04-02 00:00:00,63276
2013-04-05 00:00:00,61373
2013-04-08 00:00:00,61680
2013-04-11 00:00:00,68407
2013-04-14 00:00:00,55471
2013-04-17 00:00:00,56706
2013-04-20 00:00:00,48302
2013-04-23 00:00:00,61668
2013-04-26 00:00:00,55264
2013-04-29 00:00:00,51776
2013-05-02 00:00:00,55429
2013-05-05 00:00:00,50332
2013-05-08 00:00:00,50439
2013-05-11 00:00:00,73402
2013-05-14 00:00:00,66470
2013-05-17 00:00:00,58731
2013-05-20 00:00:00,48821
2013-05-23 00:00:00,59789
2013-05-26 00:00:00,40722
2013-05-29 00:00:00,55060
2013-06-01 00:00:00,54311
2013-06-04 00:00:00,57622
2013-06-07 00:00:00,52188
2013-06-10 00:00:00,45000
2013-06-13 00:00:00,43193
2013-06-16 00:00:00,42966
2013-06-19 00:00:00,47031
2013-06-22 00:00:00,44594
2013-06-25 00:00:00,44629
2013-06-28 00:00:00,49552
2013-07-01 00:00:00,39128
2013-07-04 00:00:00,35292
2013-07-07 00:00:00,30356
2013-07-10 00:00:00,39238
2013-07-13 00:00:00,37970
2013-07-16 00:00:00,39392
2013-07-19 00:00:00,36759
2013-07-22 00:00:00,39979
2013-07-25 00:00:00,42530
2013-07-28 00:00:00,37302
2013-07-31 00:00:00,49524
2013-08-03 00:00:00,45746
2013-08-06 00:00:00,54369
2013-08-09 00:00:00,49658
2013-08-12 00:00:00,50228
2013-08-15 00:00:00,58129
2013-08-18 00:00:00,56397
2013-08-21 00:00:00,60531
2013-08-24 00:00:00,51817
2013-08-27 00:00:00,62187
2013-08-30 00:00:00,62603
2013-09-02 00:00:00,51266
2013-09-05 00:00:00,60730
2013-09-08 00:00:00,46452
2013-09-11 00:00:00,49210
2013-09-14 00:00:00,43560
2013-09-17 00:00:00,67931
2013-09-20 00:00:00,58994
2013-09-23 00:00:00,65328
2013-09-26 00:00:00,57545
2013-09-29 00:00:00,41181
2013-10-02 00:00:00,61964
2013-10-05 00:00:00,45479
2013-10-08 00:00:00,45461
2013-10-11 00:00:00,51922
2013-10-14 00:00:00,57452
2013-10-17 00:00:00,46870
2013-10-20 00:00:00,49418
2013-10-23 00:00:00,55314
2013-10-26 00:00:00,47747
2013-10-29 00:00:00,49930
2013-11-01 00:00:00,45371
2013-11-04 00:00:00,45523
2013-11-07 00:00:00,60535
2013-11-10 00:00:00,57538
2013-11-13 00:00:00,64870
2013-11-16 00:00:00,47175
2013-11-19 00:00:00,92907
2013-11-22 00:00:00,76947
2013-11-25 00:00:00,71793
2013-11-28 00:00:00,98921
2013-12-01 00:00:00,73442
2013-12-04 00:00:00,79624
2013-12-07 00:00:00,67712
2013-12-10 00:00:00,67623
2013-12-13 00:00:00,60059
2013-12-16 00:00:00,69382
2013-12-19 00:00:00,70278
2013-12-22 00:00:00,52897
2013-12-25 00:00:00,55428
2013-12-28 00:00:00,48009
2013-12-31 00:00:00,48847
2014-01-03 00:00:00,60980
2014-01-06 00:00:00,67358
2014-01-09 00:00:00,59031
2014-01-12 00:00:00,50537
2014-01-15 00:00:00,61612
2014-01-18 00:00:00,51573
2014-01-21 00:00:00,72577
2014-01-24 00:00:00,65600
2014-01-27 00:00:00,64374
2014-01-30 00:00:00,60799
2014-02-02 00:00:00,52483
2014-02-05 00:00:00,67529
2014-02-08 00:00:00,65009
2014-02-11 00:00:00,67229
2014-02-14 00:00:00,74889
2014-02-17 00:00:00,60853
2014-02-20 00:00:00,71144
2014-02-23 00:00:00,60198
2014-02-26 00:00:00,71897
2014-03-01 00:00:00,63402
2014-03-04 00:00:00,84600
2014-03-07 00:00:00,72345
2014-03-10 00:00:00,70884
2014-03-13 00:00:00,72805
2014-03-16 00:00:00,59332
2014-03-19 00:00:00,73804
2014-03-22 00:00:00,66673
2014-03-25 00:00:00,71883
2014-03-28 00:00:00,67079
2014-03-31 00:00:00,65448
2014-04-03 00:00:00,67075
2014-04-06 00:00:00,50010
2014-04-09 00:00:00,65153
2014-04-12 00:00:00,47740
2014-04-15 00:00:00,72809
2014-04-18 00:00:00,56996
2014-04-21 00:00:00,58110
2014-04-24 00:00:00,72694
2014-04-27 00:00:00,52629
2014-04-30 00:00:00,63657
2014-05-03 00:00:00,54157
2014-05-06 00:00:00,77228
2014-05-09 00:00:00,66293
2014-05-12 00:00:00,74418
2014-05-15 00:00:00,74893
2014-05-18 00:00:00,49912
2014-05-21 00:00:00,68905
2014-05-24 00:00:00,52872
2014-05-27 00:00:00,68524
2014-05-30 00:00:00,65127
2014-06-02 00:00:00,64434
2014-06-05 00:00:00,66945
2014-06-08 00:00:00,48308
2014-06-11 00:00:00,62827
2014-06-14 00:00:00,53596
2014-06-17 00:00:00,70077
2014-06-20 00:00:00,57381
2014-06-23 00:00:00,60216
2014-06-26 00:00:00,61432
2014-06-29 00:00:00,49922
2014-07-02 00:00:00,66728
2014-07-05 00:00:00,49954
2014-07-08 00:00:00,70117
2014-07-11 00:00:00,59077
2014-07-14 00:00:00,62761
2014-07-17 00:00:00,66233
2014-07-20 00:00:00,52001
2014-07-23 00:00:00,66883
2014-07-26 00:00:00,56333
2014-07-29 00:00:00,61607
2014-08-01 00:00:00,67915
2014-08-04 00:00:00,67847
2014-08-07 00:00:00,69913
2014-08-10 00:00:00,57913
2014-08-13 00:00:00,75738
2014-08-16 00:00:00,67974
2014-08-19 00:00:00,74740
2014-08-22 00:00:00,66998
2014-08-25 00:00:00,69894
2014-08-28 00:00:00,68628
2014-08-31 00:00:00,57755
2014-09-03 00:00:00,71868
2014-09-06 00:00:00,63369
2014-09-09 00:00:00,81812
2014-09-12 00:00:00,68384
2014-09-15 00:00:00,78666
2014-09-18 00:00:00,77364
2014-09-21 00:00:00,59800
2014-09-24 00:00:00,74974
2014-09-27 00:00:00,62973
2014-09-30 00:00:00,78006
2014-10-03 00:00:00,75121
2014-10-06 00:00:00,78049
2014-10-09 00:00:00,82789
2014-10-12 00:00:00,63509
2014-10-15 00:00:00,76257
2014-10-18 00:00:00,66477
2014-10-21 00:00:00,81651
2014-10-24 00:00:00,77906
2014-10-27 00:00:00,83977
2014-10-30 00:00:00,92622
2014-11-02 00:00:00,77170
2014-11-05 00:00:00,89460
2014-11-08 00:00:00,72717
2014-11-11 00:00:00,85618
2014-11-14 00:00:00,86307
2014-11-17 00:00:00,88354
2014-11-20 00:00:00,89388
2014-11-23 00:00:00,77283
2014-11-26 00:00:00,85111
2014-11-29 00:00:00,79098
2014-12-02 00:00:00,99419
2014-12-05 00:00:00,90900
2014-12-08 00:00:00,90746
2014-12-11 00:00:00,84005
2014-12-14 00:00:00,79703
2014-12-17 00:00:00,98444
2014-12-20 00:00:00,86901
2014-12-23 00:00:00,99469
2014-12-26 00:00:00,76198
2014-12-29 00:00:00,83447
2015-01-01 00:00:00,59344
2015-01-04 00:00:00,85694
2015-01-07 00:00:00,89916
2015-01-10 00:00:00,104874
2015-01-13 00:00:00,102309
2015-01-16 00:00:00,104699
2015-01-19 00:00:00,98485
2015-01-22 00:00:00,93698
2015-01-25 00:00:00,86558
2015-01-28 00:00:00,85232
2015-01-31 00:00:00,86312
2015-02-03 00:00:00,91793
2015-02-06 00:00:00,85705
2015-02-09 00:00:00,104758
2015-02-12 00:00:00,87427
2015-02-15 00:00:00,85267
2015-02-18 00:00:00,105719
2015-02-21 00:00:00,87827
2015-02-24 00:00:00,105125
2015-02-27 00:00:00,101474
2015-03-02 00:00:00,104937
2015-03-05 00:00:00,101115
2015-03-08 00:00:00,87527
2015-03-11 00:00:00,100765
2015-03-14 00:00:00,89511
2015-03-17 00:00:00,99561
2015-03-20 00:00:00,103532
2015-03-23 00:00:00,106019
2015-03-26 00:00:00,101181
2015-03-29 00:00:00,90516
2015-04-01 00:00:00,119343
2015-04-04 00:00:00,89651
2015-04-07 00:00:00,108714
2015-04-10 00:00:00,112826
2015-04-13 00:00:00,115407
2015-04-16 00:00:00,99046
2015-04-19 00:00:00,91134
2015-04-22 00:00:00,111878
2015-04-25 00:00:00,98465
2015-04-28 00:00:00,113193
2015-05-01 00:00:00,99560
2015-05-04 00:00:00,104000
2015-05-07 00:00:00,111125
2015-05-10 00:00:00,89409
2015-05-13 00:00:00,108858
2015-05-16 00:00:00,90686
2015-05-19 00:00:00,107346
2015-05-22 00:00:00,102770
2015-05-25 00:00:00,106086
2015-05-28 00:00:00,110980
2015-05-31 00:00:00,98784
2015-06-03 00:00:00,127600
2015-06-06 00:00:00,92696
2015-06-09 00:00:00,121638
2015-06-12 00:00:00,126945
2015-06-15 00:00:00,129389
2015-06-18 00:00:00,124929
2015-06-21 00:00:00,96654
2015-06-24 00:00:00,113093
2015-06-27 00:00:00,106004
2015-06-30 00:00:00,155869
2015-07-03 00:00:00,129719
2015-07-06 00:00:00,174070
2015-07-09 00:00:00,191163
2015-07-12 00:00:00,208685
2015-07-15 00:00:00,115570
2015-07-18 00:00:00,130695
2015-07-21 00:00:00,133785
2015-07-24 00:00:00,109918
2015-07-27 00:00:00,115226
2015-07-30 00:00:00,123577
2015-08-02 00:00:00,103600
2015-08-05 00:00:00,133758
2015-08-08 00:00:00,101512
2015-08-11 00:00:00,114741
2015-08-14 00:00:00,111255
2015-08-17 00:00:00,115049
2015-08-20 00:00:00,118230
2015-08-23 00:00:00,94529
2015-08-26 00:00:00,122852
2015-08-29 00:00:00,107489
2015-09-01 00:00:00,130410
2015-09-04 00:00:00,103973
2015-09-07 00:00:00,125467
2015-09-10 00:00:00,124951
2015-09-13 00:00:00,146048
2015-09-16 00:00:00,167269
2015-09-19 00:00:00,114851
2015-09-22 00:00:00,136784
2015-09-25 00:00:00,128166
2015-09-28 00:00:00,138570
2015-10-01 00:00:00,134327
2015-10-04 00:00:00,103531
2015-10-07 00:00:00,134931
2015-10-10 00:00:00,127005
2015-10-13 00:00:00,134878
2015-10-16 00:00:00,143286
2015-10-19 00:00:00,143969
2015-10-22 00:00:00,147402
2015-10-25 00:00:00,131488
2015-10-28 00:00:00,160175
2015-10-31 00:00:00,155400
2015-11-03 00:00:00,186362
2015-11-06 00:00:00,166893
2015-11-09 00:00:00,159836
2015-11-12 00:00:00,157847
2015-11-15 00:00:00,143369
2015-11-18 00:00:00,165269
2015-11-21 00:00:00,151035
2015-11-24 00:00:00,152324
2015-11-27 00:00:00,160235
2015-11-30 00:00:00,182648
2015-12-03 00:00:00,164774
2015-12-06 00:00:00,179712
2015-12-09 00:00:00,220323
2015-12-12 00:00:00,204141
2015-12-15 00:00:00,223998
2015-12-18 00:00:00,213847
2015-12-21 00:00:00,229444
2015-12-24 00:00:00,210228
2015-12-27 00:00:00,160271
2015-12-30 00:00:00,176447
2016-01-02 00:00:00,149038
2016-01-05 00:00:00,182371
2016-01-08 00:00:00,181407
2016-01-11 00:00:00,191196
2016-01-14 00:00:00,183182
2016-01-17 00:00:00,204128
2016-01-20 00:00:00,209071
2016-01-23 00:00:00,190400
2016-01-26 00:00:00,230523
2016-01-29 00:00:00,224394
2016-02-01 00:00:00,222398
2016-02-04 00:00:00,200661
2016-02-07 00:00:00,212190
2016-02-10 00:00:00,235527
2016-02-13 00:00:00,184675
2016-02-16 00:00:00,215940
2016-02-19 00:00:00,217436
2016-02-22 00:00:00,237696
2016-02-25 00:00:00,216290
2016-02-28 00:00:00,233436
2016-03-02 00:00:00,270206
2016-03-05 00:00:00,234992
2016-03-08 00:00:00,200298
2016-03-11 00:00:00,189816
2016-03-14 00:00:00,191341
2016-03-17 00:00:00,208319
2016-03-20 00:00:00,178143
2016-03-23 00:00:00,186808
2016-03-26 00:00:00,159049
2016-03-29 00:00:00,197409
2016-04-01 00:00:00,211922
2016-04-04 00:00:00,208929
2016-04-07 00:00:00,218463
2016-04-10 00:00:00,186954
2016-04-13 00:00:00,223506
2016-04-16 00:00:00,182004
2016-04-19 00:00:00,226511
2016-04-22 00:00:00,210976
2016-04-25 00:00:00,217564
2016-04-28 00:00:00,247957
2016-05-01 00:00:00,191430
2016-05-04 00:00:00,233691
2016-05-07 00:00:00,202062
2016-05-10 00:00:00,245721
2016-05-13 00:00:00,232146
2016-05-16 00:00:00,239809
2016-05-19 00:00:00,219145
2016-05-22 00:00:00,184348
2016-05-25 00:00:00,247841
2016-05-28 00:00:00,193054
2016-05-31 00:00:00,215249
2016-06-03 00:00:00,234669
2016-06-06 00:00:00,221171
2016-06-09 00:00:00,236353
2016-06-12 00:00:00,210711
2016-06-15 00:00:00,259202
2016-06-18 00:00:00,235317
2016-06-21 00:00:00,248164
2016-06-24 00:00:00,237625
2016-06-27 00:00:00,217029
2016-06-30 00:00:00,231960
2016-07-03 00:00:00,177127
2016-07-06 00:00:00,214691
2016-07-09 00:00:00,185405
2016-07-12 00:00:00,219034
2016-07-15 00:00:00,216081
2016-07-18 00:00:00,222835
2016-07-21 00:00:00,217606
2016-07-24 00:00:00,183890
2016-07-27 00:00:00,235603
2016-07-30 00:00:00,199484
2016-08-02 00:00:00,251098
2016-08-05 00:00:00,228244
2016-08-08 00:00:00,235295
2016-08-11 00:00:00,254515
2016-08-14 00:00:00,200174
2016-08-17 00:00:00,238003
2016-08-20 00:00:00,208224
2016-08-23 00:00:00,239021
2016-08-26 00:00:00,226767
2016-08-29 00:00:00,225282
2016-09-01 00:00:00,237466
2016-09-04 00:00:00,183244
2016-09-07 00:00:00,250809
2016-09-10 00:00:00,193320
2016-09-13 00:00:00,239886
2016-09-16 00:00:00,211128
2016-09-19 00:00:00,223540
2016-09-22 00:00:00,231227
2016-09-25 00:00:00,195642
2016-09-28 00:00:00,234995
2016-10-01 00:00:00,213930
2016-10-04 00:00:00,264662
2016-10-07 00:00:00,266324
2016-10-10 00:00:00,222996
2016-10-13 00:00:00,229703
2016-10-16 00:00:00,197876
2016-10-19 00:00:00,199083
2016-10-22 00:00:00,216708
2016-10-25 00:00:00,237030
2016-10-28 00:00:00,250876
2016-10-31 00:00:00,241778
2016-11-03 00:00:00,271998
2016-11-06 00:00:00,225786
2016-11-09 00:00:00,270095
2016-11-12 00:00:00,228886
2016-11-15 00:00:00,280352
2016-11-18 00:00:00,275925
2016-11-21 00:00:00,285793
2016-11-24 00:00:00,328538
2016-11-27 00:00:00,237389
2016-11-30 00:00:00,292654
2016-12-03 00:00:00,287988
2016-12-06 00:00:00,319762
2016-12-09 00:00:00,268815
2016-12-12 00:00:00,268662
2016-12-15 00:00:00,282685
2016-12-18 00:00:00,235789
2016-12-21 00:00:00,325677
2016-12-24 00:00:00,240820
2016-12-27 00:00:00,296546
2016-12-30 00:00:00,286818
2017-01-02 00:00:00,290951
2017-01-05 00:00:00,288501
2017-01-08 00:00:00,260101
2017-01-11 00:00:00,303058
2017-01-14 00:00:00,242269
2017-01-17 00:00:00,292697
2017-01-20 00:00:00,298377
2017-01-23 00:00:00,235530
2017-01-26 00:00:00,313755
2017-01-29 00:00:00,241627
2017-02-01 00:00:00,350560
2017-02-04 00:00:00,284778
2017-02-07 00:00:00,325268
2017-02-10 00:00:00,301789
2017-02-13 00:00:00,288290
2017-02-16 00:00:00,283203
2017-02-19 00:00:00,251721
2017-02-22 00:00:00,282194
2017-02-25 00:00:00,326521
2017-02-28 00:00:00,325414
2017-03-03 00:00:00,337310
2017-03-06 00:00:00,287731
2017-03-09 00:00:00,303632
2017-03-12 00:00:00,221110
2017-03-15 00:00:00,292434
2017-03-18 00:00:00,263530
2017-03-21 00:00:00,288055
2017-03-24 00:00:00,289521
2017-03-27 00:00:00,232291
2017-03-30 00:00:00,288788
2017-04-02 00:00:00,244203
2017-04-05 00:00:00,316555
2017-04-08 00:00:00,226959
2017-04-11 00:00:00,307893
2017-04-14 00:00:00,290208
2017-04-17 00:00:00,245184
2017-04-20 00:00:00,267915
2017-04-23 00:00:00,245039
2017-04-26 00:00:00,334471
2017-04-29 00:00:00,341319
2017-05-02 00:00:00,333161
2017-05-05 00:00:00,267193
2017-05-08 00:00:00,365096
2017-05-11 00:00:00,294743
2017-05-14 00:00:00,369098
2017-05-17 00:00:00,317527
2017-05-20 00:00:00,352805
2017-05-23 00:00:00,367710
2017-05-26 00:00:00,333340
2017-05-29 00:00:00,321638
2017-06-01 00:00:00,319709
2017-06-04 00:00:00,266044
2017-06-07 00:00:00,339720
2017-06-10 00:00:00,254993
2017-06-13 00:00:00,291776
2017-06-16 00:00:00,269937
2017-06-19 00:00:00,269774
2017-06-22 00:00:00,269685
2017-06-25 00:00:00,180719
2017-06-28 00:00:00,279811
2017-07-01 00:00:00,221856
2017-07-04 00:00:00,255483
2017-07-07 00:00:00,243614
2017-07-10 00:00:00,251722
2017-07-13 00:00:00,245895
2017-07-16 00:00:00,203165
2017-07-19 00:00:00,253768
2017-07-22 00:00:00,223358
2017-07-25 00:00:00,244036
2017-07-28 00:00:00,247207
2017-07-31 00:00:00,231012
2017-08-03 00:00:00,213017
2017-08-06 00:00:00,199627
2017-08-09 00:00:00,260955
2017-08-12 00:00:00,260521
2017-08-15 00:00:00,311002
2017-08-18 00:00:00,312250
2017-08-21 00:00:00,236772
2017-08-24 00:00:00,203805
2017-08-27 00:00:00,261891
2017-08-30 00:00:00,271466
2017-09-02 00:00:00,236811
2017-09-05 00:00:00,277948
2017-09-08 00:00:00,279488
2017-09-11 00:00:00,253492
2017-09-14 00:00:00,268068
2017-09-17 00:00:00,197683
2017-09-20 00:00:00,235723
2017-09-23 00:00:00,203861
2017-09-26 00:00:00,263648
2017-09-29 00:00:00,254438
2017-10-02 00:00:00,295002
2017-10-05 00:00:00,273243
2017-10-08 00:00:00,238385
2017-10-11 00:00:00,292459
2017-10-14 00:00:00,293140
2017-10-17 00:00:00,334438
2017-10-20 00:00:00,312409
2017-10-23 00:00:00,316096
2017-10-26 00:00:00,265827
2017-10-29 00:00:00,334025
2017-11-01 00:00:00,351529
2017-11-04 00:00:00,294121
2017-11-07 00:00:00,335636
2017-11-10 00:00:00,271745
2017-11-13 00:00:00,309299
2017-11-16 00:00:00,310396
2017-11-19 00:00:00,264855
2017-11-22 00:00:00,312033
2017-11-25 00:00:00,336689
2017-11-28 00:00:00,365977
2017-12-01 00:00:00,412908
2017-12-04 00:00:00,400686
2017-12-07 00:00:00,374917
2017-12-10 00:00:00,341420
2017-12-13 00:00:00,424579
2017-12-16 00:00:00,364222
2017-12-19 00:00:00,378622
2017-12-22 00:00:00,380648
2017-12-25 00:00:00,228926
2017-12-28 00:00:00,305053
2017-12-31 00:00:00,290422
2018-01-03 00:00:00,395963
2018-01-06 00:00:00,358847
2018-01-09 00:00:00,360265
2018-01-12 00:00:00,300091
2018-01-15 00:00:00,273623
2018-01-18 00:00:00,309495
2018-01-21 00:00:00,215622
2018-01-24 00:00:00,250423
2018-01-27 00:00:00,193578
2018-01-30 00:00:00,236609
2018-02-02 00:00:00,235918
2018-02-05 00:00:00,216363
2018-02-08 00:00:00,173289
2018-02-11 00:00:00,147208
2018-02-14 00:00:00,196417
2018-02-17 00:00:00,173789
2018-02-20 00:00:00,198455
2018-02-23 00:00:00,185193
2018-02-26 00:00:00,186474
2018-03-01 00:00:00,233744
2018-03-04 00:00:00,160231
2018-03-07 00:00:00,213978
2018-03-10 00:00:00,156228
2018-03-13 00:00:00,196140
2018-03-16 00:00:00,186979
2018-03-19 00:00:00,191528
2018-03-22 00:00:00,185187
2018-03-25 00:00:00,135274
2018-03-28 00:00:00,177521
2018-03-31 00:00:00,148617
2018-04-03 00:00:00,198919
2018-04-06 00:00:00,172889
2018-04-09 00:00:00,176563
2018-04-12 00:00:00,210879
2018-04-15 00:00:00,174031
2018-04-18 00:00:00,200740
2018-04-21 00:00:00,193975
2018-04-24 00:00:00,254493
2018-04-27 00:00:00,211119
2018-04-30 00:00:00,215107
2018-05-03 00:00:00,228521
2018-05-06 00:00:00,171761
2018-05-09 00:00:00,206579
2018-05-12 00:00:00,182054
2018-05-15 00:00:00,214779
2018-05-18 00:00:00,211496
2018-05-21 00:00:00,202647
2018-05-24 00:00:00,206825
2018-05-27 00:00:00,144304
2018-05-30 00:00:00,204077
2018-06-02 00:00:00,174497
2018-06-05 00:00:00,212901
2018-06-08 00:00:00,200379
2018-06-11 00:00:00,213196
2018-06-14 00:00:00,210029
2018-06-17 00:00:00,144908
2018-06-20 00:00:00,198889
2018-06-23 00:00:00,163295
2018-06-26 00:00:00,195404
2018-06-29 00:00:00,197881
2018-07-02 00:00:00,199294
2018-07-05 00:00:00,199600
2018-07-08 00:00:00,155685
2018-07-11 00:00:00,202603
2018-07-14 00:00:00,176475
2018-07-17 00:00:00,233966
2018-07-20 00:00:00,225529
2018-07-23 00:00:00,229480
2018-07-26 00:00:00,231679
2018-07-29 00:00:00,168407
2018-08-01 00:00:00,241044
2018-08-04 00:00:00,191657
2018-08-07 00:00:00,233045
2018-08-10 00:00:00,226148
2018-08-13 00:00:00,222229
2018-08-16 00:00:00,232335
2018-08-19 00:00:00,167400
2018-08-22 00:00:00,230333
2018-08-25 00:00:00,196420
2018-08-28 00:00:00,238039
2018-08-31 00:00:00,237076
2018-09-03 00:00:00,222897
2018-09-06 00:00:00,252261
2018-09-09 00:00:00,188912
2018-09-12 00:00:00,233275
2018-09-15 00:00:00,211071
2018-09-18 00:00:00,244259
2018-09-21 00:00:00,273051
2018-09-24 00:00:00,237670
2018-09-27 00:00:00,248686
2018-09-30 00:00:00,208210
2018-10-03 00:00:00,242303
2018-10-06 00:00:00,214843
2018-10-09 00:00:00,235862
2018-10-12 00:00:00,243174
2018-10-15 00:00:00,266945
2018-10-18 00:00:00,253450
2018-10-21 00:00:00,211505
2018-10-24 00:00:00,254091
2018-10-27 00:00:00,233749
2018-10-30 00:00:00,283327
2018-11-02 00:00:00,292704
2018-11-05 00:00:00,293239
2018-11-08 00:00:00,277597
2018-11-11 00:00:00,246991
2018-11-14 00:00:00,292755
2018-11-17 00:00:00,262649
2018-11-20 00:00:00,288450
2018-11-23 00:00:00,275261
2018-11-26 00:00:00,257062
2018-11-29 00:00:00,246226
2018-12-02 00:00:00,222673
2018-12-05 00:00:00,256501
2018-12-08 00:00:00,231104
2018-12-11 00:00:00,251487
2018-12-14 00:00:00,275801
2018-12-17 00:00:00,298823
2018-12-20 00:00:00,287273
2018-12-23 00:00:00,250739
2018-12-26 00:00:00,281305
2018-12-29 00:00:00,264980
2019-01-01 00:00:00,234725
2019-01-04 00:00:00,281772
2019-01-07 00:00:00,284782
2019-01-10 00:00:00,327338
2019-01-13 00:00:00,276997
2019-01-16 00:00:00,305702
2019-01-19 00:00:00,282188
2019-01-22 00:00:00,296040
2019-01-25 00:00:00,301085
2019-01-28 00:00:00,308062
2019-01-31 00:00:00,353945
2019-02-03 00:00:00,300171
2019-02-06 00:00:00,349596
2019-02-09 00:00:00,310892
2019-02-12 00:00:00,271573
2019-02-15 00:00:00,296729
2019-02-18 00:00:00,344274
2019-02-21 00:00:00,297595
2019-02-24 00:00:00,320446
2019-02-27 00:00:00,344560
2019-03-02 00:00:00,335864
2019-03-05 00:00:00,285716
2019-03-08 00:00:00,285264
2019-03-11 00:00:00,294741
2019-03-14 00:00:00,299929
2019-03-17 00:00:00,227290
2019-03-20 00:00:00,304960
2019-03-23 00:00:00,251573
2019-03-26 00:00:00,366415
2019-03-29 00:00:00,369817
2019-04-01 00:00:00,368904
2019-04-04 00:00:00,354660
2019-04-07 00:00:00,350631
2019-04-10 00:00:00,396501
2019-04-13 00:00:00,367076
2019-04-16 00:00:00,358517
2019-04-19 00:00:00,362128
2019-04-22 00:00:00,342014
2019-04-25 00:00:00,384089
2019-04-28 00:00:00,383291
2019-05-01 00:00:00,439549
2019-05-04 00:00:00,355910
2019-05-07 00:00:00,329943
2019-05-10 00:00:00,322963
2019-05-13 00:00:00,390428
2019-05-16 00:00:00,375062
2019-05-19 00:00:00,346859
2019-05-22 00:00:00,394887
2019-05-25 00:00:00,338398
2019-05-28 00:00:00,390427
2019-05-31 00:00:00,298997
2019-06-03 00:00:00,294009
2019-06-06 00:00:00,364526
2019-06-09 00:00:00,300917
2019-06-12 00:00:00,328464
2019-06-15 00:00:00,330954
2019-06-18 00:00:00,394843
2019-06-21 00:00:00,337741
2019-06-24 00:00:00,388342
2019-06-27 00:00:00,361050
2019-06-30 00:00:00,330731
2019-07-03 00:00:00,397554
2019-07-06 00:00:00,348674
2019-07-09 00:00:00,365588
2019-07-12 00:00:00,360899
2019-07-15 00:00:00,349111
2019-07-18 00:00:00,315745
2019-07-21 00:00:00,283934
2019-07-24 00:00:00,295589
2019-07-27 00:00:00,283892
2019-07-30 00:00:00,328375
2019-08-02 00:00:00,349556
2019-08-05 00:00:00,339136
2019-08-08 00:00:00,336181
2019-08-11 00:00:00,273280
2019-08-14 00:00:00,359997
2019-08-17 00:00:00,288256
2019-08-20 00:00:00,333304
2019-08-23 00:00:00,340220
2019-08-26 00:00:00,318219
2019-08-29 00:00:00,346734
2019-09-01 00:00:00,285468
2019-09-04 00:00:00,324741
2019-09-07 00:00:00,314429
2019-09-10 00:00:00,339858
2019-09-13 00:00:00,308856
2019-09-16 00:00:00,347341
2019-09-19 00:00:00,346110
2019-09-22 00:00:00,318713
2019-09-25 00:00:00,347747
2019-09-28 00:00:00,314433
2019-10-01 00:00:00,337244
2019-10-04 00:00:00,337222
2019-10-07 00:00:00,328803
2019-10-10 00:00:00,345048
2019-10-13 00:00:00,279487
2019-10-16 00:00:00,338473
2019-10-19 00:00:00,304736
2019-10-22 00:00:00,341464
2019-10-25 00:00:00,328598
2019-10-28 00:00:00,309611
2019-10-31 00:00:00,293779
2019-11-03 00:00:00,294367
2019-11-06 00:00:00,314698
2019-11-09 00:00:00,306163
2019-11-12 00:00:00,301382
2019-11-15 00:00:00,325145
2019-11-18 00:00:00,304671
2019-11-21 00:00:00,323954
2019-11-24 00:00:00,267368
2019-11-27 00:00:00,317597
2019-11-30 00:00:00,277458
2019-12-03 00:00:00,336512
2019-12-06 00:00:00,315386
2019-12-09 00:00:00,313629
2019-12-12 00:00:00,311795
2019-12-15 00:00:00,263441
2019-12-18 00:00:00,314249
2019-12-21 00:00:00,311118
2019-12-24 00:00:00,290436
2019-12-27 00:00:00,322204
2019-12-30 00:00:00,324497
2020-01-02 00:00:00,295567
2020-01-05 00:00:00,287779
2020-01-08 00:00:00,318019
2020-01-11 00:00:00,309070
2020-01-14 00:00:00,346953
2020-01-17 00:00:00,323992
2020-01-20 00:00:00,313661
2020-01-23 00:00:00,329918
2020-01-26 00:00:00,261247
2020-01-29 00:00:00,340562
2020-02-01 00:00:00,303724
2020-02-04 00:00:00,309190
2020-02-07 00:00:00,334938
2020-02-10 00:00:00,298104
2020-02-13 00:00:00,340081
2020-02-16 00:00:00,292236
2020-02-19 00:00:00,334805
2020-02-22 00:00:00,304597
2020-02-25 00:00:00,334593
2020-02-28 00:00:00,368590
2020-03-02 00:00:00,342821
2020-03-05 00:00:00,349529
2020-03-08 00:00:00,302694
2020-03-11 00:00:00,287492
2020-03-14 00:00:00,279828
2020-03-17 00:00:00,278326
2020-03-20 00:00:00,284594
2020-03-23 00:00:00,259816
2020-03-26 00:00:00,292828
2020-03-29 00:00:00,232820
2020-04-01 00:00:00,281855
2020-04-04 00:00:00,253274
2020-04-07 00:00:00,312770
2020-04-10 00:00:00,288585
2020-04-13 00:00:00,288113
2020-04-16 00:00:00,322903
2020-04-19 00:00:00,251984
2020-04-22 00:00:00,278755
2020-04-25 00:00:00,280805
2020-04-28 00:00:00,323475
2020-05-01 00:00:00,340574
2020-05-04 00:00:00,326098
2020-05-07 00:00:00,341986
2020-05-10 00:00:00,286789
2020-05-13 00:00:00,296796
2020-05-16 00:00:00,296555
2020-05-19 00:00:00,274897
2020-05-22 00:00:00,278784
2020-05-25 00:00:00,265875
2020-05-28 00:00:00,299910
2020-05-31 00:00:00,258427
2020-06-03 00:00:00,314000
2020-06-06 00:00:00,284873
2020-06-09 00:00:00,327074
2020-06-12 00:00:00,318274
2020-06-15 00:00:00,294468
2020-06-18 00:00:00,283897
2020-06-21 00:00:00,259440
2020-06-24 00:00:00,312321
2020-06-27 00:00:00,275489
2020-06-30 00:00:00,299733
2020-07-03 00:00:00,331009
2020-07-06 00:00:00,338767
2020-07-09 00:00:00,362718
2020-07-12 00:00:00,282364
2020-07-15 00:00:00,316064
2020-07-18 00:00:00,311022
2020-07-21 00:00:00,312871
2020-07-24 00:00:00,369432
2020-07-27 00:00:00,326769
2020-07-30 00:00:00,327789
2020-08-02 00:00:00,287869
2020-08-05 00:00:00,291814
2020-08-08 00:00:00,283631
2020-08-11 00:00:00,349952
2020-08-14 00:00:00,365679
2020-08-17 00:00:00,292944
2020-08-20 00:00:00,333683
2020-08-23 00:00:00,288728
2020-08-26 00:00:00,324184
2020-08-29 00:00:00,292783
2020-09-01 00:00:00,376508
2020-09-04 00:00:00,298286
2020-09-07 00:00:00,327662
2020-09-10 00:00:00,345981
2020-09-13 00:00:00,255110
2020-09-16 00:00:00,342609
2020-09-19 00:00:00,296357
2020-09-22 00:00:00,312989
2020-09-25 00:00:00,353070