Timestamp,n-transactions-excluding-popular
2009-01-03 00:00:00,2
2009-01-06 00:00:00,0
2009-01-09 00:00:00,14
2009-01-12 00:00:00,101
2009-01-15 00:00:00,134
2009-01-18 00:00:00,108
2009-01-21 00:00:00,105
2009-01-24 00:00:00,202
2009-01-27 00:00:00,98
2009-01-30 00:00:00,117
2009-02-02 00:00:00,129
2009-02-05 00:00:00,126
2009-02-08 00:00:00,133
2009-02-11 00:00:00,135
2009-02-14 00:00:00,136
2009-02-17 00:00:00,117
2009-02-20 00:00:00,122
2009-02-23 00:00:00,108
2009-02-26 00:00:00,107
2009-03-01 00:00:00,105
2009-03-04 00:00:00,106
2009-03-07 00:00:00,109
2009-03-10 00:00:00,107
2009-03-13 00:00:00,114
2009-03-16 00:00:00,122
2009-03-19 00:00:00,122
2009-03-22 00:00:00,120
2009-03-25 00:00:00,117
2009-03-28 00:00:00,122
2009-03-31 00:00:00,111
2009-04-03 00:00:00,116
2009-04-06 00:00:00,109
2009-04-09 00:00:00,99
2009-04-12 00:00:00,120
2009-04-15 00:00:00,113
2009-04-18 00:00:00,130
2009-04-21 00:00:00,124
2009-04-24 00:00:00,115
2009-04-27 00:00:00,104
2009-04-30 00:00:00,131
2009-05-03 00:00:00,109
2009-05-06 00:00:00,135
2009-05-09 00:00:00,77
2009-05-12 00:00:00,130
2009-05-15 00:00:00,137
2009-05-18 00:00:00,118
2009-05-21 00:00:00,82
2009-05-24 00:00:00,100
2009-05-27 00:00:00,119
2009-05-30 00:00:00,109
2009-06-02 00:00:00,110
2009-06-05 00:00:00,31
2009-06-08 00:00:00,82
2009-06-11 00:00:00,89
2009-06-14 00:00:00,72
2009-06-17 00:00:00,79
2009-06-20 00:00:00,78
2009-06-23 00:00:00,76
2009-06-26 00:00:00,90
2009-06-29 00:00:00,84
2009-07-02 00:00:00,84
2009-07-05 00:00:00,79
2009-07-08 00:00:00,74
2009-07-11 00:00:00,83
2009-07-14 00:00:00,69
2009-07-17 00:00:00,48
2009-07-20 00:00:00,71
2009-07-23 00:00:00,75
2009-07-26 00:00:00,20
2009-07-29 00:00:00,21
2009-08-01 00:00:00,28
2009-08-04 00:00:00,81
2009-08-07 00:00:00,81
2009-08-10 00:00:00,75
2009-08-13 00:00:00,85
2009-08-16 00:00:00,20
2009-08-19 00:00:00,18
2009-08-22 00:00:00,7
2009-08-25 00:00:00,51
2009-08-28 00:00:00,75
2009-08-31 00:00:00,87
2009-09-03 00:00:00,62
2009-09-06 00:00:00,68
2009-09-09 00:00:00,54
2009-09-12 00:00:00,69
2009-09-15 00:00:00,45
2009-09-18 00:00:00,78
2009-09-21 00:00:00,70
2009-09-24 00:00:00,97
2009-09-27 00:00:00,88
2009-09-30 00:00:00,85
2009-10-03 00:00:00,58
2009-10-06 00:00:00,46
2009-10-09 00:00:00,77
2009-10-12 00:00:00,59
2009-10-15 00:00:00,71
2009-10-18 00:00:00,75
2009-10-21 00:00:00,81
2009-10-24 00:00:00,63
2009-10-27 00:00:00,65
2009-10-30 00:00:00,60
2009-11-02 00:00:00,33
2009-11-05 00:00:00,58
2009-11-08 00:00:00,73
2009-11-11 00:00:00,73
2009-11-14 00:00:00,79
2009-11-17 00:00:00,92
2009-11-20 00:00:00,86
2009-11-23 00:00:00,96
2009-11-26 00:00:00,84
2009-11-29 00:00:00,60
2009-12-02 00:00:00,94
2009-12-05 00:00:00,65
2009-12-08 00:00:00,107
2009-12-11 00:00:00,112
2009-12-14 00:00:00,107
2009-12-17 00:00:00,172
2009-12-20 00:00:00,175
2009-12-23 00:00:00,154
2009-12-26 00:00:00,174
2009-12-29 00:00:00,171
2010-01-01 00:00:00,133
2010-01-04 00:00:00,183
2010-01-07 00:00:00,154
2010-01-10 00:00:00,190
2010-01-13 00:00:00,166
2010-01-16 00:00:00,126
2010-01-19 00:00:00,124
2010-01-22 00:00:00,136
2010-01-25 00:00:00,215
2010-01-28 00:00:00,179
2010-01-31 00:00:00,167
2010-02-03 00:00:00,272
2010-02-06 00:00:00,206
2010-02-09 00:00:00,210
2010-02-12 00:00:00,188
2010-02-15 00:00:00,185
2010-02-18 00:00:00,215
2010-02-21 00:00:00,227
2010-02-24 00:00:00,177
2010-02-27 00:00:00,175
2010-03-02 00:00:00,193
2010-03-05 00:00:00,173
2010-03-08 00:00:00,130
2010-03-11 00:00:00,136
2010-03-14 00:00:00,127
2010-03-17 00:00:00,139
2010-03-20 00:00:00,204
2010-03-23 00:00:00,220
2010-03-26 00:00:00,213
2010-03-29 00:00:00,207
2010-04-01 00:00:00,179
2010-04-04 00:00:00,183
2010-04-07 00:00:00,204
2010-04-10 00:00:00,298
2010-04-13 00:00:00,209
2010-04-16 00:00:00,234
2010-04-19 00:00:00,276
2010-04-22 00:00:00,199
2010-04-25 00:00:00,205
2010-04-28 00:00:00,227
2010-05-01 00:00:00,210
2010-05-04 00:00:00,177
2010-05-07 00:00:00,158
2010-05-10 00:00:00,157
2010-05-13 00:00:00,167
2010-05-16 00:00:00,134
2010-05-19 00:00:00,207
2010-05-22 00:00:00,226
2010-05-25 00:00:00,254
2010-05-28 00:00:00,277
2010-05-31 00:00:00,194
2010-06-03 00:00:00,235
2010-06-06 00:00:00,200
2010-06-09 00:00:00,220
2010-06-12 00:00:00,213
2010-06-15 00:00:00,269
2010-06-18 00:00:00,193
2010-06-21 00:00:00,242
2010-06-24 00:00:00,240
2010-06-27 00:00:00,234
2010-06-30 00:00:00,273
2010-07-03 00:00:00,286
2010-07-06 00:00:00,209
2010-07-09 00:00:00,268
2010-07-12 00:00:00,2300
2010-07-15 00:00:00,1329
2010-07-18 00:00:00,420
2010-07-21 00:00:00,463
2010-07-24 00:00:00,894
2010-07-27 00:00:00,426
2010-07-30 00:00:00,325
2010-08-02 00:00:00,398
2010-08-05 00:00:00,515
2010-08-08 00:00:00,391
2010-08-11 00:00:00,412
2010-08-14 00:00:00,434
2010-08-17 00:00:00,318
2010-08-20 00:00:00,423
2010-08-23 00:00:00,369
2010-08-26 00:00:00,368
2010-08-29 00:00:00,260
2010-09-01 00:00:00,380
2010-09-04 00:00:00,274
2010-09-07 00:00:00,282
2010-09-10 00:00:00,360
2010-09-13 00:00:00,436
2010-09-16 00:00:00,438
2010-09-19 00:00:00,355
2010-09-22 00:00:00,673
2010-09-25 00:00:00,532
2010-09-28 00:00:00,491
2010-10-01 00:00:00,584
2010-10-04 00:00:00,407
2010-10-07 00:00:00,340
2010-10-10 00:00:00,363
2010-10-13 00:00:00,364
2010-10-16 00:00:00,441
2010-10-19 00:00:00,924
2010-10-22 00:00:00,602
2010-10-25 00:00:00,410
2010-10-28 00:00:00,486
2010-10-31 00:00:00,307
2010-11-03 00:00:00,347
2010-11-06 00:00:00,394
2010-11-09 00:00:00,409
2010-11-12 00:00:00,286
2010-11-15 00:00:00,4871
2010-11-18 00:00:00,1494
2010-11-21 00:00:00,10044
2010-11-24 00:00:00,3936
2010-11-27 00:00:00,445
2010-11-30 00:00:00,454
2010-12-03 00:00:00,384
2010-12-06 00:00:00,465
2010-12-09 00:00:00,486
2010-12-12 00:00:00,643
2010-12-15 00:00:00,658
2010-12-18 00:00:00,499
2010-12-21 00:00:00,630
2010-12-24 00:00:00,531
2010-12-27 00:00:00,526
2010-12-30 00:00:00,593
2011-01-02 00:00:00,569
2011-01-05 00:00:00,1310
2011-01-08 00:00:00,1436
2011-01-11 00:00:00,1362
2011-01-14 00:00:00,1262
2011-01-17 00:00:00,830
2011-01-20 00:00:00,924
2011-01-23 00:00:00,1081
2011-01-26 00:00:00,1005
2011-01-29 00:00:00,1347
2011-02-01 00:00:00,1013
2011-02-04 00:00:00,954
2011-02-07 00:00:00,892
2011-02-10 00:00:00,2034
2011-02-13 00:00:00,1822
2011-02-16 00:00:00,2090
2011-02-19 00:00:00,1583
2011-02-22 00:00:00,2196
2011-02-25 00:00:00,2060
2011-02-28 00:00:00,1720
2011-03-03 00:00:00,3204
2011-03-06 00:00:00,2031
2011-03-09 00:00:00,1834
2011-03-12 00:00:00,2956
2011-03-15 00:00:00,2854
2011-03-18 00:00:00,2371
2011-03-21 00:00:00,5855
2011-03-24 00:00:00,2164
2011-03-27 00:00:00,2463
2011-03-30 00:00:00,1756
2011-04-02 00:00:00,1772
2011-04-05 00:00:00,2119
2011-04-08 00:00:00,1767
2011-04-11 00:00:00,1943
2011-04-14 00:00:00,2881
2011-04-17 00:00:00,2257
2011-04-20 00:00:00,2969
2011-04-23 00:00:00,2310
2011-04-26 00:00:00,3455
2011-04-29 00:00:00,3534
2011-05-02 00:00:00,3095
2011-05-05 00:00:00,3464
2011-05-08 00:00:00,2898
2011-05-11 00:00:00,3090
2011-05-14 00:00:00,4414
2011-05-17 00:00:00,4464
2011-05-20 00:00:00,4795
2011-05-23 00:00:00,5745
2011-05-26 00:00:00,6967
2011-05-29 00:00:00,4753
2011-06-01 00:00:00,6540
2011-06-04 00:00:00,8811
2011-06-07 00:00:00,9002
2011-06-10 00:00:00,11269
2011-06-13 00:00:00,11246
2011-06-16 00:00:00,12746
2011-06-19 00:00:00,11472
2011-06-22 00:00:00,11519
2011-06-25 00:00:00,9693
2011-06-28 00:00:00,10719
2011-07-01 00:00:00,10603
2011-07-04 00:00:00,9604
2011-07-07 00:00:00,9180
2011-07-10 00:00:00,8392
2011-07-13 00:00:00,9193
2011-07-16 00:00:00,8726
2011-07-19 00:00:00,9185
2011-07-22 00:00:00,8991
2011-07-25 00:00:00,9485
2011-07-28 00:00:00,8119
2011-07-31 00:00:00,8099
2011-08-03 00:00:00,7737
2011-08-06 00:00:00,6834
2011-08-09 00:00:00,9219
2011-08-12 00:00:00,7165
2011-08-15 00:00:00,8379
2011-08-18 00:00:00,7415
2011-08-21 00:00:00,7667
2011-08-24 00:00:00,7367
2011-08-27 00:00:00,6361
2011-08-30 00:00:00,7804
2011-09-02 00:00:00,7026
2011-09-05 00:00:00,7039
2011-09-08 00:00:00,6497
2011-09-11 00:00:00,6443
2011-09-14 00:00:00,6200
2011-09-17 00:00:00,5454
2011-09-20 00:00:00,8145
2011-09-23 00:00:00,6328
2011-09-26 00:00:00,5639
2011-09-29 00:00:00,5589
2011-10-02 00:00:00,5035
2011-10-05 00:00:00,5771
2011-10-08 00:00:00,5402
2011-10-11 00:00:00,5930
2011-10-14 00:00:00,6111
2011-10-17 00:00:00,5781
2011-10-20 00:00:00,4649
2011-10-23 00:00:00,5608
2011-10-26 00:00:00,5272
2011-10-29 00:00:00,5698
2011-11-01 00:00:00,5777
2011-11-04 00:00:00,6540
2011-11-07 00:00:00,5496
2011-11-10 00:00:00,6541
2011-11-13 00:00:00,5374
2011-11-16 00:00:00,6048
2011-11-19 00:00:00,4724
2011-11-22 00:00:00,5491
2011-11-25 00:00:00,5486
2011-11-28 00:00:00,5930
2011-12-01 00:00:00,6352
2011-12-04 00:00:00,5385
2011-12-07 00:00:00,6135
2011-12-10 00:00:00,5678
2011-12-13 00:00:00,5406
2011-12-16 00:00:00,5334
2011-12-19 00:00:00,5844
2011-12-22 00:00:00,5859
2011-12-25 00:00:00,5286
2011-12-28 00:00:00,5000
2011-12-31 00:00:00,5137
2012-01-03 00:00:00,5773
2012-01-06 00:00:00,6644
2012-01-09 00:00:00,6112
2012-01-12 00:00:00,6696
2012-01-15 00:00:00,6312
2012-01-18 00:00:00,6647
2012-01-21 00:00:00,6366
2012-01-24 00:00:00,7268
2012-01-27 00:00:00,6337
2012-01-30 00:00:00,6153
2012-02-02 00:00:00,7164
2012-02-05 00:00:00,6774
2012-02-08 00:00:00,7024
2012-02-11 00:00:00,7679
2012-02-14 00:00:00,9489
2012-02-17 00:00:00,6778
2012-02-20 00:00:00,6339
2012-02-23 00:00:00,8014
2012-02-26 00:00:00,5821
2012-02-29 00:00:00,6719
2012-03-03 00:00:00,5187
2012-03-06 00:00:00,6368
2012-03-09 00:00:00,6502
2012-03-12 00:00:00,6141
2012-03-15 00:00:00,6284
2012-03-18 00:00:00,6039
2012-03-21 00:00:00,7000
2012-03-24 00:00:00,6371
2012-03-27 00:00:00,6666
2012-03-30 00:00:00,6828
2012-04-02 00:00:00,6472
2012-04-05 00:00:00,7028
2012-04-08 00:00:00,5915
2012-04-11 00:00:00,7858
2012-04-14 00:00:00,7845
2012-04-17 00:00:00,7805
2012-04-20 00:00:00,8285
2012-04-23 00:00:00,7104
2012-04-26 00:00:00,10099
2012-04-29 00:00:00,7729
2012-05-02 00:00:00,9978
2012-05-05 00:00:00,12998
2012-05-08 00:00:00,17719
2012-05-11 00:00:00,19061
2012-05-14 00:00:00,28349
2012-05-17 00:00:00,16935
2012-05-20 00:00:00,31460
2012-05-23 00:00:00,27432
2012-05-26 00:00:00,23279
2012-05-29 00:00:00,29816
2012-06-01 00:00:00,27069
2012-06-04 00:00:00,45938
2012-06-07 00:00:00,33203
2012-06-10 00:00:00,40721
2012-06-13 00:00:00,56794
2012-06-16 00:00:00,43282
2012-06-19 00:00:00,35962
2012-06-22 00:00:00,23565
2012-06-25 00:00:00,28713
2012-06-28 00:00:00,26522
2012-07-01 00:00:00,19276
2012-07-04 00:00:00,23164
2012-07-07 00:00:00,25615
2012-07-10 00:00:00,35080
2012-07-13 00:00:00,24556
2012-07-16 00:00:00,31379
2012-07-19 00:00:00,31035
2012-07-22 00:00:00,34860
2012-07-25 00:00:00,27327
2012-07-28 00:00:00,35230
2012-07-31 00:00:00,41507
2012-08-03 00:00:00,27780
2012-08-06 00:00:00,35400
2012-08-09 00:00:00,29942
2012-08-12 00:00:00,34636
2012-08-15 00:00:00,52969
2012-08-18 00:00:00,37162
2012-08-21 00:00:00,42415
2012-08-24 00:00:00,32275
2012-08-27 00:00:00,33096
2012-08-30 00:00:00,33914
2012-09-02 00:00:00,33588
2012-09-05 00:00:00,41135
2012-09-08 00:00:00,31173
2012-09-11 00:00:00,38225
2012-09-14 00:00:00,36118
2012-09-17 00:00:00,24446
2012-09-20 00:00:00,31282
2012-09-23 00:00:00,27999
2012-09-26 00:00:00,32413
2012-09-29 00:00:00,23992
2012-10-02 00:00:00,32878
2012-10-05 00:00:00,37031
2012-10-08 00:00:00,38211
2012-10-11 00:00:00,27684
2012-10-14 00:00:00,27414
2012-10-17 00:00:00,31813
2012-10-20 00:00:00,30699
2012-10-23 00:00:00,32031
2012-10-26 00:00:00,21927
2012-10-29 00:00:00,21500
2012-11-01 00:00:00,23638
2012-11-04 00:00:00,24304
2012-11-07 00:00:00,36480
2012-11-10 00:00:00,27109
2012-11-13 00:00:00,27131
2012-11-16 00:00:00,39446
2012-11-19 00:00:00,36772
2012-11-22 00:00:00,30900
2012-11-25 00:00:00,36736
2012-11-28 00:00:00,37256
2012-12-01 00:00:00,33492
2012-12-04 00:00:00,32356
2012-12-07 00:00:00,32145
2012-12-10 00:00:00,36221
2012-12-13 00:00:00,42515
2012-12-16 00:00:00,35476
2012-12-19 00:00:00,44765
2012-12-22 00:00:00,51258
2012-12-25 00:00:00,28743
2012-12-28 00:00:00,47105
2012-12-31 00:00:00,30064
2013-01-03 00:00:00,42309
2013-01-06 00:00:00,33026
2013-01-09 00:00:00,43190
2013-01-12 00:00:00,45671
2013-01-15 00:00:00,45022
2013-01-18 00:00:00,49139
2013-01-21 00:00:00,40441
2013-01-24 00:00:00,46221
2013-01-27 00:00:00,55413
2013-01-30 00:00:00,41219
2013-02-02 00:00:00,54465
2013-02-05 00:00:00,53420
2013-02-08 00:00:00,60921
2013-02-11 00:00:00,57594
2013-02-14 00:00:00,50928
2013-02-17 00:00:00,49635
2013-02-20 00:00:00,59748
2013-02-23 00:00:00,57886
2013-02-26 00:00:00,63438
2013-03-01 00:00:00,64535
2013-03-04 00:00:00,64044
2013-03-07 00:00:00,66770
2013-03-10 00:00:00,73844
2013-03-13 00:00:00,56690
2013-03-16 00:00:00,34187
2013-03-19 00:00:00,46108
2013-03-22 00:00:00,60584
2013-03-25 00:00:00,48993
2013-03-28 00:00:00,60989
2013-03-31 00:00:00,43986
2013-04-03 00:00:00,63941
2013-04-06 00:00:00,51718
2013-04-09 00:00:00,66979
2013-04-12 00:00:00,58690
2013-04-15 00:00:00,54496
2013-04-18 00:00:00,46631
2013-04-21 00:00:00,44224
2013-04-24 00:00:00,65023
2013-04-27 00:00:00,44369
2013-04-30 00:00:00,47599
2013-05-03 00:00:00,51180
2013-05-06 00:00:00,53340
2013-05-09 00:00:00,66774
2013-05-12 00:00:00,65428
2013-05-15 00:00:00,64171
2013-05-18 00:00:00,52215
2013-05-21 00:00:00,53932
2013-05-24 00:00:00,55401
2013-05-27 00:00:00,52758
2013-05-30 00:00:00,57426
2013-06-02 00:00:00,49947
2013-06-05 00:00:00,56560
2013-06-08 00:00:00,48218
2013-06-11 00:00:00,49663
2013-06-14 00:00:00,50172
2013-06-17 00:00:00,45943
2013-06-20 00:00:00,52515
2013-06-23 00:00:00,38507
2013-06-26 00:00:00,45627
2013-06-29 00:00:00,36545
2013-07-02 00:00:00,39650
2013-07-05 00:00:00,37037
2013-07-08 00:00:00,39629
2013-07-11 00:00:00,43434
2013-07-14 00:00:00,34933
2013-07-17 00:00:00,40643
2013-07-20 00:00:00,33702
2013-07-23 00:00:00,38432
2013-07-26 00:00:00,36622
2013-07-29 00:00:00,41812
2013-08-01 00:00:00,50904
2013-08-04 00:00:00,42946
2013-08-07 00:00:00,57606
2013-08-10 00:00:00,51695
2013-08-13 00:00:00,53080
2013-08-16 00:00:00,71119
2013-08-19 00:00:00,71314
2013-08-22 00:00:00,66812
2013-08-25 00:00:00,44447
2013-08-28 00:00:00,64747
2013-08-31 00:00:00,47505
2013-09-03 00:00:00,52163
2013-09-06 00:00:00,60850
2013-09-09 00:00:00,57676
2013-09-12 00:00:00,52300
2013-09-15 00:00:00,53672
2013-09-18 00:00:00,60551
2013-09-21 00:00:00,52498
2013-09-24 00:00:00,62592
2013-09-27 00:00:00,46920
2013-09-30 00:00:00,47156
2013-10-03 00:00:00,59551
2013-10-06 00:00:00,42857
2013-10-09 00:00:00,50343
2013-10-12 00:00:00,49474
2013-10-15 00:00:00,55826
2013-10-18 00:00:00,59661
2013-10-21 00:00:00,60451
2013-10-24 00:00:00,63634
2013-10-27 00:00:00,43691
2013-10-30 00:00:00,48446
2013-11-02 00:00:00,39181
2013-11-05 00:00:00,51597
2013-11-08 00:00:00,59223
2013-11-11 00:00:00,57405
2013-11-14 00:00:00,69413
2013-11-17 00:00:00,51323
2013-11-20 00:00:00,77558
2013-11-23 00:00:00,72545
2013-11-26 00:00:00,83383
2013-11-29 00:00:00,90084
2013-12-02 00:00:00,75570
2013-12-05 00:00:00,83283
2013-12-08 00:00:00,47477
2013-12-11 00:00:00,67305
2013-12-14 00:00:00,54113
2013-12-17 00:00:00,67740
2013-12-20 00:00:00,65083
2013-12-23 00:00:00,54267
2013-12-26 00:00:00,51276
2013-12-29 00:00:00,51325
2014-01-01 00:00:00,43070
2014-01-04 00:00:00,52052
2014-01-07 00:00:00,62911
2014-01-10 00:00:00,54166
2014-01-13 00:00:00,53461
2014-01-16 00:00:00,56703
2014-01-19 00:00:00,48005
2014-01-22 00:00:00,65835
2014-01-25 00:00:00,53864
2014-01-28 00:00:00,65762
2014-01-31 00:00:00,60269
2014-02-03 00:00:00,57600
2014-02-06 00:00:00,70160
2014-02-09 00:00:00,56579
2014-02-12 00:00:00,62126
2014-02-15 00:00:00,61896
2014-02-18 00:00:00,65408
2014-02-21 00:00:00,69390
2014-02-24 00:00:00,73796
2014-02-27 00:00:00,72138
2014-03-02 00:00:00,56635
2014-03-05 00:00:00,72392
2014-03-08 00:00:00,64590
2014-03-11 00:00:00,76204
2014-03-14 00:00:00,70615
2014-03-17 00:00:00,66396
2014-03-20 00:00:00,71002
2014-03-23 00:00:00,57811
2014-03-26 00:00:00,68315
2014-03-29 00:00:00,53250
2014-04-01 00:00:00,64136
2014-04-04 00:00:00,65692
2014-04-07 00:00:00,65810
2014-04-10 00:00:00,68027
2014-04-13 00:00:00,51168
2014-04-16 00:00:00,68594
2014-04-19 00:00:00,53515
2014-04-22 00:00:00,78042
2014-04-25 00:00:00,72650
2014-04-28 00:00:00,64546
2014-05-01 00:00:00,59658
2014-05-04 00:00:00,51769
2014-05-07 00:00:00,69825
2014-05-10 00:00:00,56416
2014-05-13 00:00:00,69357
2014-05-16 00:00:00,65433
2014-05-19 00:00:00,64094
2014-05-22 00:00:00,73343
2014-05-25 00:00:00,57566
2014-05-28 00:00:00,72338
2014-05-31 00:00:00,52172
2014-06-03 00:00:00,69655
2014-06-06 00:00:00,62342
2014-06-09 00:00:00,59875
2014-06-12 00:00:00,64744
2014-06-15 00:00:00,53916
2014-06-18 00:00:00,63888
2014-06-21 00:00:00,51173
2014-06-24 00:00:00,64883
2014-06-27 00:00:00,62966
2014-06-30 00:00:00,69403
2014-07-03 00:00:00,62849
2014-07-06 00:00:00,52139
2014-07-09 00:00:00,68518
2014-07-12 00:00:00,53454
2014-07-15 00:00:00,72316
2014-07-18 00:00:00,64062
2014-07-21 00:00:00,64190
2014-07-24 00:00:00,66276
2014-07-27 00:00:00,51991
2014-07-30 00:00:00,66153
2014-08-02 00:00:00,54989
2014-08-05 00:00:00,72823
2014-08-08 00:00:00,68262
2014-08-11 00:00:00,75575
2014-08-14 00:00:00,79082
2014-08-17 00:00:00,60223
2014-08-20 00:00:00,73842
2014-08-23 00:00:00,57593
2014-08-26 00:00:00,72660
2014-08-29 00:00:00,68614
2014-09-01 00:00:00,70383
2014-09-04 00:00:00,70810
2014-09-07 00:00:00,60352
2014-09-10 00:00:00,72558
2014-09-13 00:00:00,61246
2014-09-16 00:00:00,87234
2014-09-19 00:00:00,69437
2014-09-22 00:00:00,73289
2014-09-25 00:00:00,78523
2014-09-28 00:00:00,62605
2014-10-01 00:00:00,78779
2014-10-04 00:00:00,66632
2014-10-07 00:00:00,79069
2014-10-10 00:00:00,81058
2014-10-13 00:00:00,77942
2014-10-16 00:00:00,75737
2014-10-19 00:00:00,63255
2014-10-22 00:00:00,79987
2014-10-25 00:00:00,72515
2014-10-28 00:00:00,87980
2014-10-31 00:00:00,85703
2014-11-03 00:00:00,90351
2014-11-06 00:00:00,93387
2014-11-09 00:00:00,72212
2014-11-12 00:00:00,95579
2014-11-15 00:00:00,73242
2014-11-18 00:00:00,87524
2014-11-21 00:00:00,82179
2014-11-24 00:00:00,85807
2014-11-27 00:00:00,84682
2014-11-30 00:00:00,85013
2014-12-03 00:00:00,99348
2014-12-06 00:00:00,81230
2014-12-09 00:00:00,90220
2014-12-12 00:00:00,81297
2014-12-15 00:00:00,94459
2014-12-18 00:00:00,95207
2014-12-21 00:00:00,78963
2014-12-24 00:00:00,82347
2014-12-27 00:00:00,76814
2014-12-30 00:00:00,85049
2015-01-02 00:00:00,79287
2015-01-05 00:00:00,95585
2015-01-08 00:00:00,107132
2015-01-11 00:00:00,90630
2015-01-14 00:00:00,104765
2015-01-17 00:00:00,90499
2015-01-20 00:00:00,98925
2015-01-23 00:00:00,92011
2015-01-26 00:00:00,108181
2015-01-29 00:00:00,90879
2015-02-01 00:00:00,78994
2015-02-04 00:00:00,90814
2015-02-07 00:00:00,85699
2015-02-10 00:00:00,102975
2015-02-13 00:00:00,113660
2015-02-16 00:00:00,104632
2015-02-19 00:00:00,94552
2015-02-22 00:00:00,84942
2015-02-25 00:00:00,105394
2015-02-28 00:00:00,89632
2015-03-03 00:00:00,110981
2015-03-06 00:00:00,93869
2015-03-09 00:00:00,105536
2015-03-12 00:00:00,97095
2015-03-15 00:00:00,84934
2015-03-18 00:00:00,99607
2015-03-21 00:00:00,92836
2015-03-24 00:00:00,92927
2015-03-27 00:00:00,99491
2015-03-30 00:00:00,106355
2015-04-02 00:00:00,112070
2015-04-05 00:00:00,95023
2015-04-08 00:00:00,110751
2015-04-11 00:00:00,99429
2015-04-14 00:00:00,110150
2015-04-17 00:00:00,102755
2015-04-20 00:00:00,116746
2015-04-23 00:00:00,109838
2015-04-26 00:00:00,92999
2015-04-29 00:00:00,117260
2015-05-02 00:00:00,95102
2015-05-05 00:00:00,115348
2015-05-08 00:00:00,109145
2015-05-11 00:00:00,111374
2015-05-14 00:00:00,101584
2015-05-17 00:00:00,87162
2015-05-20 00:00:00,106888
2015-05-23 00:00:00,86279
2015-05-26 00:00:00,108384
2015-05-29 00:00:00,124052
2015-06-01 00:00:00,128696
2015-06-04 00:00:00,118346
2015-06-07 00:00:00,83627
2015-06-10 00:00:00,131279
2015-06-13 00:00:00,105843
2015-06-16 00:00:00,121541
2015-06-19 00:00:00,125222
2015-06-22 00:00:00,119345
2015-06-25 00:00:00,111468
2015-06-28 00:00:00,99145
2015-07-01 00:00:00,144112
2015-07-04 00:00:00,104582
2015-07-07 00:00:00,190747
2015-07-10 00:00:00,193020
2015-07-13 00:00:00,159695
2015-07-16 00:00:00,114387
2015-07-19 00:00:00,120887
2015-07-22 00:00:00,131259
2015-07-25 00:00:00,100544
2015-07-28 00:00:00,118350
2015-07-31 00:00:00,147503
2015-08-03 00:00:00,119844
2015-08-06 00:00:00,134838
2015-08-09 00:00:00,90534
2015-08-12 00:00:00,117898
2015-08-15 00:00:00,94944
2015-08-18 00:00:00,119798
2015-08-21 00:00:00,113792
2015-08-24 00:00:00,125368
2015-08-27 00:00:00,119917
2015-08-30 00:00:00,98339
2015-09-02 00:00:00,150066
2015-09-05 00:00:00,124218
2015-09-08 00:00:00,125379
2015-09-11 00:00:00,180002
2015-09-14 00:00:00,166715
2015-09-17 00:00:00,259279
2015-09-20 00:00:00,109158
2015-09-23 00:00:00,131400
2015-09-26 00:00:00,115622
2015-09-29 00:00:00,140664
2015-10-02 00:00:00,139746
2015-10-05 00:00:00,125548
2015-10-08 00:00:00,140348
2015-10-11 00:00:00,104550
2015-10-14 00:00:00,141985
2015-10-17 00:00:00,135911
2015-10-20 00:00:00,146349
2015-10-23 00:00:00,143468
2015-10-26 00:00:00,116400
2015-10-29 00:00:00,161062
2015-11-01 00:00:00,152488
2015-11-04 00:00:00,204198
2015-11-07 00:00:00,151497
2015-11-10 00:00:00,161962
2015-11-13 00:00:00,154827
2015-11-16 00:00:00,158316
2015-11-19 00:00:00,154483
2015-11-22 00:00:00,129659
2015-11-25 00:00:00,151861
2015-11-28 00:00:00,165676
2015-12-01 00:00:00,178112
2015-12-04 00:00:00,173586
2015-12-07 00:00:00,192830
2015-12-10 00:00:00,212036
2015-12-13 00:00:00,189914
2015-12-16 00:00:00,220420
2015-12-19 00:00:00,213876
2015-12-22 00:00:00,222717
2015-12-25 00:00:00,180383
2015-12-28 00:00:00,173129
2015-12-31 00:00:00,155362
2016-01-03 00:00:00,142608
2016-01-06 00:00:00,172090
2016-01-09 00:00:00,179968
2016-01-12 00:00:00,194874
2016-01-15 00:00:00,183642
2016-01-18 00:00:00,213905
2016-01-21 00:00:00,222743
2016-01-24 00:00:00,201425
2016-01-27 00:00:00,229677
2016-01-30 00:00:00,194794
2016-02-02 00:00:00,241722
2016-02-05 00:00:00,225488
2016-02-08 00:00:00,224755
2016-02-11 00:00:00,220934
2016-02-14 00:00:00,186088
2016-02-17 00:00:00,227235
2016-02-20 00:00:00,215728
2016-02-23 00:00:00,244748
2016-02-26 00:00:00,203635
2016-02-29 00:00:00,265320
2016-03-03 00:00:00,221652
2016-03-06 00:00:00,161739
2016-03-09 00:00:00,190388
2016-03-12 00:00:00,168013
2016-03-15 00:00:00,202426
2016-03-18 00:00:00,206022
2016-03-21 00:00:00,199006
2016-03-24 00:00:00,190094
2016-03-27 00:00:00,160266
2016-03-30 00:00:00,201028
2016-04-02 00:00:00,183503
2016-04-05 00:00:00,216176
2016-04-08 00:00:00,209003
2016-04-11 00:00:00,226553
2016-04-14 00:00:00,225450
2016-04-17 00:00:00,185892
2016-04-20 00:00:00,215115
2016-04-23 00:00:00,181429
2016-04-26 00:00:00,245405
2016-04-29 00:00:00,255225
2016-05-02 00:00:00,221019
2016-05-05 00:00:00,223681
2016-05-08 00:00:00,185456
2016-05-11 00:00:00,230881
2016-05-14 00:00:00,207392
2016-05-17 00:00:00,234161
2016-05-20 00:00:00,206630
2016-05-23 00:00:00,217633
2016-05-26 00:00:00,213031
2016-05-29 00:00:00,173323
2016-06-01 00:00:00,232186
2016-06-04 00:00:00,194724
2016-06-07 00:00:00,227893
2016-06-10 00:00:00,223808
2016-06-13 00:00:00,248525
2016-06-16 00:00:00,263444
2016-06-19 00:00:00,215405
2016-06-22 00:00:00,232368
2016-06-25 00:00:00,204254
2016-06-28 00:00:00,210187
2016-07-01 00:00:00,202414
2016-07-04 00:00:00,211618
2016-07-07 00:00:00,213055
2016-07-10 00:00:00,159319
2016-07-13 00:00:00,214101
2016-07-16 00:00:00,178573
2016-07-19 00:00:00,219576
2016-07-22 00:00:00,218874
2016-07-25 00:00:00,236727
2016-07-28 00:00:00,232439
2016-07-31 00:00:00,190326
2016-08-03 00:00:00,239320
2016-08-06 00:00:00,192725
2016-08-09 00:00:00,227856
2016-08-12 00:00:00,228078
2016-08-15 00:00:00,199828
2016-08-18 00:00:00,235996
2016-08-21 00:00:00,181617
2016-08-24 00:00:00,231795
2016-08-27 00:00:00,187712
2016-08-30 00:00:00,248264
2016-09-02 00:00:00,223109
2016-09-05 00:00:00,224939
2016-09-08 00:00:00,223812
2016-09-11 00:00:00,177045
2016-09-14 00:00:00,228878
2016-09-17 00:00:00,212506
2016-09-20 00:00:00,241234
2016-09-23 00:00:00,219880
2016-09-26 00:00:00,227516
2016-09-29 00:00:00,237287
2016-10-02 00:00:00,190194
2016-10-05 00:00:00,261818
2016-10-08 00:00:00,241852
2016-10-11 00:00:00,258548
2016-10-14 00:00:00,235124
2016-10-17 00:00:00,233318
2016-10-20 00:00:00,265025
2016-10-23 00:00:00,187498
2016-10-26 00:00:00,218420
2016-10-29 00:00:00,223780
2016-11-01 00:00:00,242315
2016-11-04 00:00:00,243410
2016-11-07 00:00:00,268563
2016-11-10 00:00:00,266380
2016-11-13 00:00:00,214933
2016-11-16 00:00:00,284745
2016-11-19 00:00:00,245559
2016-11-22 00:00:00,282436
2016-11-25 00:00:00,311945
2016-11-28 00:00:00,295352
2016-12-01 00:00:00,236205
2016-12-04 00:00:00,242653
2016-12-07 00:00:00,306391
2016-12-10 00:00:00,247017
2016-12-13 00:00:00,287506
2016-12-16 00:00:00,274282
2016-12-19 00:00:00,278465
2016-12-22 00:00:00,310432
2016-12-25 00:00:00,193529
2016-12-28 00:00:00,301503
2016-12-31 00:00:00,247437
2017-01-03 00:00:00,297536
2017-01-06 00:00:00,342362
2017-01-09 00:00:00,267011
2017-01-12 00:00:00,291655
2017-01-15 00:00:00,232132
2017-01-18 00:00:00,293432
2017-01-21 00:00:00,260542
2017-01-24 00:00:00,275603
2017-01-27 00:00:00,260698
2017-01-30 00:00:00,242855
2017-02-02 00:00:00,254199
2017-02-05 00:00:00,286914
2017-02-08 00:00:00,302577
2017-02-11 00:00:00,259093
2017-02-14 00:00:00,311031
2017-02-17 00:00:00,315601
2017-02-20 00:00:00,278516
2017-02-23 00:00:00,322248
2017-02-26 00:00:00,261607
2017-03-01 00:00:00,311841
2017-03-04 00:00:00,262482
2017-03-07 00:00:00,323888
2017-03-10 00:00:00,304333
2017-03-13 00:00:00,267429
2017-03-16 00:00:00,321647
2017-03-19 00:00:00,264398
2017-03-22 00:00:00,311186
2017-03-25 00:00:00,238389
2017-03-28 00:00:00,288024
2017-03-31 00:00:00,253693
2017-04-03 00:00:00,282680
2017-04-06 00:00:00,284981
2017-04-09 00:00:00,234391
2017-04-12 00:00:00,273122
2017-04-15 00:00:00,265810
2017-04-18 00:00:00,296133
2017-04-21 00:00:00,324844
2017-04-24 00:00:00,217457
2017-04-27 00:00:00,291567
2017-04-30 00:00:00,276157
2017-05-03 00:00:00,289205
2017-05-06 00:00:00,357023
2017-05-09 00:00:00,326342
2017-05-12 00:00:00,310036
2017-05-15 00:00:00,320922
2017-05-18 00:00:00,280634
2017-05-21 00:00:00,316206
2017-05-24 00:00:00,327095
2017-05-27 00:00:00,327298
2017-05-30 00:00:00,342452
2017-06-02 00:00:00,266139
2017-06-05 00:00:00,284510
2017-06-08 00:00:00,300781
2017-06-11 00:00:00,218775
2017-06-14 00:00:00,281987
2017-06-17 00:00:00,232344
2017-06-20 00:00:00,263107
2017-06-23 00:00:00,253123
2017-06-26 00:00:00,254353
2017-06-29 00:00:00,225341
2017-07-02 00:00:00,191864
2017-07-05 00:00:00,231998
2017-07-08 00:00:00,216252
2017-07-11 00:00:00,259517
2017-07-14 00:00:00,222649
2017-07-17 00:00:00,225090
2017-07-20 00:00:00,224769
2017-07-23 00:00:00,177243
2017-07-26 00:00:00,232701
2017-07-29 00:00:00,205225
2017-08-01 00:00:00,130345
2017-08-04 00:00:00,229312
2017-08-07 00:00:00,241118
2017-08-10 00:00:00,249804
2017-08-13 00:00:00,254611
2017-08-16 00:00:00,266961
2017-08-19 00:00:00,258336
2017-08-22 00:00:00,189037
2017-08-25 00:00:00,199952
2017-08-28 00:00:00,215537
2017-08-31 00:00:00,267739
2017-09-03 00:00:00,186748
2017-09-06 00:00:00,264180
2017-09-09 00:00:00,208197
2017-09-12 00:00:00,245104
2017-09-15 00:00:00,277657
2017-09-18 00:00:00,210114
2017-09-21 00:00:00,244380
2017-09-24 00:00:00,178847
2017-09-27 00:00:00,245436
2017-09-30 00:00:00,204213
2017-10-03 00:00:00,270946
2017-10-06 00:00:00,273619
2017-10-09 00:00:00,288111
2017-10-12 00:00:00,282915
2017-10-15 00:00:00,275556
2017-10-18 00:00:00,319822
2017-10-21 00:00:00,303876
2017-10-24 00:00:00,334582
2017-10-27 00:00:00,239768
2017-10-30 00:00:00,305616
2017-11-02 00:00:00,329152
2017-11-05 00:00:00,243071
2017-11-08 00:00:00,288774
2017-11-11 00:00:00,191618
2017-11-14 00:00:00,261563
2017-11-17 00:00:00,286083
2017-11-20 00:00:00,326795
2017-11-23 00:00:00,338456
2017-11-26 00:00:00,317735
2017-11-29 00:00:00,382774
2017-12-02 00:00:00,296727
2017-12-05 00:00:00,378024
2017-12-08 00:00:00,371809
2017-12-11 00:00:00,357068
2017-12-14 00:00:00,470650
2017-12-17 00:00:00,375878
2017-12-20 00:00:00,352242
2017-12-23 00:00:00,290746
2017-12-26 00:00:00,232606
2017-12-29 00:00:00,337150
2018-01-01 00:00:00,231679
2018-01-04 00:00:00,402643
2018-01-07 00:00:00,352796
2018-01-10 00:00:00,330491
2018-01-13 00:00:00,253379
2018-01-16 00:00:00,287366
2018-01-19 00:00:00,231462
2018-01-22 00:00:00,235003
2018-01-25 00:00:00,227471
2018-01-28 00:00:00,205967
2018-01-31 00:00:00,197264
2018-02-03 00:00:00,184856
2018-02-06 00:00:00,238351
2018-02-09 00:00:00,173698
2018-02-12 00:00:00,183345
2018-02-15 00:00:00,194351
2018-02-18 00:00:00,153951
2018-02-21 00:00:00,197610
2018-02-24 00:00:00,147767
2018-02-27 00:00:00,206374
2018-03-02 00:00:00,188528
2018-03-05 00:00:00,194866
2018-03-08 00:00:00,188082
2018-03-11 00:00:00,145142
2018-03-14 00:00:00,182145
2018-03-17 00:00:00,147916
2018-03-20 00:00:00,187021
2018-03-23 00:00:00,172416
2018-03-26 00:00:00,179941
2018-03-29 00:00:00,183921
2018-04-01 00:00:00,129732
2018-04-04 00:00:00,178512
2018-04-07 00:00:00,149177
2018-04-10 00:00:00,179058
2018-04-13 00:00:00,203292
2018-04-16 00:00:00,187602
2018-04-19 00:00:00,203635
2018-04-22 00:00:00,163151
2018-04-25 00:00:00,201513
2018-04-28 00:00:00,175753
2018-05-01 00:00:00,190682
2018-05-04 00:00:00,207828
2018-05-07 00:00:00,195013
2018-05-10 00:00:00,198343
2018-05-13 00:00:00,151389
2018-05-16 00:00:00,198362
2018-05-19 00:00:00,166175
2018-05-22 00:00:00,194837
2018-05-25 00:00:00,187644
2018-05-28 00:00:00,177927
2018-05-31 00:00:00,200522
2018-06-03 00:00:00,156195
2018-06-06 00:00:00,197714
2018-06-09 00:00:00,164773
2018-06-12 00:00:00,204103
2018-06-15 00:00:00,196440
2018-06-18 00:00:00,187789
2018-06-21 00:00:00,188899
2018-06-24 00:00:00,149631
2018-06-27 00:00:00,179472
2018-06-30 00:00:00,172009
2018-07-03 00:00:00,206030
2018-07-06 00:00:00,190932
2018-07-09 00:00:00,196412
2018-07-12 00:00:00,194808
2018-07-15 00:00:00,154160
2018-07-18 00:00:00,226717
2018-07-21 00:00:00,177593
2018-07-24 00:00:00,244147
2018-07-27 00:00:00,217969
2018-07-30 00:00:00,221051
2018-08-02 00:00:00,215280
2018-08-05 00:00:00,165611
2018-08-08 00:00:00,222509
2018-08-11 00:00:00,183843
2018-08-14 00:00:00,234876
2018-08-17 00:00:00,223046
2018-08-20 00:00:00,206181
2018-08-23 00:00:00,208175
2018-08-26 00:00:00,165532
2018-08-29 00:00:00,227847
2018-09-01 00:00:00,202384
2018-09-04 00:00:00,222592
2018-09-07 00:00:00,221423
2018-09-10 00:00:00,213138
2018-09-13 00:00:00,224763
2018-09-16 00:00:00,173407
2018-09-19 00:00:00,241348
2018-09-22 00:00:00,217038
2018-09-25 00:00:00,241825
2018-09-28 00:00:00,243981
2018-10-01 00:00:00,233397
2018-10-04 00:00:00,232942
2018-10-07 00:00:00,213562
2018-10-10 00:00:00,234713
2018-10-13 00:00:00,198020
2018-10-16 00:00:00,247689
2018-10-19 00:00:00,245026
2018-10-22 00:00:00,246563
2018-10-25 00:00:00,245106
2018-10-28 00:00:00,213104
2018-10-31 00:00:00,277689
2018-11-03 00:00:00,243433
2018-11-06 00:00:00,276162
2018-11-09 00:00:00,275144
2018-11-12 00:00:00,291654
2018-11-15 00:00:00,277284
2018-11-18 00:00:00,233918
2018-11-21 00:00:00,242752
2018-11-24 00:00:00,242809
2018-11-27 00:00:00,258224
2018-11-30 00:00:00,239622
2018-12-03 00:00:00,231011
2018-12-06 00:00:00,268991
2018-12-09 00:00:00,230891
2018-12-12 00:00:00,251110
2018-12-15 00:00:00,254952
2018-12-18 00:00:00,255238
2018-12-21 00:00:00,268570
2018-12-24 00:00:00,260286
2018-12-27 00:00:00,289455
2018-12-30 00:00:00,260107
2019-01-02 00:00:00,261327
2019-01-05 00:00:00,256504
2019-01-08 00:00:00,307496
2019-01-11 00:00:00,297061
2019-01-14 00:00:00,315866
2019-01-17 00:00:00,285474
2019-01-20 00:00:00,283169
2019-01-23 00:00:00,280641
2019-01-26 00:00:00,278678
2019-01-29 00:00:00,313669
2019-02-01 00:00:00,327428
2019-02-04 00:00:00,326737
2019-02-07 00:00:00,345680
2019-02-10 00:00:00,292626
2019-02-13 00:00:00,340605
2019-02-16 00:00:00,322955
2019-02-19 00:00:00,334017
2019-02-22 00:00:00,338008
2019-02-25 00:00:00,320612
2019-02-28 00:00:00,352657
2019-03-03 00:00:00,344512
2019-03-06 00:00:00,263453
2019-03-09 00:00:00,227835
2019-03-12 00:00:00,269945
2019-03-15 00:00:00,279965
2019-03-18 00:00:00,273699
2019-03-21 00:00:00,284060
2019-03-24 00:00:00,218554
2019-03-27 00:00:00,367973
2019-03-30 00:00:00,365999
2019-04-02 00:00:00,375007
2019-04-05 00:00:00,369796
2019-04-08 00:00:00,344550
2019-04-11 00:00:00,382393
2019-04-14 00:00:00,325041
2019-04-17 00:00:00,329384
2019-04-20 00:00:00,305262
2019-04-23 00:00:00,291069
2019-04-26 00:00:00,359412
2019-04-29 00:00:00,337831
2019-05-02 00:00:00,437027
2019-05-05 00:00:00,313472
2019-05-08 00:00:00,364493
2019-05-11 00:00:00,327332
2019-05-14 00:00:00,346768
2019-05-17 00:00:00,334006
2019-05-20 00:00:00,345233
2019-05-23 00:00:00,354623
2019-05-26 00:00:00,344851
2019-05-29 00:00:00,368011
2019-06-01 00:00:00,305219
2019-06-04 00:00:00,344001
2019-06-07 00:00:00,328644
2019-06-10 00:00:00,327393
2019-06-13 00:00:00,335458
2019-06-16 00:00:00,273369
2019-06-19 00:00:00,373142
2019-06-22 00:00:00,325468
2019-06-25 00:00:00,331669
2019-06-28 00:00:00,378424
2019-07-01 00:00:00,311174
2019-07-04 00:00:00,349976
2019-07-07 00:00:00,299735
2019-07-10 00:00:00,297907
2019-07-13 00:00:00,287081
2019-07-16 00:00:00,340398
2019-07-19 00:00:00,279482
2019-07-22 00:00:00,304660
2019-07-25 00:00:00,320594
2019-07-28 00:00:00,262722
2019-07-31 00:00:00,345649
2019-08-03 00:00:00,317130
2019-08-06 00:00:00,351534
2019-08-09 00:00:00,327659
2019-08-12 00:00:00,257754
2019-08-15 00:00:00,337594
2019-08-18 00:00:00,262209
2019-08-21 00:00:00,292684
2019-08-24 00:00:00,290987
2019-08-27 00:00:00,309867
2019-08-30 00:00:00,328657
2019-09-02 00:00:00,311144
2019-09-05 00:00:00,336593
2019-09-08 00:00:00,274664
2019-09-11 00:00:00,323091
2019-09-14 00:00:00,288614
2019-09-17 00:00:00,328106
2019-09-20 00:00:00,325352
2019-09-23 00:00:00,273501
2019-09-26 00:00:00,342910
2019-09-29 00:00:00,276034
2019-10-02 00:00:00,316499
2019-10-05 00:00:00,318911
2019-10-08 00:00:00,324822
2019-10-11 00:00:00,334359
2019-10-14 00:00:00,295437
2019-10-17 00:00:00,324282
2019-10-20 00:00:00,281287
2019-10-23 00:00:00,339371
2019-10-26 00:00:00,295261
2019-10-29 00:00:00,297058
2019-11-01 00:00:00,307202
2019-11-04 00:00:00,301286
2019-11-07 00:00:00,314275
2019-11-10 00:00:00,291649
2019-11-13 00:00:00,309535
2019-11-16 00:00:00,274758
2019-11-19 00:00:00,316906
2019-11-22 00:00:00,300504
2019-11-25 00:00:00,270393
2019-11-28 00:00:00,300591
2019-12-01 00:00:00,268074
2019-12-04 00:00:00,329014
2019-12-07 00:00:00,277958
2019-12-10 00:00:00,312164
2019-12-13 00:00:00,315436
2019-12-16 00:00:00,318330
2019-12-19 00:00:00,311216
2019-12-22 00:00:00,274756
2019-12-25 00:00:00,237004
2019-12-28 00:00:00,291149
2019-12-31 00:00:00,285595
2020-01-03 00:00:00,308389
2020-01-06 00:00:00,291456
2020-01-09 00:00:00,314334
2020-01-12 00:00:00,276804
2020-01-15 00:00:00,323387
2020-01-18 00:00:00,281541
2020-01-21 00:00:00,308741
2020-01-24 00:00:00,309921
2020-01-27 00:00:00,276009
2020-01-30 00:00:00,328495
2020-02-02 00:00:00,287517
2020-02-05 00:00:00,363772
2020-02-08 00:00:00,313558
2020-02-11 00:00:00,359449
2020-02-14 00:00:00,320995
2020-02-17 00:00:00,336202
2020-02-20 00:00:00,312257
2020-02-23 00:00:00,281338
2020-02-26 00:00:00,324397
2020-02-29 00:00:00,302722
2020-03-03 00:00:00,336856
2020-03-06 00:00:00,332658
2020-03-09 00:00:00,341993
2020-03-12 00:00:00,342871
2020-03-15 00:00:00,218209
2020-03-18 00:00:00,226130
2020-03-21 00:00:00,241262
2020-03-24 00:00:00,272858
2020-03-27 00:00:00,271476
2020-03-30 00:00:00,271674
2020-04-02 00:00:00,293336
2020-04-05 00:00:00,235466
2020-04-08 00:00:00,281017
2020-04-11 00:00:00,244111
2020-04-14 00:00:00,293959
2020-04-17 00:00:00,279707
2020-04-20 00:00:00,305774
2020-04-23 00:00:00,324658
2020-04-26 00:00:00,249019
2020-04-29 00:00:00,326263
2020-05-02 00:00:00,282669
2020-05-05 00:00:00,323943
2020-05-08 00:00:00,317934
2020-05-11 00:00:00,300625
2020-05-14 00:00:00,264283
2020-05-17 00:00:00,231918
2020-05-20 00:00:00,275788
2020-05-23 00:00:00,265375
2020-05-26 00:00:00,291137
2020-05-29 00:00:00,276012
2020-06-01 00:00:00,302609
2020-06-04 00:00:00,313108
2020-06-07 00:00:00,248115
2020-06-10 00:00:00,319466
2020-06-13 00:00:00,275627
2020-06-16 00:00:00,335243
2020-06-19 00:00:00,339012
2020-06-22 00:00:00,295556
2020-06-25 00:00:00,308245
2020-06-28 00:00:00,260783
2020-07-01 00:00:00,377632
2020-07-04 00:00:00,284844
2020-07-07 00:00:00,341699
2020-07-10 00:00:00,341593
2020-07-13 00:00:00,306196
2020-07-16 00:00:00,341615
2020-07-19 00:00:00,273618
2020-07-22 00:00:00,360358
2020-07-25 00:00:00,289949
2020-07-28 00:00:00,350124
2020-07-31 00:00:00,353027
2020-08-03 00:00:00,329505
2020-08-06 00:00:00,352118
2020-08-09 00:00:00,264386
2020-08-12 00:00:00,341750
2020-08-15 00:00:00,309822
2020-08-18 00:00:00,341325
2020-08-21 00:00:00,310171
2020-08-24 00:00:00,325028
2020-08-27 00:00:00,324513
2020-08-30 00:00:00,265680
2020-09-02 00:00:00,312045
2020-09-05 00:00:00,321132
2020-09-08 00:00:00,328306
2020-09-11 00:00:00,304149
2020-09-14 00:00:00,349764
2020-09-17 00:00:00,344820
2020-09-20 00:00:00,255602
2020-09-23 00:00:00,345970
2020-09-26 00:00:00,273219