Timestamp,n-transactions-per-block
2009-01-17 00:00:00,1
2009-01-20 00:00:00,1.00877192982456
2009-01-23 00:00:00,1.02380952380952
2009-01-26 00:00:00,1.01041666666667
2009-01-29 00:00:00,1.00826446280992
2009-02-01 00:00:00,1.00884955752212
2009-02-04 00:00:00,1
2009-02-07 00:00:00,1.03100775193798
2009-02-10 00:00:00,1
2009-02-13 00:00:00,1
2009-02-16 00:00:00,1.00819672131148
2009-02-19 00:00:00,1.00806451612903
2009-02-22 00:00:00,1.03305785123967
2009-02-25 00:00:00,1
2009-02-28 00:00:00,1.01010101010101
2009-03-03 00:00:00,1.01904761904762
2009-03-06 00:00:00,1
2009-03-09 00:00:00,1
2009-03-12 00:00:00,1.00847457627119
2009-03-15 00:00:00,1
2009-03-18 00:00:00,1.01754385964912
2009-03-21 00:00:00,1
2009-03-24 00:00:00,1
2009-03-27 00:00:00,1
2009-03-30 00:00:00,1
2009-04-02 00:00:00,1
2009-04-05 00:00:00,1.01538461538462
2009-04-08 00:00:00,1
2009-04-11 00:00:00,1.00833333333333
2009-04-14 00:00:00,1
2009-04-17 00:00:00,1
2009-04-20 00:00:00,1.01680672268908
2009-04-23 00:00:00,1
2009-04-26 00:00:00,1.01785714285714
2009-04-29 00:00:00,1.0078125
2009-05-02 00:00:00,1.01587301587302
2009-05-05 00:00:00,1.00740740740741
2009-05-08 00:00:00,1
2009-05-11 00:00:00,1.00833333333333
2009-05-14 00:00:00,1.02158273381295
2009-05-17 00:00:00,1
2009-05-20 00:00:00,1
2009-05-23 00:00:00,1
2009-05-26 00:00:00,1
2009-05-29 00:00:00,1.00943396226415
2009-06-01 00:00:00,1.01408450704225
2009-06-04 00:00:00,1
2009-06-07 00:00:00,1
2009-06-10 00:00:00,1
2009-06-13 00:00:00,1
2009-06-16 00:00:00,1
2009-06-19 00:00:00,1
2009-06-22 00:00:00,1.01315789473684
2009-06-25 00:00:00,1.01470588235294
2009-06-28 00:00:00,1.02173913043478
2009-07-01 00:00:00,1.01351351351351
2009-07-04 00:00:00,1
2009-07-07 00:00:00,1
2009-07-10 00:00:00,1
2009-07-13 00:00:00,1
2009-07-16 00:00:00,1
2009-07-19 00:00:00,1
2009-07-22 00:00:00,1
2009-07-25 00:00:00,1
2009-07-28 00:00:00,1
2009-07-31 00:00:00,1
2009-08-03 00:00:00,1
2009-08-06 00:00:00,1
2009-08-09 00:00:00,1
2009-08-12 00:00:00,1
2009-08-15 00:00:00,1
2009-08-18 00:00:00,1
2009-08-21 00:00:00,1
2009-08-24 00:00:00,1
2009-08-27 00:00:00,1
2009-08-30 00:00:00,1.01030927835052
2009-09-02 00:00:00,1
2009-09-05 00:00:00,1
2009-09-08 00:00:00,1
2009-09-11 00:00:00,1
2009-09-14 00:00:00,1
2009-09-17 00:00:00,1.01190476190476
2009-09-20 00:00:00,1
2009-09-23 00:00:00,1
2009-09-26 00:00:00,1
2009-09-29 00:00:00,1.02272727272727
2009-10-02 00:00:00,1.01388888888889
2009-10-05 00:00:00,1
2009-10-08 00:00:00,1
2009-10-11 00:00:00,1
2009-10-14 00:00:00,1
2009-10-17 00:00:00,1
2009-10-20 00:00:00,1.01052631578947
2009-10-23 00:00:00,1
2009-10-26 00:00:00,1
2009-10-29 00:00:00,1.04444444444444
2009-11-01 00:00:00,1
2009-11-04 00:00:00,1.01587301587302
2009-11-07 00:00:00,1
2009-11-10 00:00:00,1
2009-11-13 00:00:00,1.0375
2009-11-16 00:00:00,1
2009-11-19 00:00:00,1.02857142857143
2009-11-22 00:00:00,1
2009-11-25 00:00:00,1
2009-11-28 00:00:00,1
2009-12-01 00:00:00,1.01369863013699
2009-12-04 00:00:00,1
2009-12-07 00:00:00,1
2009-12-10 00:00:00,1
2009-12-13 00:00:00,1
2009-12-16 00:00:00,1.00735294117647
2009-12-19 00:00:00,1.0050505050505
2009-12-22 00:00:00,1
2009-12-25 00:00:00,1.00671140939597
2009-12-28 00:00:00,1
2009-12-31 00:00:00,1
2010-01-03 00:00:00,1
2010-01-06 00:00:00,1
2010-01-09 00:00:00,1
2010-01-12 00:00:00,1.0125786163522
2010-01-15 00:00:00,1.00709219858156
2010-01-18 00:00:00,1.008
2010-01-21 00:00:00,1.05142857142857
2010-01-24 00:00:00,1.00649350649351
2010-01-27 00:00:00,1.01219512195122
2010-01-30 00:00:00,1.01904761904762
2010-02-02 00:00:00,1.00689655172414
2010-02-05 00:00:00,1.01793721973094
2010-02-08 00:00:00,1.04
2010-02-11 00:00:00,1.02958579881657
2010-02-14 00:00:00,1.05288461538462
2010-02-17 00:00:00,1.04602510460251
2010-02-20 00:00:00,1.00961538461538
2010-02-23 00:00:00,1.004
2010-02-26 00:00:00,1.02325581395349
2010-03-01 00:00:00,1.02051282051282
2010-03-04 00:00:00,1.01621621621622
2010-03-07 00:00:00,1.02234636871508
2010-03-10 00:00:00,1.04320987654321
2010-03-13 00:00:00,1.00653594771242
2010-03-16 00:00:00,1.02380952380952
2010-03-19 00:00:00,1.05882352941176
2010-03-22 00:00:00,1.0391061452514
2010-03-25 00:00:00,1.08021390374332
2010-03-28 00:00:00,1.03225806451613
2010-03-31 00:00:00,1.02392344497608
2010-04-03 00:00:00,1.03105590062112
2010-04-06 00:00:00,1.09433962264151
2010-04-09 00:00:00,1.18518518518519
2010-04-12 00:00:00,1.21674876847291
2010-04-15 00:00:00,1.34259259259259
2010-04-18 00:00:00,13.6775510204082
2010-04-21 00:00:00,1.14611872146119
2010-04-24 00:00:00,1.20238095238095
2010-04-27 00:00:00,1.29444444444444
2010-04-30 00:00:00,1.18055555555556
2010-05-03 00:00:00,1.18238993710692
2010-05-06 00:00:00,1.18791946308725
2010-05-09 00:00:00,1.27972027972028
2010-05-12 00:00:00,1.25396825396825
2010-05-15 00:00:00,1.24175824175824
2010-05-18 00:00:00,1.32738095238095
2010-05-21 00:00:00,1.33522727272727
2010-05-24 00:00:00,1.32978723404255
2010-05-27 00:00:00,1.390625
2010-05-30 00:00:00,1.34228187919463
2010-06-02 00:00:00,1.31972789115646
2010-06-05 00:00:00,1.31034482758621
2010-06-08 00:00:00,1.39375
2010-06-11 00:00:00,1.4702380952381
2010-06-14 00:00:00,1.59259259259259
2010-06-17 00:00:00,1.3972602739726
2010-06-20 00:00:00,1.23243243243243
2010-06-23 00:00:00,1.37433155080214
2010-06-26 00:00:00,1.26415094339623
2010-06-29 00:00:00,1.56213017751479
2010-07-02 00:00:00,1.44047619047619
2010-07-05 00:00:00,1.41011235955056
2010-07-08 00:00:00,1.47682119205298
2010-07-11 00:00:00,1.97206703910615
2010-07-14 00:00:00,10.6089965397924
2010-07-17 00:00:00,2.35838150289017
2010-07-20 00:00:00,3.2817679558011
2010-07-23 00:00:00,2.11855670103093
2010-07-26 00:00:00,1.92181069958848
2010-07-29 00:00:00,10.3722222222222
2010-08-01 00:00:00,1.52301255230126
2010-08-04 00:00:00,1.80658436213992
2010-08-07 00:00:00,1.76129032258065
2010-08-10 00:00:00,1.78010471204188
2010-08-13 00:00:00,2.4
2010-08-16 00:00:00,3.08163265306122
2010-08-19 00:00:00,2.40740740740741
2010-08-22 00:00:00,1.72641509433962
2010-08-25 00:00:00,1.68981481481481
2010-08-28 00:00:00,1.99411764705882
2010-08-31 00:00:00,2.39673913043478
2010-09-03 00:00:00,1.94512195121951
2010-09-06 00:00:00,1.75949367088608
2010-09-09 00:00:00,2.4
2010-09-12 00:00:00,2.14124293785311
2010-09-15 00:00:00,2.54437869822485
2010-09-18 00:00:00,1.68354430379747
2010-09-21 00:00:00,4.7093023255814
2010-09-24 00:00:00,2.19736842105263
2010-09-27 00:00:00,2.63318777292576
2010-09-30 00:00:00,2.5
2010-10-03 00:00:00,3.09016393442623
2010-10-06 00:00:00,2.38011695906433
2010-10-09 00:00:00,2.5379746835443
2010-10-12 00:00:00,2.27096774193548
2010-10-15 00:00:00,1.85310734463277
2010-10-18 00:00:00,2.32530120481928
2010-10-21 00:00:00,2.96774193548387
2010-10-24 00:00:00,2.69268292682927
2010-10-27 00:00:00,2.66666666666667
2010-10-30 00:00:00,1.69047619047619
2010-11-02 00:00:00,1.625
2010-11-05 00:00:00,2.01826484018265
2010-11-08 00:00:00,1.87272727272727
2010-11-11 00:00:00,1.80365296803653
2010-11-14 00:00:00,1.625
2010-11-17 00:00:00,1.76113360323887
2010-11-20 00:00:00,83.8879310344828
2010-11-23 00:00:00,2.43571428571429
2010-11-26 00:00:00,6.77319587628866
2010-11-29 00:00:00,2.17224880382775
2010-12-02 00:00:00,2.4468085106383
2010-12-05 00:00:00,1.81589958158996
2010-12-08 00:00:00,2.19747899159664
2010-12-11 00:00:00,3.14285714285714
2010-12-14 00:00:00,3.79166666666667
2010-12-17 00:00:00,2.78313253012048
2010-12-20 00:00:00,5.86163522012579
2010-12-23 00:00:00,3.57931034482759
2010-12-26 00:00:00,4.02758620689655
2010-12-29 00:00:00,3.10909090909091
2011-01-01 00:00:00,3.64088397790055
2011-01-04 00:00:00,6.94326241134752
2011-01-07 00:00:00,6.21951219512195
2011-01-10 00:00:00,8.09876543209877
2011-01-13 00:00:00,6.73404255319149
2011-01-16 00:00:00,5.35057471264368
2011-01-19 00:00:00,5.42603550295858
2011-01-22 00:00:00,8.61818181818182
2011-01-25 00:00:00,5.69871794871795
2011-01-28 00:00:00,6.84177215189873
2011-01-31 00:00:00,8.19411764705882
2011-02-03 00:00:00,4.93125
2011-02-06 00:00:00,5.13559322033898
2011-02-09 00:00:00,6.390625
2011-02-12 00:00:00,9.75510204081633
2011-02-15 00:00:00,9.88444444444444
2011-02-18 00:00:00,9.69811320754717
2011-02-21 00:00:00,10.1546391752577
2011-02-24 00:00:00,10.1884057971014
2011-02-27 00:00:00,9.29918032786885
2011-03-02 00:00:00,11.9583333333333
2011-03-05 00:00:00,7.39350180505415
2011-03-08 00:00:00,13.048128342246
2011-03-11 00:00:00,14.4923076923077
2011-03-14 00:00:00,23.5982142857143
2011-03-17 00:00:00,23.8794326241135
2011-03-20 00:00:00,29.7518248175182
2011-03-23 00:00:00,29.1082802547771
2011-03-26 00:00:00,24.1666666666667
2011-03-29 00:00:00,16.6748466257669
2011-04-01 00:00:00,8.97159090909091
2011-04-04 00:00:00,12.9719101123596
2011-04-07 00:00:00,11.4081632653061
2011-04-10 00:00:00,10.0809248554913
2011-04-13 00:00:00,12.2216494845361
2011-04-16 00:00:00,12.4508670520231
2011-04-19 00:00:00,23.3636363636364
2011-04-22 00:00:00,11.9147727272727
2011-04-25 00:00:00,13.5
2011-04-28 00:00:00,18.5060975609756
2011-05-01 00:00:00,22.0614525139665
2011-05-04 00:00:00,14.2131979695431
2011-05-07 00:00:00,18.1635514018692
2011-05-10 00:00:00,17.2185792349727
2011-05-13 00:00:00,19.6328502415459
2011-05-16 00:00:00,17.6072874493927
2011-05-19 00:00:00,27.2690058479532
2011-05-22 00:00:00,20.9603174603175
2011-05-25 00:00:00,20.3843648208469
2011-05-28 00:00:00,32.341935483871
2011-05-31 00:00:00,40.42
2011-06-03 00:00:00,41.7871287128713
2011-06-06 00:00:00,41.6437768240343
2011-06-09 00:00:00,54.8468468468468
2011-06-12 00:00:00,53.3905579399142
2011-06-15 00:00:00,45.1792114695341
2011-06-18 00:00:00,58.6954314720812
2011-06-21 00:00:00,38.3557312252964
2011-06-24 00:00:00,50.5648148148148
2011-06-27 00:00:00,69.5325443786982
2011-06-30 00:00:00,50.4502617801047
2011-07-03 00:00:00,50.6909090909091
2011-07-06 00:00:00,67
2011-07-09 00:00:00,52.6912751677852
2011-07-12 00:00:00,57.7801418439716
2011-07-15 00:00:00,49.9877300613497
2011-07-18 00:00:00,52.8
2011-07-21 00:00:00,53.7039473684211
2011-07-24 00:00:00,49.5120481927711
2011-07-27 00:00:00,45.948275862069
2011-07-30 00:00:00,40.8486842105263
2011-08-02 00:00:00,57.2532467532468
2011-08-05 00:00:00,52.5714285714286
2011-08-08 00:00:00,53.4338235294118
2011-08-11 00:00:00,55.4452554744526
2011-08-14 00:00:00,56.5984848484849
2011-08-17 00:00:00,56.7794117647059
2011-08-20 00:00:00,47.3092105263158
2011-08-23 00:00:00,46.9483870967742
2011-08-26 00:00:00,50.4829931972789
2011-08-29 00:00:00,58.6521739130435
2011-09-01 00:00:00,55.8372093023256
2011-09-04 00:00:00,54.1641791044776
2011-09-07 00:00:00,52.1323529411765
2011-09-10 00:00:00,45.0601503759398
2011-09-13 00:00:00,45.9084507042254
2011-09-16 00:00:00,52.1764705882353
2011-09-19 00:00:00,52.3858267716535
2011-09-22 00:00:00,41.4797297297297
2011-09-25 00:00:00,41.7664233576642
2011-09-28 00:00:00,40.9319727891156
2011-10-01 00:00:00,37.5804195804196
2011-10-04 00:00:00,51.8660714285714
2011-10-07 00:00:00,41.1159420289855
2011-10-10 00:00:00,47.8211382113821
2011-10-13 00:00:00,51.3814432989691
2011-10-16 00:00:00,41.8571428571429
2011-10-19 00:00:00,38.5714285714286
2011-10-22 00:00:00,52.1836734693878
2011-10-25 00:00:00,40.5116279069767
2011-10-28 00:00:00,48.7428571428571
2011-10-31 00:00:00,39.5572519083969
2011-11-03 00:00:00,50.024
2011-11-06 00:00:00,34.9583333333333
2011-11-09 00:00:00,40.0496894409938
2011-11-12 00:00:00,37.0743243243243
2011-11-15 00:00:00,37.0060606060606
2011-11-18 00:00:00,38.8646616541353
2011-11-21 00:00:00,40.4237288135593
2011-11-24 00:00:00,44.4070796460177
2011-11-27 00:00:00,44.3947368421053
2011-11-30 00:00:00,42.4844720496894
2011-12-03 00:00:00,37.0460526315789
2011-12-06 00:00:00,46.6549707602339
2011-12-09 00:00:00,38.0136054421769
2011-12-12 00:00:00,38.2834645669291
2011-12-15 00:00:00,43.3035714285714
2011-12-18 00:00:00,32.1666666666667
2011-12-21 00:00:00,37.4295302013423
2011-12-24 00:00:00,32.1241379310345
2011-12-27 00:00:00,35.9379310344828
2011-12-30 00:00:00,35.5704225352113
2012-01-02 00:00:00,35.8278145695364
2012-01-05 00:00:00,47.578231292517
2012-01-08 00:00:00,39.2883435582822
2012-01-11 00:00:00,46.6601307189542
2012-01-14 00:00:00,45.38
2012-01-17 00:00:00,42.7911392405063
2012-01-20 00:00:00,46.7586206896552
2012-01-23 00:00:00,35.8823529411765
2012-01-26 00:00:00,47.8115942028985
2012-01-29 00:00:00,38.4790419161677
2012-02-01 00:00:00,46.113475177305
2012-02-04 00:00:00,46.0955414012739
2012-02-07 00:00:00,51.1824817518248
2012-02-10 00:00:00,61.2753623188406
2012-02-13 00:00:00,58.3357664233577
2012-02-16 00:00:00,69.1086956521739
2012-02-19 00:00:00,37.7088607594937
2012-02-22 00:00:00,45.2452830188679
2012-02-25 00:00:00,38.2181818181818
2012-02-28 00:00:00,42.03125
2012-03-02 00:00:00,57.0522388059701
2012-03-05 00:00:00,48.1310344827586
2012-03-08 00:00:00,42.5448717948718
2012-03-11 00:00:00,38.9776119402985
2012-03-14 00:00:00,50.3284671532847
2012-03-17 00:00:00,40.4470588235294
2012-03-20 00:00:00,42.7125
2012-03-23 00:00:00,48.8571428571429
2012-03-26 00:00:00,43.8344370860927
2012-03-29 00:00:00,53.3191489361702
2012-04-01 00:00:00,39.1760563380282
2012-04-04 00:00:00,52.1386861313869
2012-04-07 00:00:00,47.1317829457364
2012-04-10 00:00:00,57.6054421768707
2012-04-13 00:00:00,58.25
2012-04-16 00:00:00,57.18
2012-04-19 00:00:00,50.3184713375796
2012-04-22 00:00:00,45.3857142857143
2012-04-25 00:00:00,59.503937007874
2012-04-28 00:00:00,48.8618421052632
2012-05-01 00:00:00,60.0470588235294
2012-05-04 00:00:00,87.5652173913043
2012-05-07 00:00:00,107.335294117647
2012-05-10 00:00:00,91.3333333333333
2012-05-13 00:00:00,105.264285714286
2012-05-16 00:00:00,149.404958677686
2012-05-19 00:00:00,237.610738255034
2012-05-22 00:00:00,204.173913043478
2012-05-25 00:00:00,239.661157024793
2012-05-28 00:00:00,210.478873239437
2012-05-31 00:00:00,152.268115942029
2012-06-03 00:00:00,219.614379084967
2012-06-06 00:00:00,104.16339869281
2012-06-09 00:00:00,193.27485380117
2012-06-12 00:00:00,116.942307692308
2012-06-15 00:00:00,345.823899371069
2012-06-18 00:00:00,223.262857142857
2012-06-21 00:00:00,196.926470588235
2012-06-24 00:00:00,170.931297709924
2012-06-27 00:00:00,189.41717791411
2012-06-30 00:00:00,171.348484848485
2012-07-03 00:00:00,141.66875
2012-07-06 00:00:00,154.296774193548
2012-07-09 00:00:00,154.165644171779
2012-07-12 00:00:00,162.02
2012-07-15 00:00:00,188.178571428571
2012-07-18 00:00:00,210.245161290323
2012-07-21 00:00:00,245.340425531915
2012-07-24 00:00:00,176.204968944099
2012-07-27 00:00:00,152.556179775281
2012-07-30 00:00:00,195.426136363636
2012-08-02 00:00:00,201.278787878788
2012-08-05 00:00:00,239.446043165468
2012-08-08 00:00:00,241.975903614458
2012-08-11 00:00:00,197.255952380952
2012-08-14 00:00:00,219.783439490446
2012-08-17 00:00:00,293.869565217391
2012-08-20 00:00:00,205.959770114943
2012-08-23 00:00:00,192.836363636364
2012-08-26 00:00:00,164.916201117318
2012-08-29 00:00:00,203.625
2012-09-01 00:00:00,253.254658385093
2012-09-04 00:00:00,261.084967320261
2012-09-07 00:00:00,199.303571428571
2012-09-10 00:00:00,224.213333333333
2012-09-13 00:00:00,223.269230769231
2012-09-16 00:00:00,176.490683229814
2012-09-19 00:00:00,228.58865248227
2012-09-22 00:00:00,140.216560509554
2012-09-25 00:00:00,173.935251798561
2012-09-28 00:00:00,207.392405063291
2012-10-01 00:00:00,188.75572519084
2012-10-04 00:00:00,247.713178294574
2012-10-07 00:00:00,277.808
2012-10-10 00:00:00,209.570469798658
2012-10-13 00:00:00,223.581081081081
2012-10-16 00:00:00,222.793548387097
2012-10-19 00:00:00,187.283582089552
2012-10-22 00:00:00,274.866242038217
2012-10-25 00:00:00,188.797202797203
2012-10-28 00:00:00,108.222891566265
2012-10-31 00:00:00,191.916083916084
2012-11-03 00:00:00,163.691780821918
2012-11-06 00:00:00,236.933333333333
2012-11-09 00:00:00,165.506578947368
2012-11-12 00:00:00,181.083333333333
2012-11-15 00:00:00,276.5
2012-11-18 00:00:00,233.808219178082
2012-11-21 00:00:00,257.013157894737
2012-11-24 00:00:00,196.807947019868
2012-11-27 00:00:00,186.702702702703
2012-11-30 00:00:00,238.064
2012-12-03 00:00:00,147.340136054422
2012-12-06 00:00:00,271.262773722628
2012-12-09 00:00:00,254.436507936508
2012-12-12 00:00:00,282.584615384615
2012-12-15 00:00:00,279.008620689655
2012-12-18 00:00:00,398.496
2012-12-21 00:00:00,353.809523809524
2012-12-24 00:00:00,273.568181818182
2012-12-27 00:00:00,280.685897435897
2012-12-30 00:00:00,273.777108433735
2013-01-02 00:00:00,257.732026143791
2013-01-05 00:00:00,280.822695035461
2013-01-08 00:00:00,290.406015037594
2013-01-11 00:00:00,450.846153846154
2013-01-14 00:00:00,283.821656050955
2013-01-17 00:00:00,433.333333333333
2013-01-20 00:00:00,318.238461538462
2013-01-23 00:00:00,370.460317460317
2013-01-26 00:00:00,335.679487179487
2013-01-29 00:00:00,327.23417721519
2013-02-01 00:00:00,403.959183673469
2013-02-04 00:00:00,335.396341463415
2013-02-07 00:00:00,397.642857142857
2013-02-10 00:00:00,350.577639751553
2013-02-13 00:00:00,345.555555555556
2013-02-16 00:00:00,272.132275132275
2013-02-19 00:00:00,342.88679245283
2013-02-22 00:00:00,365.711764705882
2013-02-25 00:00:00,329.137254901961
2013-02-28 00:00:00,375.125
2013-03-03 00:00:00,338.254658385093
2013-03-06 00:00:00,404.903225806452
2013-03-09 00:00:00,328.674556213018
2013-03-12 00:00:00,359.140740740741
2013-03-15 00:00:00,364.976744186047
2013-03-18 00:00:00,228.868421052632
2013-03-21 00:00:00,254.880733944954
2013-03-24 00:00:00,271.613756613757
2013-03-27 00:00:00,406.160305343511
2013-03-30 00:00:00,342.173410404624
2013-04-02 00:00:00,349.591160220994
2013-04-05 00:00:00,388.436708860759
2013-04-08 00:00:00,397.935483870968
2013-04-11 00:00:00,427.54375
2013-04-14 00:00:00,362.555555555556
2013-04-17 00:00:00,331.614035087719
2013-04-20 00:00:00,313.649350649351
2013-04-23 00:00:00,367.071428571429
2013-04-26 00:00:00,323.181286549708
2013-04-29 00:00:00,297.563218390805
2013-05-02 00:00:00,413.649253731343
2013-05-05 00:00:00,305.042424242424
2013-05-08 00:00:00,305.690909090909
2013-05-11 00:00:00,403.307692307692
2013-05-14 00:00:00,431.623376623377
2013-05-17 00:00:00,364.788819875776
2013-05-20 00:00:00,378.457364341085
2013-05-23 00:00:00,343.614942528736
2013-05-26 00:00:00,249.828220858896
2013-05-29 00:00:00,327.738095238095
2013-06-01 00:00:00,254.981220657277
2013-06-04 00:00:00,270.525821596244
2013-06-07 00:00:00,324.149068322981
2013-06-10 00:00:00,258.620689655172
2013-06-13 00:00:00,232.220430107527
2013-06-16 00:00:00,232.248648648649
2013-06-19 00:00:00,345.816176470588
2013-06-22 00:00:00,253.375
2013-06-25 00:00:00,284.261146496815
2013-06-28 00:00:00,293.207100591716
2013-07-01 00:00:00,249.222929936306
2013-07-04 00:00:00,213.890909090909
2013-07-07 00:00:00,163.204301075269
2013-07-10 00:00:00,201.220512820513
2013-07-13 00:00:00,241.847133757962
2013-07-16 00:00:00,240.19512195122
2013-07-19 00:00:00,214.964912280702
2013-07-22 00:00:00,242.29696969697
2013-07-25 00:00:00,291.301369863014
2013-07-28 00:00:00,222.035714285714
2013-07-31 00:00:00,260.652631578947
2013-08-03 00:00:00,269.094117647059
2013-08-06 00:00:00,286.152631578947
2013-08-09 00:00:00,254.65641025641
2013-08-12 00:00:00,232.537037037037
2013-08-15 00:00:00,341.935294117647
2013-08-18 00:00:00,290.70618556701
2013-08-21 00:00:00,308.831632653061
2013-08-24 00:00:00,283.153005464481
2013-08-27 00:00:00,367.970414201183
2013-08-30 00:00:00,305.380487804878
2013-09-02 00:00:00,238.446511627907
2013-09-05 00:00:00,339.27374301676
2013-09-08 00:00:00,295.872611464968
2013-09-11 00:00:00,246.05
2013-09-14 00:00:00,199.816513761468
2013-09-17 00:00:00,379.502793296089
2013-09-20 00:00:00,294.97
2013-09-23 00:00:00,311.085714285714
2013-09-26 00:00:00,355.216049382716
2013-09-29 00:00:00,242.241176470588
2013-10-02 00:00:00,324.418848167539
2013-10-05 00:00:00,207.666666666667
2013-10-08 00:00:00,280.623456790123
2013-10-11 00:00:00,280.659459459459
2013-10-14 00:00:00,229.808
2013-10-17 00:00:00,280.658682634731
2013-10-20 00:00:00,248.331658291457
2013-10-23 00:00:00,250.289592760181
2013-10-26 00:00:00,262.346153846154
2013-10-29 00:00:00,312.0625
2013-11-01 00:00:00,218.129807692308
2013-11-04 00:00:00,233.451282051282
2013-11-07 00:00:00,420.381944444444
2013-11-10 00:00:00,336.479532163743
2013-11-13 00:00:00,386.130952380952
2013-11-16 00:00:00,243.170103092784
2013-11-19 00:00:00,577.062111801242
2013-11-22 00:00:00,447.366279069767
2013-11-25 00:00:00,414.988439306358
2013-11-28 00:00:00,546.524861878453
2013-12-01 00:00:00,367.21
2013-12-04 00:00:00,465.637426900585
2013-12-07 00:00:00,347.241025641026
2013-12-10 00:00:00,352.203125
2013-12-13 00:00:00,347.161849710983
2013-12-16 00:00:00,345.18407960199
2013-12-19 00:00:00,310.964601769911
2013-12-22 00:00:00,313
2013-12-25 00:00:00,342.148148148148
2013-12-28 00:00:00,320.06
2013-12-31 00:00:00,265.472826086957
2014-01-03 00:00:00,378.757763975155
2014-01-06 00:00:00,362.139784946237
2014-01-09 00:00:00,285.173913043478
2014-01-12 00:00:00,244.140096618357
2014-01-15 00:00:00,334.847826086957
2014-01-18 00:00:00,296.396551724138
2014-01-21 00:00:00,437.210843373494
2014-01-24 00:00:00,347.089947089947
2014-01-27 00:00:00,369.965517241379
2014-01-30 00:00:00,345.448863636364
2014-02-02 00:00:00,282.166666666667
2014-02-05 00:00:00,401.958333333333
2014-02-08 00:00:00,357.192307692308
2014-02-11 00:00:00,409.932926829268
2014-02-14 00:00:00,392.089005235602
2014-02-17 00:00:00,392.6
2014-02-20 00:00:00,401.943502824859
2014-02-23 00:00:00,356.201183431953
2014-02-26 00:00:00,395.038461538462
2014-03-01 00:00:00,440.291666666667
2014-03-04 00:00:00,567.785234899329
2014-03-07 00:00:00,435.813253012048
2014-03-10 00:00:00,475.731543624161
2014-03-13 00:00:00,449.413580246914
2014-03-16 00:00:00,346.970760233918
2014-03-19 00:00:00,461.275
2014-03-22 00:00:00,392.194117647059
2014-03-25 00:00:00,457.853503184713
2014-03-28 00:00:00,385.511494252874
2014-03-31 00:00:00,361.591160220994
2014-04-03 00:00:00,327.19512195122
2014-04-06 00:00:00,331.192052980132
2014-04-09 00:00:00,404.67701863354
2014-04-12 00:00:00,296.521739130435
2014-04-15 00:00:00,400.049450549451
2014-04-18 00:00:00,356.225
2014-04-21 00:00:00,339.824561403509
2014-04-24 00:00:00,481.417218543046
2014-04-27 00:00:00,297.338983050847
2014-04-30 00:00:00,461.282608695652
2014-05-03 00:00:00,381.387323943662
2014-05-06 00:00:00,398.082474226804
2014-05-09 00:00:00,389.958823529412
2014-05-12 00:00:00,453.768292682927
2014-05-15 00:00:00,437.970760233918
2014-05-18 00:00:00,290.186046511628
2014-05-21 00:00:00,393.742857142857
2014-05-24 00:00:00,343.324675324675
2014-05-27 00:00:00,503.852941176471
2014-05-30 00:00:00,389.982035928144
2014-06-02 00:00:00,333.854922279793
2014-06-05 00:00:00,440.427631578947
2014-06-08 00:00:00,355.205882352941
2014-06-11 00:00:00,430.321917808219
2014-06-14 00:00:00,301.101123595506
2014-06-17 00:00:00,380.853260869565
2014-06-20 00:00:00,308.5
2014-06-23 00:00:00,342.136363636364
2014-06-26 00:00:00,359.251461988304
2014-06-29 00:00:00,315.962025316456
2014-07-02 00:00:00,487.065693430657
2014-07-05 00:00:00,328.644736842105
2014-07-08 00:00:00,467.446666666667
2014-07-11 00:00:00,378.698717948718
2014-07-14 00:00:00,464.896296296296
2014-07-17 00:00:00,385.075581395349
2014-07-20 00:00:00,335.490322580645
2014-07-23 00:00:00,458.102739726027
2014-07-26 00:00:00,420.39552238806
2014-07-29 00:00:00,413.469798657718
2014-08-01 00:00:00,432.579617834395
2014-08-04 00:00:00,530.0546875
2014-08-07 00:00:00,436.95625
2014-08-10 00:00:00,327.19209039548
2014-08-13 00:00:00,522.331034482759
2014-08-16 00:00:00,430.215189873418
2014-08-19 00:00:00,401.827956989247
2014-08-22 00:00:00,426.738853503185
2014-08-25 00:00:00,510.175182481752
2014-08-28 00:00:00,396.693641618497
2014-08-31 00:00:00,307.207446808511
2014-09-03 00:00:00,425.254437869822
2014-09-06 00:00:00,354.016759776536
2014-09-09 00:00:00,560.356164383562
2014-09-12 00:00:00,444.051948051948
2014-09-15 00:00:00,497.886075949367
2014-09-18 00:00:00,432.201117318436
2014-09-21 00:00:00,364.634146341463
2014-09-24 00:00:00,480.602564102564
2014-09-27 00:00:00,473.481203007519
2014-09-30 00:00:00,509.843137254902
2014-10-03 00:00:00,511.027210884354
2014-10-06 00:00:00,484.776397515528
2014-10-09 00:00:00,559.385135135135
2014-10-12 00:00:00,429.114864864865
2014-10-15 00:00:00,505.013245033113
2014-10-18 00:00:00,405.34756097561
2014-10-21 00:00:00,533.666666666667
2014-10-24 00:00:00,489.974842767296
2014-10-27 00:00:00,528.157232704403
2014-10-30 00:00:00,544.835294117647
2014-11-02 00:00:00,497.870967741935
2014-11-05 00:00:00,648.260869565217
2014-11-08 00:00:00,475.274509803922
2014-11-11 00:00:00,663.705426356589
2014-11-14 00:00:00,560.435064935065
2014-11-17 00:00:00,613.569444444444
2014-11-20 00:00:00,647.739130434783
2014-11-23 00:00:00,544.246478873239
2014-11-26 00:00:00,621.248175182482
2014-11-29 00:00:00,503.808917197452
2014-12-02 00:00:00,662.793333333333
2014-12-05 00:00:00,582.692307692308
2014-12-08 00:00:00,556.723926380368
2014-12-11 00:00:00,567.601351351351
2014-12-14 00:00:00,565.269503546099
2014-12-17 00:00:00,769.09375
2014-12-20 00:00:00,648.514925373134
2014-12-23 00:00:00,663.126666666667
2014-12-26 00:00:00,501.302631578947
2014-12-29 00:00:00,508.823170731707
2015-01-01 00:00:00,359.660606060606
2015-01-04 00:00:00,498.220930232558
2015-01-07 00:00:00,642.257142857143
2015-01-10 00:00:00,713.428571428571
2015-01-13 00:00:00,805.582677165354
2015-01-16 00:00:00,753.230215827338
2015-01-19 00:00:00,683.923611111111
2015-01-22 00:00:00,694.059259259259
2015-01-25 00:00:00,692.464
2015-01-28 00:00:00,519.707317073171
2015-01-31 00:00:00,519.951807228916
2015-02-03 00:00:00,722.779527559055
2015-02-06 00:00:00,484.209039548023
2015-02-09 00:00:00,650.670807453416
2015-02-12 00:00:00,734.680672268908
2015-02-15 00:00:00,609.05
2015-02-18 00:00:00,633.047904191617
2015-02-21 00:00:00,618.5
2015-02-24 00:00:00,814.922480620155
2015-02-27 00:00:00,667.592105263158
2015-03-02 00:00:00,664.158227848101
2015-03-05 00:00:00,766.022727272727
2015-03-08 00:00:00,561.070512820513
2015-03-11 00:00:00,654.318181818182
2015-03-14 00:00:00,683.290076335878
2015-03-17 00:00:00,777.8203125
2015-03-20 00:00:00,761.264705882353
2015-03-23 00:00:00,731.165517241379
2015-03-26 00:00:00,683.655405405405
2015-03-29 00:00:00,591.607843137255
2015-04-01 00:00:00,904.113636363636
2015-04-04 00:00:00,585.954248366013
2015-04-07 00:00:00,715.223684210526
2015-04-10 00:00:00,742.276315789474
2015-04-13 00:00:00,739.788461538462
2015-04-16 00:00:00,717.724637681159
2015-04-19 00:00:00,628.510344827586
2015-04-22 00:00:00,736.039473684211
2015-04-25 00:00:00,604.079754601227
2015-04-28 00:00:00,739.823529411765
2015-05-01 00:00:00,672.702702702703
2015-05-04 00:00:00,812.5
2015-05-07 00:00:00,788.120567375886
2015-05-10 00:00:00,693.093023255814
2015-05-13 00:00:00,671.962962962963
2015-05-16 00:00:00,687.015151515152
2015-05-19 00:00:00,825.738461538462
2015-05-22 00:00:00,744.710144927536
2015-05-25 00:00:00,752.382978723404
2015-05-28 00:00:00,840.757575757576
2015-05-31 00:00:00,667.459459459459
2015-06-03 00:00:00,898.591549295775
2015-06-06 00:00:00,520.76404494382
2015-06-09 00:00:00,805.549668874172
2015-06-12 00:00:00,893.978873239437
2015-06-15 00:00:00,898.534722222222
2015-06-18 00:00:00,800.826923076923
2015-06-21 00:00:00,779.467741935484
2015-06-24 00:00:00,724.955128205128
2015-06-27 00:00:00,821.736434108527
2015-06-30 00:00:00,1074.95862068966
2015-07-03 00:00:00,805.708074534161
2015-07-06 00:00:00,961.71270718232
2015-07-09 00:00:00,1437.31578947368
2015-07-12 00:00:00,1545.81481481481
2015-07-15 00:00:00,755.359477124183
2015-07-18 00:00:00,877.147651006711
2015-07-21 00:00:00,1053.42519685039
2015-07-24 00:00:00,650.402366863905
2015-07-27 00:00:00,773.328859060403
2015-07-30 00:00:00,922.216417910448
2015-08-02 00:00:00,686.092715231788
2015-08-05 00:00:00,1005.6992481203
2015-08-08 00:00:00,630.509316770186
2015-08-11 00:00:00,708.277777777778
2015-08-14 00:00:00,783.485915492958
2015-08-17 00:00:00,782.646258503401
2015-08-20 00:00:00,788.2
2015-08-23 00:00:00,705.440298507463
2015-08-26 00:00:00,763.055900621118
2015-08-29 00:00:00,671.80625
2015-09-01 00:00:00,846.818181818182
2015-09-04 00:00:00,666.49358974359
2015-09-07 00:00:00,825.440789473684
2015-09-10 00:00:00,730.707602339181
2015-09-13 00:00:00,967.205298013245
2015-09-16 00:00:00,1177.95070422535
2015-09-19 00:00:00,918.808
2015-09-22 00:00:00,871.235668789809
2015-09-25 00:00:00,781.5
2015-09-28 00:00:00,969.020979020979
2015-10-01 00:00:00,901.523489932886
2015-10-04 00:00:00,676.673202614379
2015-10-07 00:00:00,1014.51879699248
2015-10-10 00:00:00,793.78125
2015-10-13 00:00:00,984.510948905109
2015-10-16 00:00:00,995.041666666667
2015-10-19 00:00:00,872.539393939394
2015-10-22 00:00:00,995.959459459459
2015-10-25 00:00:00,848.309677419355
2015-10-28 00:00:00,1152.3381294964
2015-10-31 00:00:00,1057.14285714286
2015-11-03 00:00:00,1202.33548387097
2015-11-06 00:00:00,1150.98620689655
2015-11-09 00:00:00,1072.72483221477
2015-11-12 00:00:00,980.416149068323
2015-11-15 00:00:00,896.05625
2015-11-18 00:00:00,1080.18954248366
2015-11-21 00:00:00,868.01724137931
2015-11-24 00:00:00,976.435897435897
2015-11-27 00:00:00,1204.77443609023
2015-11-30 00:00:00,1127.45679012346
2015-12-03 00:00:00,1160.38028169014
2015-12-06 00:00:00,1130.2641509434
2015-12-09 00:00:00,1311.44642857143
2015-12-12 00:00:00,1260.12962962963
2015-12-15 00:00:00,1224.03278688525
2015-12-18 00:00:00,1265.36686390533
2015-12-21 00:00:00,1539.89261744966
2015-12-24 00:00:00,1523.39130434783
2015-12-27 00:00:00,781.809756097561
2015-12-30 00:00:00,1069.37575757576
2016-01-02 00:00:00,1027.84827586207
2016-01-05 00:00:00,1161.59872611465
2016-01-08 00:00:00,1048.59537572254
2016-01-11 00:00:00,1124.68235294118
2016-01-14 00:00:00,1377.30827067669
2016-01-17 00:00:00,1351.84105960265
2016-01-20 00:00:00,1375.46710526316
2016-01-23 00:00:00,1063.68715083799
2016-01-26 00:00:00,1440.76875
2016-01-29 00:00:00,1327.77514792899
2016-02-01 00:00:00,1381.35403726708
2016-02-04 00:00:00,1194.41071428571
2016-02-07 00:00:00,1205.625
2016-02-10 00:00:00,1436.14024390244
2016-02-13 00:00:00,1183.8141025641
2016-02-16 00:00:00,1564.78260869565
2016-02-19 00:00:00,1499.55862068966
2016-02-22 00:00:00,1871.62204724409
2016-02-25 00:00:00,1395.41935483871
2016-02-28 00:00:00,1742.05970149254
2016-03-02 00:00:00,1721.05732484076
2016-03-05 00:00:00,1566.61333333333
2016-03-08 00:00:00,1300.63636363636
2016-03-11 00:00:00,1186.35
2016-03-14 00:00:00,1258.82236842105
2016-03-17 00:00:00,1477.43971631206
2016-03-20 00:00:00,1220.15753424658
2016-03-23 00:00:00,1253.74496644295
2016-03-26 00:00:00,1039.53594771242
2016-03-29 00:00:00,1257.3821656051
2016-04-01 00:00:00,1385.11111111111
2016-04-04 00:00:00,1258.60843373494
2016-04-07 00:00:00,1571.67625899281
2016-04-10 00:00:00,1080.65895953757
2016-04-13 00:00:00,1362.84146341463
2016-04-16 00:00:00,1318.86956521739
2016-04-19 00:00:00,1510.07333333333
2016-04-22 00:00:00,1475.35664335664
2016-04-25 00:00:00,1713.10236220472
2016-04-28 00:00:00,1836.71851851852
2016-05-01 00:00:00,1235.03225806452
2016-05-04 00:00:00,1399.34730538922
2016-05-07 00:00:00,1347.08
2016-05-10 00:00:00,1555.19620253165
2016-05-13 00:00:00,1527.27631578947
2016-05-16 00:00:00,1700.77304964539
2016-05-19 00:00:00,1826.20833333333
2016-05-22 00:00:00,1001.89130434783
2016-05-25 00:00:00,1795.94927536232
2016-05-28 00:00:00,1451.53383458647
2016-05-31 00:00:00,1694.87401574803
2016-06-03 00:00:00,1652.5985915493
2016-06-06 00:00:00,1301.00588235294
2016-06-09 00:00:00,1432.44242424242
2016-06-12 00:00:00,1443.22602739726
2016-06-15 00:00:00,1705.27631578947
2016-06-18 00:00:00,1489.34810126582
2016-06-21 00:00:00,1665.53020134228
2016-06-24 00:00:00,1842.05426356589
2016-06-27 00:00:00,1476.38775510204
2016-06-30 00:00:00,1546.4
2016-07-03 00:00:00,1150.17532467532
2016-07-06 00:00:00,1533.50714285714
2016-07-09 00:00:00,1244.3288590604
2016-07-12 00:00:00,1531.70629370629
2016-07-15 00:00:00,1600.6
2016-07-18 00:00:00,1505.64189189189
2016-07-21 00:00:00,1636.13533834586
2016-07-24 00:00:00,1482.98387096774
2016-07-27 00:00:00,1840.6484375
2016-07-30 00:00:00,1676.33613445378
2016-08-02 00:00:00,1630.50649350649
2016-08-05 00:00:00,1350.55621301775
2016-08-08 00:00:00,1589.83108108108
2016-08-11 00:00:00,1696.76666666667
2016-08-14 00:00:00,1228.06134969325
2016-08-17 00:00:00,1934.9837398374
2016-08-20 00:00:00,1343.38064516129
2016-08-23 00:00:00,1625.99319727891
2016-08-26 00:00:00,1717.93181818182
2016-08-29 00:00:00,1511.95973154362
2016-09-01 00:00:00,1696.18571428571
2016-09-04 00:00:00,1023.7094972067
2016-09-07 00:00:00,1650.05921052632
2016-09-10 00:00:00,1247.22580645161
2016-09-13 00:00:00,1453.85454545455
2016-09-16 00:00:00,1518.90647482014
2016-09-19 00:00:00,1680.75187969925
2016-09-22 00:00:00,1639.90780141844
2016-09-25 00:00:00,1057.52432432432
2016-09-28 00:00:00,1587.80405405405
2016-10-01 00:00:00,1362.61146496815
2016-10-04 00:00:00,1675.07594936709
2016-10-07 00:00:00,1862.40559440559
2016-10-10 00:00:00,1798.35483870968
2016-10-13 00:00:00,1794.5546875
2016-10-16 00:00:00,1522.12307692308
2016-10-19 00:00:00,1592.664
2016-10-22 00:00:00,1454.41610738255
2016-10-25 00:00:00,1705.25179856115
2016-10-28 00:00:00,1650.5
2016-10-31 00:00:00,1644.74829931973
2016-11-03 00:00:00,1754.82580645161
2016-11-06 00:00:00,1475.72549019608
2016-11-09 00:00:00,1837.38095238095
2016-11-12 00:00:00,1362.41666666667
2016-11-15 00:00:00,1797.12820512821
2016-11-18 00:00:00,1864.35810810811
2016-11-21 00:00:00,2056.06474820144
2016-11-24 00:00:00,2028.01234567901
2016-11-27 00:00:00,1648.53472222222
2016-11-30 00:00:00,2060.94366197183
2016-12-03 00:00:00,1674.3488372093
2016-12-06 00:00:00,2131.74666666667
2016-12-09 00:00:00,1991.22222222222
2016-12-12 00:00:00,1722.19230769231
2016-12-15 00:00:00,2225.86614173228
2016-12-18 00:00:00,1672.26241134752
2016-12-21 00:00:00,2048.28301886792
2016-12-24 00:00:00,1757.8102189781
2016-12-27 00:00:00,1900.9358974359
2016-12-30 00:00:00,1826.86624203822
2017-01-02 00:00:00,1829.88050314465
2017-01-05 00:00:00,2060.72142857143
2017-01-08 00:00:00,1557.49101796407
2017-01-11 00:00:00,1980.77124183007
2017-01-14 00:00:00,1408.54069767442
2017-01-17 00:00:00,1852.51265822785
2017-01-20 00:00:00,1578.71428571429
2017-01-23 00:00:00,1706.73913043478
2017-01-26 00:00:00,2024.22580645161
2017-01-29 00:00:00,1446.86826347305
2017-02-01 00:00:00,1825.83333333333
2017-02-04 00:00:00,1977.625
2017-02-07 00:00:00,2154.09271523179
2017-02-10 00:00:00,2052.98639455782
2017-02-13 00:00:00,1768.65030674847
2017-02-16 00:00:00,1875.51655629139
2017-02-19 00:00:00,1878.51492537313
2017-02-22 00:00:00,2044.88405797101
2017-02-25 00:00:00,1955.21556886228
2017-02-28 00:00:00,2126.88888888889
2017-03-03 00:00:00,2233.84105960265
2017-03-06 00:00:00,2026.27464788732
2017-03-09 00:00:00,2051.56756756757
2017-03-12 00:00:00,1426.51612903226
2017-03-15 00:00:00,2059.39436619718
2017-03-18 00:00:00,1678.53503184713
2017-03-21 00:00:00,2028.55633802817
2017-03-24 00:00:00,1645.00568181818
2017-03-27 00:00:00,1759.7803030303
2017-03-30 00:00:00,1760.90243902439
2017-04-02 00:00:00,1545.58860759494
2017-04-05 00:00:00,1954.04320987654
2017-04-08 00:00:00,1656.63503649635
2017-04-11 00:00:00,1843.67065868263
2017-04-14 00:00:00,2087.8273381295
2017-04-17 00:00:00,1776.69565217391
2017-04-20 00:00:00,1941.41304347826
2017-04-23 00:00:00,1601.56209150327
2017-04-26 00:00:00,2186.08496732026
2017-04-29 00:00:00,1972.94219653179
2017-05-02 00:00:00,2108.61392405063
2017-05-05 00:00:00,2071.26356589147
2017-05-08 00:00:00,2028.31111111111
2017-05-11 00:00:00,2183.28148148148
2017-05-14 00:00:00,2250.59756097561
2017-05-17 00:00:00,2048.56129032258
2017-05-20 00:00:00,2138.21212121212
2017-05-23 00:00:00,2188.75
2017-05-26 00:00:00,2178.69281045752
2017-05-29 00:00:00,2130.05298013245
2017-06-01 00:00:00,1880.64117647059
2017-06-04 00:00:00,1652.44720496894
2017-06-07 00:00:00,2058.90909090909
2017-06-10 00:00:00,1808.4609929078
2017-06-13 00:00:00,2069.33333333333
2017-06-16 00:00:00,1823.89864864865
2017-06-19 00:00:00,1786.58278145695
2017-06-22 00:00:00,1940.17985611511
2017-06-25 00:00:00,1481.30327868852
2017-06-28 00:00:00,1782.23566878981
2017-07-01 00:00:00,1352.78048780488
2017-07-04 00:00:00,1669.82352941176
2017-07-07 00:00:00,1646.04054054054
2017-07-10 00:00:00,1277.77664974619
2017-07-13 00:00:00,1566.2101910828
2017-07-16 00:00:00,1246.41104294479
2017-07-19 00:00:00,1703.14093959732
2017-07-22 00:00:00,1395.9875
2017-07-25 00:00:00,1648.89189189189
2017-07-28 00:00:00,1648.04666666667
2017-07-31 00:00:00,1593.18620689655
2017-08-03 00:00:00,1543.60144927536
2017-08-06 00:00:00,1425.90714285714
2017-08-09 00:00:00,1890.97826086957
2017-08-12 00:00:00,1929.78518518519
2017-08-15 00:00:00,2046.06578947368
2017-08-18 00:00:00,2095.63758389262
2017-08-21 00:00:00,2058.88695652174
2017-08-24 00:00:00,2017.87128712871
2017-08-27 00:00:00,1689.61935483871
2017-08-30 00:00:00,1615.86904761905
2017-09-02 00:00:00,1443.96951219512
2017-09-05 00:00:00,1410.90355329949
2017-09-08 00:00:00,1597.07428571429
2017-09-11 00:00:00,1456.85057471264
2017-09-14 00:00:00,1540.62068965517
2017-09-17 00:00:00,1123.19886363636
2017-09-20 00:00:00,2014.7264957265
2017-09-23 00:00:00,1228.07831325301
2017-09-26 00:00:00,1910.49275362319
2017-09-29 00:00:00,1505.55029585799
2017-10-02 00:00:00,1966.68
2017-10-05 00:00:00,2185.944
2017-10-08 00:00:00,1309.80769230769
2017-10-11 00:00:00,2104.02158273381
2017-10-14 00:00:00,2079.00709219858
2017-10-17 00:00:00,2039.25609756098
2017-10-20 00:00:00,1745.30167597765
2017-10-23 00:00:00,1848.51461988304
2017-10-26 00:00:00,1476.81666666667
2017-10-29 00:00:00,2168.99350649351
2017-11-01 00:00:00,2253.39102564103
2017-11-04 00:00:00,2262.46923076923
2017-11-07 00:00:00,2151.51282051282
2017-11-10 00:00:00,2264.54166666667
2017-11-13 00:00:00,2209.27857142857
2017-11-16 00:00:00,2042.07894736842
2017-11-19 00:00:00,1655.34375
2017-11-22 00:00:00,2108.33108108108
2017-11-25 00:00:00,2158.26282051282
2017-11-28 00:00:00,2346.00641025641
2017-12-01 00:00:00,2256.32786885246
2017-12-04 00:00:00,2213.73480662983
2017-12-07 00:00:00,2466.55921052632
2017-12-10 00:00:00,2081.82926829268
2017-12-13 00:00:00,2282.68279569892
2017-12-16 00:00:00,2129.95321637427
2017-12-19 00:00:00,2704.44285714286
2017-12-22 00:00:00,2455.7935483871
2017-12-25 00:00:00,1695.74814814815
2017-12-28 00:00:00,2047.3355704698
2017-12-31 00:00:00,1781.73006134969
2018-01-03 00:00:00,2522.05732484076
2018-01-06 00:00:00,2135.99404761905
2018-01-09 00:00:00,2196.73780487805
2018-01-12 00:00:00,1685.90449438202
2018-01-15 00:00:00,1824.15333333333
2018-01-18 00:00:00,1788.98843930636
2018-01-21 00:00:00,1153.05882352941
2018-01-24 00:00:00,1422.85795454545
2018-01-27 00:00:00,1232.98089171975
2018-01-30 00:00:00,1416.82035928144
2018-02-02 00:00:00,1404.27380952381
2018-02-05 00:00:00,1169.52972972973
2018-02-08 00:00:00,1322.81679389313
2018-02-11 00:00:00,974.887417218543
2018-02-14 00:00:00,1097.30167597765
2018-02-17 00:00:00,1166.36912751678
2018-02-20 00:00:00,1407.48226950355
2018-02-23 00:00:00,1251.30405405405
2018-02-26 00:00:00,1322.51063829787
2018-03-01 00:00:00,1416.6303030303
2018-03-04 00:00:00,1082.64189189189
2018-03-07 00:00:00,1362.91719745223
2018-03-10 00:00:00,1115.91428571429
2018-03-13 00:00:00,1241.39240506329
2018-03-16 00:00:00,1198.58333333333
2018-03-19 00:00:00,1235.66451612903
2018-03-22 00:00:00,1295.01398601399
2018-03-25 00:00:00,1002.02962962963
2018-03-28 00:00:00,1314.97037037037
2018-03-31 00:00:00,1161.0703125
2018-04-03 00:00:00,1220.36196319018
2018-04-06 00:00:00,1252.81884057971
2018-04-09 00:00:00,1201.10884353741
2018-04-12 00:00:00,1369.34415584416
2018-04-15 00:00:00,1067.67484662577
2018-04-18 00:00:00,1254.625
2018-04-21 00:00:00,1219.96855345912
2018-04-24 00:00:00,1600.58490566038
2018-04-27 00:00:00,1486.75352112676
2018-04-30 00:00:00,1387.78709677419
2018-05-03 00:00:00,1513.38410596026
2018-05-06 00:00:00,1253.7299270073
2018-05-09 00:00:00,1291.11875
2018-05-12 00:00:00,1103.35757575758
2018-05-15 00:00:00,1471.08904109589
2018-05-18 00:00:00,1429.02702702703
2018-05-21 00:00:00,1290.74522292994
2018-05-24 00:00:00,1446.32867132867
2018-05-27 00:00:00,879.90243902439
2018-05-30 00:00:00,1172.85632183908
2018-06-02 00:00:00,1148.00657894737
2018-06-05 00:00:00,1216.57714285714
2018-06-08 00:00:00,1381.92413793103
2018-06-11 00:00:00,1522.82857142857
2018-06-14 00:00:00,1372.7385620915
2018-06-17 00:00:00,922.980891719745
2018-06-20 00:00:00,1283.15483870968
2018-06-23 00:00:00,1020.59375
2018-06-26 00:00:00,1338.38356164384
2018-06-29 00:00:00,1310.4701986755
2018-07-02 00:00:00,1413.43262411348
2018-07-05 00:00:00,1456.93430656934
2018-07-08 00:00:00,985.348101265823
2018-07-11 00:00:00,1500.76296296296
2018-07-14 00:00:00,1326.87969924812
2018-07-17 00:00:00,1471.48427672956
2018-07-20 00:00:00,1464.47402597403
2018-07-23 00:00:00,1382.40963855422
2018-07-26 00:00:00,1404.11515151515
2018-07-29 00:00:00,990.629411764706
2018-08-01 00:00:00,1606.96
2018-08-04 00:00:00,1088.96022727273
2018-08-07 00:00:00,1543.34437086093
2018-08-10 00:00:00,1284.93181818182
2018-08-13 00:00:00,1481.52666666667
2018-08-16 00:00:00,1470.4746835443
2018-08-19 00:00:00,1154.48275862069
2018-08-22 00:00:00,1439.58125
2018-08-25 00:00:00,1454.96296296296
2018-08-28 00:00:00,1555.81045751634
2018-08-31 00:00:00,1529.52258064516
2018-09-03 00:00:00,1547.89583333333
2018-09-06 00:00:00,1681.74
2018-09-09 00:00:00,1158.96932515337
2018-09-12 00:00:00,1388.54166666667
2018-09-15 00:00:00,1507.65
2018-09-18 00:00:00,1720.1338028169
2018-09-21 00:00:00,1896.1875
2018-09-24 00:00:00,1605.87837837838
2018-09-27 00:00:00,1739.06293706294
2018-09-30 00:00:00,1277.36196319018
2018-10-03 00:00:00,1671.05517241379
2018-10-06 00:00:00,1718.744
2018-10-09 00:00:00,1814.32307692308
2018-10-12 00:00:00,1842.22727272727
2018-10-15 00:00:00,1647.80864197531
2018-10-18 00:00:00,1836.59420289855
2018-10-21 00:00:00,1532.64492753623
2018-10-24 00:00:00,2248.59292035398
2018-10-27 00:00:00,1718.74264705882
2018-10-30 00:00:00,1839.78571428571
2018-11-02 00:00:00,2046.88111888112
2018-11-05 00:00:00,2050.62237762238
2018-11-08 00:00:00,2294.19008264463
2018-11-11 00:00:00,1691.71917808219
2018-11-14 00:00:00,2168.55555555556
2018-11-17 00:00:00,1811.3724137931
2018-11-20 00:00:00,2185.22727272727
2018-11-23 00:00:00,2202.088
2018-11-26 00:00:00,2315.87387387387
2018-11-29 00:00:00,2345.00952380952
2018-12-02 00:00:00,1953.27192982456
2018-12-05 00:00:00,1973.08461538462
2018-12-08 00:00:00,1819.71653543307
2018-12-11 00:00:00,2011.896
2018-12-14 00:00:00,1889.04794520548
2018-12-17 00:00:00,1867.64375
2018-12-20 00:00:00,2127.94814814815
2018-12-23 00:00:00,1424.65340909091
2018-12-26 00:00:00,1791.75159235669
2018-12-29 00:00:00,1920.14492753623
2019-01-01 00:00:00,1575.3355704698
2019-01-04 00:00:00,1891.08724832215
2019-01-07 00:00:00,2019.7304964539
2019-01-10 00:00:00,2098.32051282051
2019-01-13 00:00:00,2021.87591240876
2019-01-16 00:00:00,2298.51127819549
2019-01-19 00:00:00,2121.71428571429
2019-01-22 00:00:00,2277.23076923077
2019-01-25 00:00:00,2181.77536231884
2019-01-28 00:00:00,2124.56551724138
2019-01-31 00:00:00,2283.51612903226
2019-02-03 00:00:00,2175.15217391304
2019-02-06 00:00:00,2131.68292682927
2019-02-09 00:00:00,2072.61333333333
2019-02-12 00:00:00,2121.6640625
2019-02-15 00:00:00,2336.44881889764
2019-02-18 00:00:00,2221.12258064516
2019-02-21 00:00:00,2500.79831932773
2019-02-24 00:00:00,2339.02189781022
2019-02-27 00:00:00,2443.68794326241
2019-03-02 00:00:00,2544.42424242424
2019-03-05 00:00:00,1917.55704697987
2019-03-08 00:00:00,1953.86301369863
2019-03-11 00:00:00,2075.64084507042
2019-03-14 00:00:00,1935.02580645161
2019-03-17 00:00:00,1556.78082191781
2019-03-20 00:00:00,1894.16149068323
2019-03-23 00:00:00,1734.98620689655
2019-03-26 00:00:00,2734.44029850746
2019-03-29 00:00:00,2515.7619047619
2019-04-01 00:00:00,2712.52941176471
2019-04-04 00:00:00,2533.28571428571
2019-04-07 00:00:00,2486.74468085106
2019-04-10 00:00:00,2679.06081081081
2019-04-13 00:00:00,2719.08148148148
2019-04-16 00:00:00,2472.53103448276
2019-04-19 00:00:00,2382.42105263158
2019-04-22 00:00:00,2552.34328358209
2019-04-25 00:00:00,2685.93706293706
2019-04-28 00:00:00,2351.47852760736
2019-05-01 00:00:00,2570.46198830409
2019-05-04 00:00:00,2696.28787878788
2019-05-07 00:00:00,2597.97637795276
2019-05-10 00:00:00,2583.704
2019-05-13 00:00:00,2337.89221556886
2019-05-16 00:00:00,2568.91780821918
2019-05-19 00:00:00,2127.96932515337
2019-05-22 00:00:00,2364.59281437126
2019-05-25 00:00:00,2417.12857142857
2019-05-28 00:00:00,2380.65243902439
2019-05-31 00:00:00,2555.52991452991
2019-06-03 00:00:00,2470.66386554622
2019-06-06 00:00:00,2321.82165605096
2019-06-09 00:00:00,2047.05442176871
2019-06-12 00:00:00,2507.35877862595
2019-06-15 00:00:00,2266.80821917808
2019-06-18 00:00:00,2422.34969325153
2019-06-21 00:00:00,2539.40601503759
2019-06-24 00:00:00,2194.02259887006
2019-06-27 00:00:00,2542.60563380282
2019-06-30 00:00:00,2175.86184210526
2019-07-03 00:00:00,2311.36046511628
2019-07-06 00:00:00,1958.84269662921
2019-07-09 00:00:00,2373.94805194805
2019-07-12 00:00:00,2200.60365853659
2019-07-15 00:00:00,2391.17123287671
2019-07-18 00:00:00,2609.46280991736
2019-07-21 00:00:00,1905.59731543624
2019-07-24 00:00:00,2126.53956834532
2019-07-27 00:00:00,1867.71052631579
2019-07-30 00:00:00,2312.5
2019-08-02 00:00:00,2068.37869822485
2019-08-05 00:00:00,2371.58041958042
2019-08-08 00:00:00,2367.47183098592
2019-08-11 00:00:00,1786.14379084967
2019-08-14 00:00:00,2368.40131578947
2019-08-17 00:00:00,2252
2019-08-20 00:00:00,2178.45751633987
2019-08-23 00:00:00,2223.66013071895
2019-08-26 00:00:00,2322.76642335766
2019-08-29 00:00:00,2101.41818181818
2019-09-01 00:00:00,1996.27972027972
2019-09-04 00:00:00,2387.80147058824
2019-09-07 00:00:00,2096.19333333333
2019-09-10 00:00:00,1867.35164835165
2019-09-13 00:00:00,2059.04
2019-09-16 00:00:00,2130.9263803681
2019-09-19 00:00:00,2338.58108108108
2019-09-22 00:00:00,1919.9578313253
2019-09-25 00:00:00,2229.14743589744
2019-09-28 00:00:00,1977.56603773585
2019-10-01 00:00:00,2358.34965034965
2019-10-04 00:00:00,2294.02721088435
2019-10-07 00:00:00,2121.30967741936
2019-10-10 00:00:00,2129.92592592593
2019-10-13 00:00:00,1968.21830985915
2019-10-16 00:00:00,2366.94405594406
2019-10-19 00:00:00,2146.02816901408
2019-10-22 00:00:00,2020.49704142012
2019-10-25 00:00:00,2381.14492753623
2019-10-28 00:00:00,2310.52985074627
2019-10-31 00:00:00,2225.59848484848
2019-11-03 00:00:00,2133.09420289855
2019-11-06 00:00:00,2384.07575757576
2019-11-09 00:00:00,2126.13194444444
2019-11-12 00:00:00,2232.45925925926
2019-11-15 00:00:00,2057.87974683544
2019-11-18 00:00:00,2176.22142857143
2019-11-21 00:00:00,2364.62773722628
2019-11-24 00:00:00,2040.97709923664
2019-11-27 00:00:00,2284.87050359712
2019-11-30 00:00:00,2202.04761904762
2019-12-03 00:00:00,2129.82278481013
2019-12-06 00:00:00,2175.07586206897
2019-12-09 00:00:00,2119.11486486487
2019-12-12 00:00:00,2344.32330827068
2019-12-15 00:00:00,2124.52419354839
2019-12-18 00:00:00,2345.14179104478
2019-12-21 00:00:00,1767.71590909091
2019-12-24 00:00:00,2323.488
2019-12-27 00:00:00,2222.09655172414
2019-12-30 00:00:00,1954.80120481928
2020-01-02 00:00:00,2096.21985815603
2020-01-05 00:00:00,1765.51533742331
2020-01-08 00:00:00,2239.57042253521
2020-01-11 00:00:00,1896.13496932515
2020-01-14 00:00:00,2392.77931034483
2020-01-17 00:00:00,2037.68553459119
2020-01-20 00:00:00,2063.55921052632
2020-01-23 00:00:00,2074.95597484277
2020-01-26 00:00:00,1826.9020979021
2020-01-29 00:00:00,2128.5125
2020-02-01 00:00:00,2011.41721854305
2020-02-04 00:00:00,2342.34848484848
2020-02-07 00:00:00,2409.62589928058
2020-02-10 00:00:00,2443.47540983607
2020-02-13 00:00:00,2411.9219858156
2020-02-16 00:00:00,2058
2020-02-19 00:00:00,2374.50354609929
2020-02-22 00:00:00,2058.08783783784
2020-02-25 00:00:00,2323.5625
2020-02-28 00:00:00,2332.84810126582
2020-03-02 00:00:00,2300.81208053691
2020-03-05 00:00:00,2144.34969325153
2020-03-08 00:00:00,1915.78481012658
2020-03-11 00:00:00,2415.89915966387
2020-03-14 00:00:00,2186.15625
2020-03-17 00:00:00,2262.81300813008
2020-03-20 00:00:00,2610.95412844037
2020-03-23 00:00:00,2319.78571428571
2020-03-26 00:00:00,1830.175
2020-03-29 00:00:00,1541.85430463576
2020-04-01 00:00:00,1842.18954248366
2020-04-04 00:00:00,1613.2101910828
2020-04-07 00:00:00,1861.72619047619
2020-04-10 00:00:00,1770.46012269939
2020-04-13 00:00:00,1684.87134502924
2020-04-16 00:00:00,2096.77272727273
2020-04-19 00:00:00,1657.78947368421
2020-04-22 00:00:00,2127.90076335878
2020-04-25 00:00:00,2064.74264705882
2020-04-28 00:00:00,2100.48701298701
2020-05-01 00:00:00,2415.41843971631
2020-05-04 00:00:00,2063.91139240506
2020-05-07 00:00:00,2326.43537414966
2020-05-10 00:00:00,1686.99411764706
2020-05-13 00:00:00,2494.08403361345
2020-05-16 00:00:00,2353.61111111111
2020-05-19 00:00:00,2390.40869565217
2020-05-22 00:00:00,2511.56756756757
2020-05-25 00:00:00,2127
2020-05-28 00:00:00,2289.3893129771
2020-05-31 00:00:00,1722.84666666667
2020-06-03 00:00:00,2258.9928057554
2020-06-06 00:00:00,1453.43367346939
2020-06-09 00:00:00,2044.2125
2020-06-12 00:00:00,1952.60122699387
2020-06-15 00:00:00,2133.82608695652
2020-06-18 00:00:00,2289.49193548387
2020-06-21 00:00:00,1776.98630136986
2020-06-24 00:00:00,2246.91366906475
2020-06-27 00:00:00,1996.29710144928
2020-06-30 00:00:00,2039
2020-07-03 00:00:00,2030.73006134969
2020-07-06 00:00:00,2199.78571428571
2020-07-09 00:00:00,2211.69512195122
2020-07-12 00:00:00,1857.65789473684
2020-07-15 00:00:00,2290.31884057971
2020-07-18 00:00:00,2392.47692307692
2020-07-21 00:00:00,2502.968
2020-07-24 00:00:00,2294.60869565217
2020-07-27 00:00:00,2193.08053691275
2020-07-30 00:00:00,2428.06666666667
2020-08-02 00:00:00,2041.62411347518
2020-08-05 00:00:00,2262.12403100775
2020-08-08 00:00:00,1997.4014084507
2020-08-11 00:00:00,2272.41558441558
2020-08-14 00:00:00,2189.69461077844
2020-08-17 00:00:00,2343.552
2020-08-20 00:00:00,2285.5
2020-08-23 00:00:00,1839.031847133758
2020-08-26 00:00:00,2282.9859154929577
2020-08-29 00:00:00,2005.36301369863
2020-09-01 00:00:00,2444.8571428571427
2020-09-04 00:00:00,2209.525925925926
2020-09-07 00:00:00,1872.3542857142857
2020-09-10 00:00:00,2189.753164556962
2020-09-13 00:00:00,1574.7530864197531
2020-09-16 00:00:00,2210.3806451612904
2020-09-19 00:00:00,1988.9731543624162
2020-09-22 00:00:00,2426.2713178294575
2020-09-25 00:00:00,2089.171597633136