Timestamp,n-unique-addresses
2009-01-03 00:00:00,2
2009-01-11 00:00:00,93
2009-01-14 00:00:00,130
2009-01-17 00:00:00,109
2009-01-20 00:00:00,115
2009-01-23 00:00:00,86
2009-01-26 00:00:00,97
2009-01-29 00:00:00,122
2009-02-01 00:00:00,114
2009-02-04 00:00:00,119
2009-02-07 00:00:00,134
2009-02-10 00:00:00,120
2009-02-14 00:00:00,136
2009-02-17 00:00:00,117
2009-02-20 00:00:00,122
2009-02-23 00:00:00,108
2009-02-26 00:00:00,107
2009-03-01 00:00:00,105
2009-03-04 00:00:00,106
2009-03-07 00:00:00,109
2009-03-10 00:00:00,107
2009-03-14 00:00:00,110
2009-03-17 00:00:00,114
2009-03-20 00:00:00,119
2009-03-23 00:00:00,130
2009-03-26 00:00:00,118
2009-03-29 00:00:00,116
2009-04-01 00:00:00,114
2009-04-04 00:00:00,113
2009-04-07 00:00:00,100
2009-04-10 00:00:00,108
2009-04-13 00:00:00,117
2009-04-16 00:00:00,123
2009-04-19 00:00:00,120
2009-04-22 00:00:00,121
2009-04-25 00:00:00,118
2009-04-28 00:00:00,117
2009-05-01 00:00:00,121
2009-05-04 00:00:00,129
2009-05-07 00:00:00,122
2009-05-10 00:00:00,85
2009-05-13 00:00:00,116
2009-05-16 00:00:00,119
2009-05-19 00:00:00,86
2009-05-22 00:00:00,62
2009-05-25 00:00:00,109
2009-05-28 00:00:00,95
2009-05-31 00:00:00,97
2009-06-03 00:00:00,72
2009-06-07 00:00:00,16
2009-06-10 00:00:00,82
2009-06-13 00:00:00,78
2009-06-16 00:00:00,71
2009-06-19 00:00:00,87
2009-06-22 00:00:00,77
2009-06-25 00:00:00,69
2009-06-28 00:00:00,48
2009-07-01 00:00:00,75
2009-07-05 00:00:00,79
2009-07-08 00:00:00,74
2009-07-11 00:00:00,83
2009-07-14 00:00:00,69
2009-07-17 00:00:00,48
2009-07-20 00:00:00,72
2009-07-23 00:00:00,75
2009-07-26 00:00:00,20
2009-07-29 00:00:00,21
2009-08-01 00:00:00,28
2009-08-04 00:00:00,81
2009-08-07 00:00:00,82
2009-08-10 00:00:00,75
2009-08-13 00:00:00,85
2009-08-16 00:00:00,20
2009-08-19 00:00:00,18
2009-08-22 00:00:00,7
2009-08-25 00:00:00,51
2009-08-28 00:00:00,75
2009-08-31 00:00:00,87
2009-09-03 00:00:00,62
2009-09-06 00:00:00,68
2009-09-09 00:00:00,54
2009-09-12 00:00:00,69
2009-09-15 00:00:00,45
2009-09-18 00:00:00,78
2009-09-21 00:00:00,70
2009-09-24 00:00:00,97
2009-09-27 00:00:00,88
2009-09-30 00:00:00,85
2009-10-03 00:00:00,58
2009-10-06 00:00:00,45
2009-10-09 00:00:00,77
2009-10-12 00:00:00,59
2009-10-15 00:00:00,71
2009-10-18 00:00:00,75
2009-10-21 00:00:00,81
2009-10-24 00:00:00,63
2009-10-27 00:00:00,65
2009-10-30 00:00:00,60
2009-11-02 00:00:00,33
2009-11-05 00:00:00,58
2009-11-08 00:00:00,73
2009-11-11 00:00:00,66
2009-11-14 00:00:00,79
2009-11-17 00:00:00,92
2009-11-20 00:00:00,86
2009-11-23 00:00:00,96
2009-11-26 00:00:00,84
2009-11-29 00:00:00,60
2009-12-02 00:00:00,94
2009-12-06 00:00:00,105
2009-12-09 00:00:00,109
2009-12-12 00:00:00,111
2009-12-15 00:00:00,113
2009-12-18 00:00:00,225
2009-12-21 00:00:00,176
2009-12-24 00:00:00,154
2009-12-27 00:00:00,168
2009-12-30 00:00:00,141
2010-01-02 00:00:00,127
2010-01-05 00:00:00,198
2010-01-08 00:00:00,153
2010-01-11 00:00:00,159
2010-01-14 00:00:00,146
2010-01-17 00:00:00,131
2010-01-20 00:00:00,158
2010-01-23 00:00:00,163
2010-01-26 00:00:00,201
2010-01-29 00:00:00,199
2010-02-01 00:00:00,193
2010-02-04 00:00:00,234
2010-02-07 00:00:00,224
2010-02-10 00:00:00,171
2010-02-13 00:00:00,235
2010-02-16 00:00:00,202
2010-02-19 00:00:00,197
2010-02-22 00:00:00,266
2010-02-25 00:00:00,158
2010-02-28 00:00:00,159
2010-03-03 00:00:00,157
2010-03-06 00:00:00,182
2010-03-09 00:00:00,148
2010-03-12 00:00:00,123
2010-03-15 00:00:00,143
2010-03-18 00:00:00,148
2010-03-21 00:00:00,187
2010-03-24 00:00:00,180
2010-03-27 00:00:00,183
2010-03-30 00:00:00,218
2010-04-02 00:00:00,159
2010-04-05 00:00:00,181
2010-04-08 00:00:00,196
2010-04-11 00:00:00,261
2010-04-14 00:00:00,221
2010-04-17 00:00:00,241
2010-04-20 00:00:00,232
2010-04-23 00:00:00,201
2010-04-26 00:00:00,207
2010-04-29 00:00:00,174
2010-05-02 00:00:00,170
2010-05-05 00:00:00,158
2010-05-09 00:00:00,178
2010-05-12 00:00:00,144
2010-05-15 00:00:00,106
2010-05-18 00:00:00,208
2010-05-21 00:00:00,215
2010-05-24 00:00:00,239
2010-05-27 00:00:00,244
2010-05-30 00:00:00,195
2010-06-02 00:00:00,189
2010-06-05 00:00:00,181
2010-06-08 00:00:00,220
2010-06-11 00:00:00,251
2010-06-14 00:00:00,255
2010-06-17 00:00:00,204
2010-06-20 00:00:00,232
2010-06-23 00:00:00,264
2010-06-26 00:00:00,199
2010-06-29 00:00:00,244
2010-07-02 00:00:00,223
2010-07-05 00:00:00,226
2010-07-08 00:00:00,223
2010-07-11 00:00:00,452
2010-07-14 00:00:00,6548
2010-07-18 00:00:00,519
2010-07-21 00:00:00,524
2010-07-24 00:00:00,743
2010-07-27 00:00:00,511
2010-07-30 00:00:00,374
2010-08-02 00:00:00,431
2010-08-05 00:00:00,634
2010-08-08 00:00:00,437
2010-08-11 00:00:00,451
2010-08-14 00:00:00,440
2010-08-17 00:00:00,365
2010-08-20 00:00:00,458
2010-08-23 00:00:00,415
2010-08-26 00:00:00,388
2010-08-29 00:00:00,291
2010-09-01 00:00:00,431
2010-09-04 00:00:00,307
2010-09-07 00:00:00,290
2010-09-10 00:00:00,394
2010-09-13 00:00:00,512
2010-09-16 00:00:00,425
2010-09-19 00:00:00,389
2010-09-22 00:00:00,845
2010-09-25 00:00:00,602
2010-09-28 00:00:00,492
2010-10-01 00:00:00,672
2010-10-04 00:00:00,512
2010-10-07 00:00:00,407
2010-10-10 00:00:00,451
2010-10-13 00:00:00,457
2010-10-16 00:00:00,511
2010-10-19 00:00:00,1197
2010-10-22 00:00:00,764
2010-10-25 00:00:00,517
2010-10-28 00:00:00,644
2010-10-31 00:00:00,345
2010-11-03 00:00:00,407
2010-11-06 00:00:00,447
2010-11-09 00:00:00,446
2010-11-12 00:00:00,315
2010-11-15 00:00:00,4210
2010-11-18 00:00:00,469
2010-11-21 00:00:00,578
2010-11-24 00:00:00,621
2010-11-27 00:00:00,564
2010-11-30 00:00:00,577
2010-12-03 00:00:00,481
2010-12-06 00:00:00,564
2010-12-09 00:00:00,599
2010-12-12 00:00:00,979
2010-12-15 00:00:00,895
2010-12-18 00:00:00,688
2010-12-21 00:00:00,846
2010-12-24 00:00:00,711
2010-12-27 00:00:00,701
2010-12-30 00:00:00,797
2011-01-03 00:00:00,1023
2011-01-06 00:00:00,842
2011-01-09 00:00:00,1132
2011-01-12 00:00:00,1039
2011-01-15 00:00:00,1171
2011-01-18 00:00:00,1126
2011-01-21 00:00:00,1520
2011-01-24 00:00:00,1673
2011-01-27 00:00:00,1119
2011-01-30 00:00:00,2852
2011-02-02 00:00:00,1127
2011-02-05 00:00:00,1055
2011-02-08 00:00:00,1092
2011-02-11 00:00:00,3680
2011-02-14 00:00:00,2829
2011-02-17 00:00:00,3147
2011-02-20 00:00:00,2752
2011-02-23 00:00:00,3287
2011-02-27 00:00:00,3122
2011-03-02 00:00:00,2979
2011-03-05 00:00:00,2923
2011-03-08 00:00:00,3483
2011-03-11 00:00:00,2579
2011-03-14 00:00:00,2161
2011-03-17 00:00:00,2782
2011-03-20 00:00:00,4021
2011-03-23 00:00:00,6112
2011-03-26 00:00:00,4144
2011-03-29 00:00:00,3966
2011-04-01 00:00:00,2714
2011-04-04 00:00:00,3829
2011-04-07 00:00:00,2792
2011-04-10 00:00:00,2907
2011-04-13 00:00:00,3658
2011-04-16 00:00:00,3277
2011-04-19 00:00:00,5303
2011-04-22 00:00:00,3411
2011-04-25 00:00:00,4239
2011-04-28 00:00:00,5070
2011-05-01 00:00:00,6246
2011-05-04 00:00:00,5060
2011-05-07 00:00:00,6034
2011-05-10 00:00:00,5567
2011-05-13 00:00:00,7459
2011-05-16 00:00:00,9982
2011-05-19 00:00:00,10305
2011-05-22 00:00:00,9506
2011-05-25 00:00:00,12714
2011-05-28 00:00:00,9810
2011-05-31 00:00:00,11804
2011-06-03 00:00:00,14972
2011-06-06 00:00:00,17873
2011-06-09 00:00:00,22685
2011-06-12 00:00:00,23112
2011-06-15 00:00:00,23970
2011-06-18 00:00:00,22951
2011-06-21 00:00:00,21761
2011-06-24 00:00:00,21877
2011-06-27 00:00:00,25710
2011-06-30 00:00:00,20208
2011-07-03 00:00:00,19736
2011-07-06 00:00:00,22736
2011-07-09 00:00:00,19626
2011-07-12 00:00:00,19827
2011-07-15 00:00:00,21625
2011-07-19 00:00:00,21575
2011-07-22 00:00:00,21517
2011-07-25 00:00:00,23494
2011-07-28 00:00:00,22503
2011-07-31 00:00:00,21881
2011-08-03 00:00:00,15066
2011-08-06 00:00:00,17405
2011-08-09 00:00:00,20710
2011-08-12 00:00:00,14112
2011-08-15 00:00:00,16081
2011-08-18 00:00:00,18093
2011-08-21 00:00:00,20093
2011-08-24 00:00:00,19095
2011-08-27 00:00:00,16982
2011-08-30 00:00:00,15081
2011-09-02 00:00:00,13795
2011-09-05 00:00:00,15423
2011-09-08 00:00:00,13070
2011-09-11 00:00:00,12860
2011-09-14 00:00:00,12408
2011-09-17 00:00:00,10988
2011-09-20 00:00:00,18674
2011-09-23 00:00:00,17920
2011-09-27 00:00:00,16396
2011-09-30 00:00:00,11283
2011-10-03 00:00:00,11909
2011-10-06 00:00:00,11840
2011-10-09 00:00:00,10536
2011-10-12 00:00:00,11384
2011-10-15 00:00:00,10932
2011-10-18 00:00:00,9916
2011-10-21 00:00:00,10025
2011-10-24 00:00:00,11426
2011-10-27 00:00:00,9205
2011-10-30 00:00:00,9209
2011-11-02 00:00:00,10787
2011-11-05 00:00:00,11062
2011-11-08 00:00:00,11275
2011-11-11 00:00:00,9129
2011-11-14 00:00:00,10912
2011-11-17 00:00:00,9659
2011-11-20 00:00:00,8506
2011-11-23 00:00:00,8817
2011-11-26 00:00:00,7999
2011-11-29 00:00:00,11231
2011-12-02 00:00:00,10573
2011-12-05 00:00:00,10376
2011-12-08 00:00:00,9560
2011-12-11 00:00:00,8796
2011-12-14 00:00:00,9481
2011-12-17 00:00:00,7831
2011-12-20 00:00:00,10326
2011-12-23 00:00:00,9532
2011-12-26 00:00:00,9349
2011-12-29 00:00:00,8976
2012-01-01 00:00:00,8531
2012-01-04 00:00:00,9542
2012-01-07 00:00:00,9897
2012-01-10 00:00:00,11358
2012-01-13 00:00:00,11166
2012-01-16 00:00:00,11532
2012-01-19 00:00:00,11554
2012-01-22 00:00:00,8947
2012-01-25 00:00:00,12953
2012-01-28 00:00:00,10203
2012-01-31 00:00:00,11903
2012-02-03 00:00:00,12425
2012-02-06 00:00:00,10597
2012-02-09 00:00:00,12023
2012-02-12 00:00:00,11267
2012-02-15 00:00:00,14247
2012-02-18 00:00:00,11467
2012-02-21 00:00:00,11225
2012-02-24 00:00:00,12250
2012-02-27 00:00:00,11537
2012-03-01 00:00:00,11932
2012-03-04 00:00:00,12059
2012-03-07 00:00:00,11938
2012-03-10 00:00:00,10033
2012-03-13 00:00:00,12963
2012-03-16 00:00:00,12250
2012-03-19 00:00:00,11570
2012-03-22 00:00:00,12135
2012-03-25 00:00:00,10624
2012-03-28 00:00:00,12531
2012-03-31 00:00:00,10981
2012-04-03 00:00:00,13314
2012-04-06 00:00:00,11820
2012-04-10 00:00:00,13537
2012-04-13 00:00:00,12315
2012-04-16 00:00:00,14672
2012-04-19 00:00:00,13400
2012-04-22 00:00:00,11365
2012-04-25 00:00:00,13544
2012-04-28 00:00:00,12431
2012-05-01 00:00:00,15590
2012-05-04 00:00:00,17784
2012-05-07 00:00:00,20276
2012-05-10 00:00:00,16147
2012-05-13 00:00:00,17073
2012-05-16 00:00:00,20227
2012-05-19 00:00:00,26811
2012-05-22 00:00:00,22280
2012-05-25 00:00:00,24344
2012-05-28 00:00:00,24094
2012-05-31 00:00:00,22548
2012-06-03 00:00:00,26003
2012-06-06 00:00:00,19044
2012-06-09 00:00:00,25160
2012-06-12 00:00:00,17736
2012-06-15 00:00:00,37978
2012-06-18 00:00:00,31461
2012-06-21 00:00:00,23348
2012-06-24 00:00:00,22447
2012-06-27 00:00:00,30787
2012-06-30 00:00:00,25747
2012-07-03 00:00:00,26886
2012-07-06 00:00:00,23077
2012-07-09 00:00:00,25581
2012-07-12 00:00:00,27087
2012-07-15 00:00:00,24275
2012-07-18 00:00:00,27648
2012-07-21 00:00:00,29404
2012-07-24 00:00:00,28741
2012-07-27 00:00:00,26568
2012-07-30 00:00:00,29054
2012-08-02 00:00:00,32876
2012-08-05 00:00:00,29815
2012-08-08 00:00:00,39343
2012-08-11 00:00:00,30148
2012-08-14 00:00:00,33320
2012-08-17 00:00:00,44100
2012-08-20 00:00:00,33907
2012-08-23 00:00:00,35374
2012-08-26 00:00:00,27899
2012-08-29 00:00:00,32397
2012-09-01 00:00:00,36448
2012-09-04 00:00:00,33419
2012-09-07 00:00:00,33314
2012-09-10 00:00:00,30504
2012-09-13 00:00:00,27581
2012-09-16 00:00:00,25556
2012-09-19 00:00:00,34730
2012-09-23 00:00:00,23802
2012-09-26 00:00:00,36372
2012-09-29 00:00:00,27182
2012-10-02 00:00:00,38050
2012-10-05 00:00:00,35733
2012-10-08 00:00:00,38115
2012-10-11 00:00:00,31805
2012-10-14 00:00:00,30286
2012-10-17 00:00:00,34926
2012-10-20 00:00:00,32674
2012-10-23 00:00:00,30902
2012-10-26 00:00:00,27826
2012-10-29 00:00:00,22575
2012-11-01 00:00:00,23851
2012-11-04 00:00:00,22730
2012-11-07 00:00:00,33072
2012-11-10 00:00:00,23652
2012-11-13 00:00:00,25520
2012-11-16 00:00:00,36029
2012-11-19 00:00:00,33235
2012-11-22 00:00:00,32289
2012-11-25 00:00:00,27861
2012-11-28 00:00:00,34110
2012-12-01 00:00:00,26710
2012-12-04 00:00:00,28801
2012-12-07 00:00:00,30025
2012-12-10 00:00:00,26226
2012-12-13 00:00:00,34817
2012-12-17 00:00:00,33323
2012-12-20 00:00:00,29958
2012-12-23 00:00:00,29746
2012-12-26 00:00:00,24736
2012-12-30 00:00:00,36923
2013-01-02 00:00:00,34292
2013-01-05 00:00:00,41729
2013-01-08 00:00:00,38444
2013-01-11 00:00:00,47149
2013-01-14 00:00:00,33866
2013-01-17 00:00:00,42864
2013-01-20 00:00:00,35085
2013-01-23 00:00:00,36638
2013-01-26 00:00:00,41077
2013-01-29 00:00:00,41048
2013-02-01 00:00:00,49764
2013-02-04 00:00:00,42775
2013-02-07 00:00:00,44492
2013-02-10 00:00:00,45056
2013-02-13 00:00:00,40623
2013-02-16 00:00:00,37997
2013-02-19 00:00:00,39820
2013-02-22 00:00:00,43738
2013-02-25 00:00:00,44281
2013-02-28 00:00:00,46076
2013-03-03 00:00:00,35819
2013-03-06 00:00:00,53581
2013-03-09 00:00:00,41221
2013-03-12 00:00:00,44677
2013-03-15 00:00:00,51708
2013-03-18 00:00:00,46404
2013-03-21 00:00:00,52089
2013-03-24 00:00:00,57217
2013-03-27 00:00:00,58532
2013-03-30 00:00:00,60965
2013-04-02 00:00:00,72700
2013-04-05 00:00:00,84264
2013-04-08 00:00:00,94011
2013-04-11 00:00:00,96628
2013-04-14 00:00:00,57893
2013-04-17 00:00:00,86804
2013-04-20 00:00:00,62602
2013-04-23 00:00:00,78421
2013-04-26 00:00:00,72592
2013-04-29 00:00:00,73560
2013-05-02 00:00:00,65415
2013-05-06 00:00:00,69183
2013-05-09 00:00:00,69602
2013-05-12 00:00:00,58799
2013-05-15 00:00:00,68388
2013-05-18 00:00:00,55552
2013-05-21 00:00:00,67890
2013-05-24 00:00:00,68107
2013-05-27 00:00:00,59658
2013-05-30 00:00:00,63472
2013-06-02 00:00:00,51180
2013-06-05 00:00:00,65079
2013-06-08 00:00:00,47541
2013-06-11 00:00:00,56360
2013-06-14 00:00:00,63694
2013-06-17 00:00:00,47538
2013-06-20 00:00:00,54098
2013-06-23 00:00:00,40871
2013-06-26 00:00:00,54144
2013-06-29 00:00:00,50788
2013-07-02 00:00:00,51868
2013-07-05 00:00:00,50395
2013-07-08 00:00:00,52297
2013-07-11 00:00:00,61548
2013-07-14 00:00:00,38901
2013-07-17 00:00:00,53170
2013-07-20 00:00:00,42223
2013-07-23 00:00:00,53996
2013-07-26 00:00:00,51523
2013-07-29 00:00:00,56108
2013-08-01 00:00:00,103351
2013-08-04 00:00:00,46551
2013-08-07 00:00:00,64954
2013-08-10 00:00:00,51094
2013-08-13 00:00:00,61005
2013-08-16 00:00:00,69111
2013-08-19 00:00:00,69236
2013-08-22 00:00:00,72393
2013-08-25 00:00:00,48353
2013-08-28 00:00:00,73597
2013-08-31 00:00:00,77866
2013-09-03 00:00:00,57454
2013-09-06 00:00:00,58464
2013-09-09 00:00:00,56478
2013-09-12 00:00:00,63265
2013-09-15 00:00:00,44238
2013-09-18 00:00:00,64710
2013-09-21 00:00:00,55887
2013-09-24 00:00:00,65926
2013-09-27 00:00:00,64406
2013-09-30 00:00:00,67081
2013-10-03 00:00:00,66403
2013-10-06 00:00:00,49517
2013-10-09 00:00:00,67064
2013-10-12 00:00:00,55313
2013-10-15 00:00:00,71738
2013-10-18 00:00:00,70030
2013-10-21 00:00:00,79056
2013-10-24 00:00:00,89418
2013-10-27 00:00:00,54721
2013-10-30 00:00:00,78591
2013-11-02 00:00:00,65176
2013-11-05 00:00:00,97335
2013-11-08 00:00:00,106680
2013-11-11 00:00:00,88300
2013-11-14 00:00:00,112531
2013-11-17 00:00:00,89325
2013-11-20 00:00:00,139562
2013-11-23 00:00:00,130687
2013-11-26 00:00:00,153552
2013-11-29 00:00:00,162274
2013-12-02 00:00:00,146063
2013-12-05 00:00:00,157285
2013-12-08 00:00:00,95435
2013-12-11 00:00:00,127804
2013-12-14 00:00:00,111422
2013-12-17 00:00:00,133831
2013-12-20 00:00:00,118892
2013-12-23 00:00:00,132256
2013-12-26 00:00:00,106343
2013-12-29 00:00:00,94132
2014-01-01 00:00:00,85153
2014-01-04 00:00:00,99666
2014-01-07 00:00:00,121168
2014-01-10 00:00:00,108863
2014-01-13 00:00:00,133710
2014-01-16 00:00:00,108455
2014-01-19 00:00:00,95238
2014-01-22 00:00:00,132174
2014-01-25 00:00:00,107992
2014-01-28 00:00:00,134406
2014-01-31 00:00:00,131259
2014-02-03 00:00:00,151697
2014-02-06 00:00:00,143631
2014-02-09 00:00:00,110355
2014-02-12 00:00:00,124023
2014-02-15 00:00:00,128245
2014-02-18 00:00:00,132286
2014-02-21 00:00:00,156400
2014-02-24 00:00:00,193162
2014-02-27 00:00:00,162312
2014-03-02 00:00:00,134483
2014-03-05 00:00:00,172202
2014-03-08 00:00:00,149419
2014-03-11 00:00:00,155145
2014-03-14 00:00:00,135298
2014-03-17 00:00:00,162111
2014-03-20 00:00:00,136364
2014-03-23 00:00:00,126956
2014-03-26 00:00:00,146839
2014-03-29 00:00:00,127427
2014-04-01 00:00:00,155429
2014-04-04 00:00:00,154707
2014-04-07 00:00:00,136394
2014-04-10 00:00:00,159374
2014-04-13 00:00:00,156895
2014-04-16 00:00:00,149841
2014-04-19 00:00:00,118692
2014-04-22 00:00:00,162297
2014-04-25 00:00:00,154706
2014-04-28 00:00:00,146280
2014-05-01 00:00:00,132989
2014-05-04 00:00:00,136682
2014-05-07 00:00:00,139545
2014-05-10 00:00:00,115894
2014-05-13 00:00:00,126152
2014-05-16 00:00:00,123629
2014-05-19 00:00:00,137175
2014-05-22 00:00:00,137973
2014-05-25 00:00:00,165704
2014-05-28 00:00:00,156184
2014-05-31 00:00:00,123644
2014-06-03 00:00:00,160756
2014-06-06 00:00:00,143645
2014-06-09 00:00:00,137265
2014-06-12 00:00:00,146361
2014-06-15 00:00:00,156625
2014-06-18 00:00:00,144626
2014-06-21 00:00:00,130125
2014-06-24 00:00:00,148534
2014-06-27 00:00:00,144281
2014-06-30 00:00:00,153158
2014-07-03 00:00:00,135992
2014-07-06 00:00:00,163144
2014-07-09 00:00:00,157335
2014-07-12 00:00:00,134802
2014-07-15 00:00:00,154269
2014-07-18 00:00:00,141523
2014-07-21 00:00:00,135234
2014-07-24 00:00:00,149324
2014-07-27 00:00:00,162972
2014-07-30 00:00:00,156102
2014-08-02 00:00:00,121519
2014-08-05 00:00:00,168882
2014-08-08 00:00:00,149498
2014-08-11 00:00:00,170341
2014-08-14 00:00:00,165350
2014-08-17 00:00:00,179878
2014-08-20 00:00:00,163469
2014-08-23 00:00:00,128246
2014-08-26 00:00:00,163451
2014-08-29 00:00:00,140682
2014-09-01 00:00:00,167302
2014-09-04 00:00:00,153958
2014-09-07 00:00:00,212749
2014-09-10 00:00:00,155747
2014-09-13 00:00:00,132966
2014-09-16 00:00:00,182666
2014-09-19 00:00:00,143062
2014-09-22 00:00:00,170784
2014-09-25 00:00:00,168665
2014-09-28 00:00:00,214115
2014-10-01 00:00:00,184302
2014-10-04 00:00:00,140633
2014-10-07 00:00:00,171824
2014-10-10 00:00:00,171643
2014-10-13 00:00:00,181958
2014-10-16 00:00:00,159050
2014-10-20 00:00:00,166994
2014-10-23 00:00:00,164169
2014-10-26 00:00:00,184703
2014-10-29 00:00:00,174417
2014-11-01 00:00:00,143835
2014-11-04 00:00:00,172105
2014-11-07 00:00:00,163758
2014-11-10 00:00:00,175663
2014-11-13 00:00:00,183931
2014-11-16 00:00:00,222035
2014-11-19 00:00:00,172491
2014-11-22 00:00:00,154860
2014-11-25 00:00:00,175123
2014-11-28 00:00:00,177683
2014-12-01 00:00:00,181684
2014-12-04 00:00:00,187186
2014-12-07 00:00:00,229659
2014-12-10 00:00:00,187861
2014-12-13 00:00:00,155092
2014-12-16 00:00:00,219102
2014-12-19 00:00:00,189380
2014-12-22 00:00:00,212181
2014-12-25 00:00:00,140109
2014-12-28 00:00:00,238616
2014-12-31 00:00:00,150108
2015-01-03 00:00:00,205926
2015-01-06 00:00:00,179159
2015-01-09 00:00:00,202190
2015-01-12 00:00:00,186352
2015-01-15 00:00:00,229796
2015-01-18 00:00:00,214984
2015-01-21 00:00:00,189969
2015-01-24 00:00:00,167143
2015-01-27 00:00:00,205787
2015-01-30 00:00:00,161500
2015-02-02 00:00:00,184674
2015-02-05 00:00:00,176000
2015-02-08 00:00:00,264578
2015-02-11 00:00:00,191881
2015-02-14 00:00:00,214118
2015-02-17 00:00:00,229875
2015-02-20 00:00:00,196964
2015-02-23 00:00:00,213050
2015-02-26 00:00:00,190948
2015-03-01 00:00:00,230566
2015-03-04 00:00:00,200738
2015-03-07 00:00:00,213542
2015-03-10 00:00:00,202831
2015-03-13 00:00:00,196893
2015-03-16 00:00:00,215332
2015-03-19 00:00:00,191319
2015-03-22 00:00:00,229566
2015-03-25 00:00:00,186186
2015-03-28 00:00:00,200239
2015-03-31 00:00:00,226307
2015-04-03 00:00:00,194634
2015-04-06 00:00:00,205697
2015-04-09 00:00:00,201791
2015-04-12 00:00:00,217732
2015-04-15 00:00:00,186694
2015-04-18 00:00:00,216541
2015-04-21 00:00:00,202389
2015-04-24 00:00:00,204006
2015-04-27 00:00:00,215145
2015-04-30 00:00:00,206785
2015-05-03 00:00:00,214577
2015-05-06 00:00:00,225289
2015-05-09 00:00:00,189134
2015-05-12 00:00:00,226586
2015-05-15 00:00:00,209511
2015-05-18 00:00:00,206913
2015-05-21 00:00:00,202037
2015-05-24 00:00:00,249786
2015-05-27 00:00:00,214649
2015-05-30 00:00:00,266265
2015-06-02 00:00:00,253269
2015-06-05 00:00:00,223180
2015-06-08 00:00:00,202272
2015-06-11 00:00:00,233951
2015-06-14 00:00:00,247680
2015-06-17 00:00:00,264842
2015-06-20 00:00:00,228622
2015-06-23 00:00:00,256698
2015-06-26 00:00:00,248150
2015-06-29 00:00:00,240752
2015-07-02 00:00:00,267808
2015-07-05 00:00:00,269467
2015-07-08 00:00:00,278945
2015-07-11 00:00:00,275689
2015-07-14 00:00:00,230438
2015-07-17 00:00:00,205768
2015-07-20 00:00:00,236910
2015-07-23 00:00:00,208474
2015-07-26 00:00:00,256518
2015-07-29 00:00:00,269690
2015-08-01 00:00:00,256672
2015-08-04 00:00:00,252264
2015-08-07 00:00:00,225700
2015-08-10 00:00:00,235211
2015-08-13 00:00:00,228212
2015-08-16 00:00:00,233711
2015-08-19 00:00:00,238988
2015-08-22 00:00:00,258265
2015-08-25 00:00:00,242047
2015-08-28 00:00:00,243645
2015-08-31 00:00:00,247407
2015-09-03 00:00:00,246972
2015-09-06 00:00:00,252302
2015-09-09 00:00:00,251368
2015-09-12 00:00:00,229007
2015-09-15 00:00:00,268665
2015-09-18 00:00:00,259008
2015-09-21 00:00:00,291556
2015-09-24 00:00:00,243301
2015-09-27 00:00:00,256084
2015-09-30 00:00:00,264581
2015-10-03 00:00:00,213681
2015-10-06 00:00:00,251844
2015-10-09 00:00:00,209703
2015-10-12 00:00:00,233677
2015-10-15 00:00:00,303248
2015-10-18 00:00:00,276825
2015-10-21 00:00:00,289412
2015-10-24 00:00:00,316588
2015-10-27 00:00:00,294013
2015-10-30 00:00:00,308255
2015-11-02 00:00:00,309823
2015-11-05 00:00:00,358734
2015-11-08 00:00:00,312946
2015-11-11 00:00:00,308741
2015-11-14 00:00:00,328381
2015-11-17 00:00:00,298212
2015-11-20 00:00:00,301700
2015-11-23 00:00:00,280821
2015-11-26 00:00:00,314907
2015-11-29 00:00:00,239211
2015-12-02 00:00:00,357585
2015-12-05 00:00:00,393380
2015-12-08 00:00:00,388080
2015-12-11 00:00:00,381204
2015-12-14 00:00:00,412673
2015-12-17 00:00:00,383742
2015-12-20 00:00:00,409195
2015-12-23 00:00:00,382171
2015-12-26 00:00:00,367108
2015-12-29 00:00:00,331379
2016-01-01 00:00:00,263121
2016-01-04 00:00:00,344268
2016-01-07 00:00:00,364236
2016-01-10 00:00:00,365165
2016-01-13 00:00:00,339655
2016-01-16 00:00:00,406524
2016-01-19 00:00:00,336941
2016-01-22 00:00:00,398872
2016-01-25 00:00:00,420289
2016-01-28 00:00:00,430552
2016-01-31 00:00:00,402413
2016-02-03 00:00:00,368096
2016-02-06 00:00:00,419675
2016-02-09 00:00:00,425454
2016-02-12 00:00:00,399936
2016-02-15 00:00:00,421244
2016-02-18 00:00:00,415599
2016-02-21 00:00:00,442857
2016-02-24 00:00:00,382913
2016-02-27 00:00:00,386100
2016-03-01 00:00:00,483492
2016-03-04 00:00:00,377324
2016-03-07 00:00:00,327348
2016-03-10 00:00:00,366983
2016-03-13 00:00:00,351625
2016-03-16 00:00:00,371938
2016-03-19 00:00:00,358458
2016-03-22 00:00:00,391714
2016-03-25 00:00:00,332910
2016-03-28 00:00:00,355562
2016-03-31 00:00:00,340536
2016-04-03 00:00:00,362201
2016-04-06 00:00:00,400648
2016-04-09 00:00:00,353010
2016-04-12 00:00:00,418258
2016-04-15 00:00:00,368762
2016-04-18 00:00:00,391408
2016-04-21 00:00:00,401683
2016-04-24 00:00:00,377166
2016-04-27 00:00:00,386129
2016-04-30 00:00:00,370399
2016-05-03 00:00:00,374877
2016-05-06 00:00:00,374471
2016-05-09 00:00:00,405890
2016-05-12 00:00:00,373340
2016-05-15 00:00:00,350006
2016-05-18 00:00:00,413891
2016-05-21 00:00:00,358023
2016-05-24 00:00:00,407284
2016-05-27 00:00:00,407025
2016-05-30 00:00:00,415243
2016-06-02 00:00:00,388996
2016-06-05 00:00:00,370336
2016-06-08 00:00:00,393284
2016-06-11 00:00:00,375798
2016-06-14 00:00:00,407360
2016-06-17 00:00:00,456749
2016-06-20 00:00:00,465872
2016-06-23 00:00:00,442288
2016-06-26 00:00:00,387274
2016-06-29 00:00:00,370956
2016-07-02 00:00:00,348963
2016-07-05 00:00:00,384212
2016-07-08 00:00:00,363255
2016-07-11 00:00:00,392909
2016-07-14 00:00:00,369011
2016-07-17 00:00:00,327405
2016-07-20 00:00:00,378263
2016-07-23 00:00:00,338444
2016-07-26 00:00:00,407264
2016-07-29 00:00:00,358526
2016-08-01 00:00:00,401276
2016-08-04 00:00:00,384713
2016-08-07 00:00:00,344197
2016-08-10 00:00:00,409835
2016-08-13 00:00:00,361767
2016-08-16 00:00:00,423764
2016-08-19 00:00:00,402063
2016-08-22 00:00:00,408558
2016-08-25 00:00:00,393474
2016-08-28 00:00:00,331778
2016-08-31 00:00:00,390847
2016-09-03 00:00:00,361959
2016-09-06 00:00:00,413110
2016-09-09 00:00:00,380834
2016-09-12 00:00:00,393992
2016-09-15 00:00:00,398012
2016-09-18 00:00:00,366454
2016-09-21 00:00:00,408745
2016-09-24 00:00:00,368915
2016-09-27 00:00:00,429499
2016-09-30 00:00:00,446430
2016-10-03 00:00:00,494066
2016-10-06 00:00:00,499902
2016-10-09 00:00:00,410025
2016-10-12 00:00:00,413349
2016-10-15 00:00:00,390688
2016-10-18 00:00:00,450933
2016-10-21 00:00:00,458618
2016-10-24 00:00:00,406335
2016-10-27 00:00:00,544308
2016-10-30 00:00:00,359909
2016-11-02 00:00:00,455987
2016-11-05 00:00:00,438573
2016-11-08 00:00:00,515899
2016-11-11 00:00:00,438416
2016-11-14 00:00:00,489541
2016-11-17 00:00:00,483350
2016-11-20 00:00:00,452258
2016-11-23 00:00:00,478502
2016-11-26 00:00:00,501367
2016-11-29 00:00:00,498908
2016-12-02 00:00:00,579169
2016-12-05 00:00:00,517986
2016-12-08 00:00:00,493590
2016-12-11 00:00:00,440785
2016-12-14 00:00:00,495462
2016-12-17 00:00:00,458681
2016-12-20 00:00:00,508909
2016-12-23 00:00:00,522517
2016-12-26 00:00:00,448558
2016-12-29 00:00:00,512157
2017-01-01 00:00:00,355325
2017-01-04 00:00:00,545609
2017-01-07 00:00:00,503341
2017-01-10 00:00:00,541168
2017-01-13 00:00:00,466561
2017-01-16 00:00:00,473647
2017-01-19 00:00:00,516339
2017-01-22 00:00:00,428798
2017-01-25 00:00:00,514639
2017-01-28 00:00:00,461292
2017-01-31 00:00:00,523037
2017-02-03 00:00:00,560375
2017-02-06 00:00:00,440410
2017-02-09 00:00:00,575008
2017-02-12 00:00:00,422085
2017-02-15 00:00:00,495897
2017-02-18 00:00:00,510386
2017-02-21 00:00:00,487721
2017-02-24 00:00:00,590852
2017-02-27 00:00:00,501497
2017-03-02 00:00:00,565742
2017-03-05 00:00:00,524843
2017-03-08 00:00:00,526233
2017-03-11 00:00:00,518976
2017-03-14 00:00:00,561535
2017-03-17 00:00:00,532934
2017-03-20 00:00:00,512638
2017-03-23 00:00:00,537475
2017-03-26 00:00:00,462863
2017-03-29 00:00:00,534780
2017-04-01 00:00:00,502791
2017-04-04 00:00:00,496731
2017-04-07 00:00:00,542132
2017-04-10 00:00:00,548201
2017-04-13 00:00:00,449522
2017-04-16 00:00:00,429264
2017-04-19 00:00:00,566249
2017-04-22 00:00:00,530090
2017-04-25 00:00:00,580199
2017-04-28 00:00:00,582827
2017-05-01 00:00:00,542848
2017-05-04 00:00:00,676231
2017-05-07 00:00:00,581370
2017-05-10 00:00:00,592447
2017-05-13 00:00:00,623294
2017-05-16 00:00:00,453277
2017-05-19 00:00:00,633618
2017-05-22 00:00:00,604611
2017-05-25 00:00:00,659056
2017-05-28 00:00:00,592663
2017-05-31 00:00:00,614127
2017-06-03 00:00:00,601584
2017-06-06 00:00:00,617594
2017-06-09 00:00:00,571965
2017-06-12 00:00:00,538625
2017-06-15 00:00:00,573732
2017-06-18 00:00:00,433247
2017-06-21 00:00:00,585195
2017-06-24 00:00:00,469728
2017-06-27 00:00:00,556139
2017-06-30 00:00:00,533428
2017-07-03 00:00:00,497459
2017-07-06 00:00:00,459295
2017-07-09 00:00:00,390403
2017-07-12 00:00:00,513003
2017-07-15 00:00:00,446600
2017-07-18 00:00:00,561056
2017-07-21 00:00:00,542765
2017-07-24 00:00:00,469353
2017-07-27 00:00:00,443426
2017-07-30 00:00:00,386559
2017-08-02 00:00:00,403176
2017-08-05 00:00:00,463850
2017-08-08 00:00:00,587788
2017-08-11 00:00:00,580988
2017-08-14 00:00:00,542910
2017-08-17 00:00:00,631516
2017-08-20 00:00:00,444726
2017-08-23 00:00:00,628517
2017-08-26 00:00:00,472785
2017-08-29 00:00:00,593018
2017-09-01 00:00:00,591521
2017-09-04 00:00:00,561329
2017-09-07 00:00:00,526960
2017-09-10 00:00:00,412030
2017-09-13 00:00:00,543778
2017-09-16 00:00:00,486763
2017-09-19 00:00:00,578179
2017-09-22 00:00:00,515184
2017-09-25 00:00:00,505249
2017-09-28 00:00:00,561793
2017-10-01 00:00:00,416590
2017-10-04 00:00:00,496068
2017-10-07 00:00:00,505785
2017-10-10 00:00:00,613364
2017-10-13 00:00:00,660222
2017-10-16 00:00:00,643476
2017-10-19 00:00:00,692419
2017-10-22 00:00:00,573815
2017-10-25 00:00:00,636265
2017-10-28 00:00:00,440634
2017-10-31 00:00:00,611388
2017-11-03 00:00:00,670963
2017-11-06 00:00:00,608698
2017-11-09 00:00:00,727946
2017-11-12 00:00:00,463412
2017-11-15 00:00:00,709294
2017-11-18 00:00:00,614840
2017-11-21 00:00:00,753814
2017-11-24 00:00:00,698359
2017-11-27 00:00:00,829651
2017-11-30 00:00:00,851420
2017-12-03 00:00:00,762993
2017-12-06 00:00:00,978252
2017-12-09 00:00:00,877575
2017-12-12 00:00:00,867772
2017-12-15 00:00:00,942514
2017-12-18 00:00:00,922524
2017-12-21 00:00:00,840740
2017-12-24 00:00:00,652210
2017-12-27 00:00:00,749192
2017-12-30 00:00:00,815100
2018-01-02 00:00:00,850802
2018-01-05 00:00:00,888403
2018-01-08 00:00:00,895997
2018-01-11 00:00:00,822011
2018-01-14 00:00:00,592042
2018-01-17 00:00:00,768382
2018-01-20 00:00:00,559712
2018-01-23 00:00:00,547569
2018-01-26 00:00:00,514622
2018-01-29 00:00:00,532631
2018-02-01 00:00:00,591551
2018-02-04 00:00:00,396695
2018-02-07 00:00:00,489403
2018-02-10 00:00:00,421548
2018-02-13 00:00:00,414750
2018-02-16 00:00:00,422416
2018-02-19 00:00:00,436342
2018-02-22 00:00:00,499534
2018-02-25 00:00:00,355806
2018-02-28 00:00:00,469401
2018-03-03 00:00:00,416967
2018-03-06 00:00:00,453774
2018-03-09 00:00:00,487167
2018-03-12 00:00:00,426765
2018-03-15 00:00:00,459150
2018-03-18 00:00:00,382258
2018-03-21 00:00:00,424456
2018-03-24 00:00:00,360667
2018-03-27 00:00:00,414091
2018-03-30 00:00:00,449630
2018-04-02 00:00:00,377674
2018-04-05 00:00:00,398398
2018-04-08 00:00:00,311300
2018-04-11 00:00:00,399073
2018-04-14 00:00:00,363643
2018-04-17 00:00:00,451453
2018-04-20 00:00:00,509923
2018-04-23 00:00:00,488406
2018-04-26 00:00:00,482589
2018-04-29 00:00:00,415427
2018-05-02 00:00:00,468951
2018-05-05 00:00:00,450118
2018-05-08 00:00:00,480690
2018-05-11 00:00:00,510499
2018-05-14 00:00:00,469798
2018-05-17 00:00:00,420625
2018-05-20 00:00:00,369971
2018-05-23 00:00:00,481669
2018-05-26 00:00:00,356716
2018-05-29 00:00:00,442314
2018-06-01 00:00:00,551183
2018-06-04 00:00:00,449728
2018-06-07 00:00:00,433804
2018-06-10 00:00:00,392109
2018-06-13 00:00:00,458587
2018-06-16 00:00:00,343365
2018-06-19 00:00:00,413610
2018-06-22 00:00:00,469523
2018-06-25 00:00:00,415603
2018-06-28 00:00:00,396406
2018-07-01 00:00:00,341862
2018-07-04 00:00:00,435402
2018-07-07 00:00:00,357621
2018-07-10 00:00:00,445234
2018-07-13 00:00:00,473175
2018-07-16 00:00:00,431583
2018-07-19 00:00:00,465957
2018-07-22 00:00:00,366446
2018-07-25 00:00:00,525952
2018-07-28 00:00:00,395734
2018-07-31 00:00:00,500312
2018-08-03 00:00:00,537623
2018-08-06 00:00:00,452410
2018-08-09 00:00:00,467197
2018-08-12 00:00:00,361544
2018-08-15 00:00:00,539383
2018-08-18 00:00:00,399289
2018-08-21 00:00:00,449916
2018-08-24 00:00:00,487991
2018-08-27 00:00:00,464084
2018-08-30 00:00:00,463657
2018-09-02 00:00:00,387889
2018-09-05 00:00:00,497298
2018-09-08 00:00:00,414919
2018-09-11 00:00:00,474061
2018-09-14 00:00:00,471373
2018-09-17 00:00:00,481968
2018-09-20 00:00:00,493141
2018-09-23 00:00:00,401264
2018-09-26 00:00:00,474080
2018-09-29 00:00:00,429819
2018-10-02 00:00:00,484847
2018-10-05 00:00:00,533087
2018-10-08 00:00:00,477298
2018-10-11 00:00:00,499968
2018-10-14 00:00:00,378043
2018-10-17 00:00:00,490531
2018-10-20 00:00:00,428970
2018-10-23 00:00:00,487826
2018-10-26 00:00:00,503384
2018-10-29 00:00:00,495174
2018-11-01 00:00:00,505058
2018-11-04 00:00:00,418053
2018-11-07 00:00:00,522948
2018-11-10 00:00:00,448643
2018-11-13 00:00:00,491741
2018-11-16 00:00:00,533315
2018-11-19 00:00:00,470247
2018-11-22 00:00:00,467175
2018-11-25 00:00:00,410530
2018-11-28 00:00:00,454764
2018-12-01 00:00:00,420225
2018-12-04 00:00:00,492965
2018-12-07 00:00:00,495221
2018-12-10 00:00:00,443067
2018-12-13 00:00:00,439018
2018-12-16 00:00:00,364388
2018-12-19 00:00:00,495568
2018-12-22 00:00:00,386813
2018-12-25 00:00:00,353052
2018-12-28 00:00:00,485694
2018-12-31 00:00:00,391031
2019-01-03 00:00:00,450626
2019-01-06 00:00:00,389294
2019-01-09 00:00:00,463346
2019-01-12 00:00:00,396628
2019-01-15 00:00:00,466212
2019-01-18 00:00:00,484530
2019-01-21 00:00:00,449404
2019-01-24 00:00:00,470446
2019-01-27 00:00:00,383276
2019-01-30 00:00:00,462721
2019-02-02 00:00:00,418174
2019-02-05 00:00:00,503603
2019-02-08 00:00:00,516886
2019-02-11 00:00:00,463119
2019-02-14 00:00:00,473265
2019-02-17 00:00:00,393160
2019-02-20 00:00:00,521878
2019-02-23 00:00:00,441275
2019-02-26 00:00:00,532149
2019-03-01 00:00:00,552623
2019-03-04 00:00:00,506186
2019-03-07 00:00:00,524085
2019-03-10 00:00:00,392557
2019-03-13 00:00:00,515962
2019-03-16 00:00:00,468300
2019-03-19 00:00:00,551374
2019-03-22 00:00:00,550986
2019-03-25 00:00:00,530401
2019-03-28 00:00:00,578059
2019-03-31 00:00:00,459478
2019-04-03 00:00:00,626468
2019-04-06 00:00:00,478034
2019-04-09 00:00:00,572096
2019-04-12 00:00:00,578099
2019-04-15 00:00:00,576183
2019-04-18 00:00:00,563075
2019-04-21 00:00:00,426630
2019-04-24 00:00:00,645489
2019-04-27 00:00:00,460846
2019-04-30 00:00:00,604307
2019-05-03 00:00:00,615404
2019-05-06 00:00:00,573048
2019-05-09 00:00:00,619054
2019-05-12 00:00:00,551654
2019-05-15 00:00:00,675925
2019-05-18 00:00:00,588499
2019-05-21 00:00:00,657474
2019-05-24 00:00:00,644200
2019-05-27 00:00:00,644814
2019-05-30 00:00:00,642352
2019-06-02 00:00:00,489569
2019-06-05 00:00:00,631420
2019-06-08 00:00:00,471819
2019-06-11 00:00:00,623398
2019-06-14 00:00:00,731367
2019-06-17 00:00:00,628484
2019-06-20 00:00:00,635532
2019-06-23 00:00:00,596158
2019-06-26 00:00:00,768792
2019-06-29 00:00:00,573175
2019-07-02 00:00:00,671396
2019-07-05 00:00:00,617685
2019-07-08 00:00:00,622449
2019-07-11 00:00:00,598394
2019-07-14 00:00:00,437636
2019-07-17 00:00:00,569185
2019-07-20 00:00:00,488968
2019-07-23 00:00:00,531460
2019-07-26 00:00:00,563023
2019-07-29 00:00:00,521007
2019-08-01 00:00:00,558918
2019-08-04 00:00:00,421536
2019-08-07 00:00:00,545941
2019-08-10 00:00:00,453016
2019-08-13 00:00:00,566410
2019-08-16 00:00:00,533245
2019-08-19 00:00:00,517545
2019-08-22 00:00:00,609067
2019-08-25 00:00:00,393555
2019-08-28 00:00:00,526015
2019-08-31 00:00:00,464447
2019-09-03 00:00:00,595785
2019-09-06 00:00:00,601748
2019-09-09 00:00:00,536567
2019-09-12 00:00:00,564060
2019-09-15 00:00:00,422886
2019-09-18 00:00:00,578686
2019-09-21 00:00:00,493311
2019-09-24 00:00:00,596954
2019-09-27 00:00:00,532292
2019-09-30 00:00:00,540376
2019-10-03 00:00:00,525476
2019-10-06 00:00:00,435006
2019-10-09 00:00:00,524494
2019-10-12 00:00:00,452069
2019-10-15 00:00:00,533673
2019-10-18 00:00:00,518606
2019-10-21 00:00:00,545843
2019-10-24 00:00:00,515253
2019-10-27 00:00:00,438755
2019-10-30 00:00:00,536888
2019-11-02 00:00:00,472031
2019-11-05 00:00:00,576664
2019-11-08 00:00:00,541512
2019-11-11 00:00:00,511673
2019-11-14 00:00:00,535548
2019-11-17 00:00:00,430853
2019-11-20 00:00:00,525739
2019-11-23 00:00:00,514757
2019-11-26 00:00:00,576620
2019-11-29 00:00:00,543960
2019-12-02 00:00:00,552276
2019-12-05 00:00:00,535061
2019-12-08 00:00:00,434939
2019-12-11 00:00:00,521113
2019-12-14 00:00:00,475246
2019-12-17 00:00:00,557300
2019-12-21 00:00:00,479841
2019-12-24 00:00:00,493086
2019-12-27 00:00:00,539658
2019-12-30 00:00:00,544505
2020-01-02 00:00:00,475461
2020-01-05 00:00:00,459065
2020-01-08 00:00:00,558689
2020-01-11 00:00:00,509544
2020-01-14 00:00:00,616194
2020-01-17 00:00:00,562153
2020-01-20 00:00:00,532773
2020-01-23 00:00:00,535923
2020-01-26 00:00:00,429535
2020-01-29 00:00:00,573372
2020-02-01 00:00:00,523782
2020-02-04 00:00:00,555771
2020-02-07 00:00:00,599280
2020-02-10 00:00:00,526825
2020-02-13 00:00:00,608036
2020-02-16 00:00:00,474183
2020-02-19 00:00:00,580124
2020-02-22 00:00:00,525819
2020-02-25 00:00:00,566484
2020-02-28 00:00:00,611266
2020-03-02 00:00:00,608032
2020-03-05 00:00:00,603996
2020-03-08 00:00:00,501571
2020-03-11 00:00:00,528053
2020-03-15 00:00:00,413935
2020-03-18 00:00:00,476482
2020-03-21 00:00:00,469859
2020-03-24 00:00:00,528586
2020-03-27 00:00:00,529197
2020-03-30 00:00:00,535787
2020-04-02 00:00:00,569905
2020-04-05 00:00:00,452282
2020-04-08 00:00:00,554336
2020-04-11 00:00:00,474445
2020-04-14 00:00:00,583665
2020-04-17 00:00:00,579437
2020-04-20 00:00:00,619559
2020-04-23 00:00:00,666919
2020-04-26 00:00:00,499998
2020-04-29 00:00:00,679872
2020-05-02 00:00:00,578296
2020-05-05 00:00:00,652289
2020-05-08 00:00:00,670883
2020-05-11 00:00:00,645065
2020-05-14 00:00:00,593862
2020-05-17 00:00:00,495954
2020-05-20 00:00:00,604523
2020-05-24 00:00:00,458476
2020-05-27 00:00:00,603823
2020-05-30 00:00:00,556912
2020-06-02 00:00:00,638403
2020-06-05 00:00:00,643217
2020-06-08 00:00:00,625333
2020-06-11 00:00:00,673800
2020-06-14 00:00:00,502951
2020-06-17 00:00:00,669086
2020-06-20 00:00:00,553650
2020-06-23 00:00:00,704215
2020-06-26 00:00:00,646111
2020-06-29 00:00:00,625207
2020-07-02 00:00:00,674745
2020-07-05 00:00:00,509206
2020-07-08 00:00:00,702636
2020-07-11 00:00:00,601249
2020-07-14 00:00:00,734433
2020-07-17 00:00:00,629600
2020-07-20 00:00:00,644972
2020-07-23 00:00:00,696765
2020-07-26 00:00:00,608050
2020-07-29 00:00:00,717842
2020-08-01 00:00:00,644333
2020-08-04 00:00:00,708169
2020-08-07 00:00:00,707225
2020-08-10 00:00:00,683507
2020-08-13 00:00:00,690043
2020-08-16 00:00:00,571198
2020-08-19 00:00:00,710405
2020-08-22 00:00:00,649053
2020-08-25 00:00:00,678008
2020-08-28 00:00:00,720277
2020-08-31 00:00:00,662241
2020-09-03 00:00:00,691592
2020-09-06 00:00:00,557370
2020-09-09 00:00:00,681429
2020-09-12 00:00:00,604531
2020-09-15 00:00:00,718787
2020-09-18 00:00:00,687638
2020-09-21 00:00:00,644695
2020-09-24 00:00:00,684217
2020-09-27 00:00:00,538619