Timestamp,nvt
2010-10-09 00:06:14,37.7664725581639
2010-10-11 04:28:16,33.6100910867026
2010-10-13 11:24:59,42.5923170485747
2010-10-15 10:00:05,26.9370872912206
2010-10-17 00:44:46,18.5655287984093
2010-10-18 10:19:52,26.8560753753178
2010-10-19 22:15:13,15.5912215880633
2010-10-21 10:48:32,24.9075981097677
2010-10-23 16:59:46,70.3591323017886
2010-10-25 15:02:32,32.7251545801865
2010-10-27 05:08:28,24.836550766825
2010-10-28 22:00:24,23.6212059242156
2010-10-30 12:14:32,50.4642215671989
2010-11-01 10:38:48,55.6666540210865
2010-11-03 10:55:28,75.4863966403192
2010-11-05 07:46:06,23.2743712755783
2010-11-07 00:34:43,44.486844565977
2010-11-08 12:25:26,36.58162092891
2010-11-10 01:47:27,64.2404587841379
2010-11-11 18:02:41,70.1914182384611
2010-11-13 16:49:26,89.4992778702753
2010-11-15 08:11:39,98.8192399745166
2010-11-17 04:22:57,12.7292240563227
2010-11-18 14:36:01,70.7447355642881
2010-11-21 02:21:28,29.0408390216184
2010-11-23 14:34:14,108.009947241602
2010-11-25 19:09:48,83.0130572002806
2010-11-27 18:15:12,148.799594432374
2010-11-29 17:39:40,146.542782174389
2010-12-01 16:44:19,54.4193690933517
2010-12-03 14:10:16,72.253854730851
2010-12-05 06:48:57,74.2030534272317
2010-12-06 19:29:37,44.1429131468947
2010-12-08 10:14:11,59.6383437680585
2010-12-10 00:51:16,73.7700862969408
2010-12-12 07:37:45,106.522486289318
2010-12-14 15:01:52,24.9853343319795
2010-12-16 17:50:21,51.620931936743
2010-12-19 00:00:09,53.5928686539646
2010-12-21 03:37:44,56.3013683083662
2010-12-23 10:01:47,52.9521076743836
2010-12-25 19:00:54,44.7061083339681
2010-12-28 02:29:05,57.460152307658
2010-12-30 09:12:45,45.239246378346
2011-01-01 13:18:59,72.2665136301302
2011-01-03 16:46:07,81.3921063593398
2011-01-06 04:13:06,85.7854108420022
2011-01-08 11:48:12,80.3161296228786
2011-01-10 18:49:36,66.1788163770166
2011-01-13 01:06:37,101.922223626142
2011-01-15 00:53:49,60.0642632963432
2011-01-17 06:00:42,73.3177777822144
2011-01-19 12:27:32,54.2251486413257
2011-01-21 13:45:53,71.1844136228791
2011-01-23 20:02:33,63.3655292759826
2011-01-25 23:50:44,83.5612575217878
2011-01-28 03:15:24,8.77691731379205
2011-01-30 10:41:42,38.298742707384
2011-02-01 16:36:39,41.3734259536868
2011-02-04 01:21:25,72.0249508505907
2011-02-06 01:27:58,60.9453013078955
2011-02-07 23:10:19,34.566429749994
2011-02-10 00:28:45,40.4588531535276
2011-02-12 00:13:07,19.3228614173301
2011-02-13 20:39:03,45.7112938909303
2011-02-15 16:53:54,39.5610503427662
2011-02-17 05:30:06,64.3119099689694
2011-02-18 22:29:47,44.0287539283386
2011-02-20 23:33:22,24.119013829648
2011-02-22 19:28:59,24.0562220005037
2011-02-24 10:58:44,26.3255139502202
2011-02-26 02:23:27,32.037650919376
2011-02-27 07:54:06,30.5463319077889
2011-03-01 15:23:08,5.76562541468929
2011-03-03 19:04:02,6.71927579512151
2011-03-05 11:26:44,27.4626478126114
2011-03-06 18:54:50,27.8452200486422
2011-03-08 11:54:28,30.1831237859987
2011-03-11 01:38:05,12.3530497813407
2011-03-13 22:12:45,26.4743643630182
2011-03-17 00:19:37,35.3890218961519
2011-03-19 22:47:29,44.2203954918441
2011-03-22 15:24:29,27.7057541824335
2011-03-25 03:52:02,24.5518210150429
2011-03-27 14:03:09,21.9856954353573
2011-03-29 21:22:23,46.8206426178182
2011-03-31 22:41:52,39.4368419455324
2011-04-03 02:03:02,54.0272243968983
2011-04-05 05:22:22,37.5569715237307
2011-04-07 10:46:50,48.1641407177991
2011-04-09 19:39:10,42.263654031331
2011-04-12 01:37:25,61.3266543782076
2011-04-14 02:33:22,33.0806548712987
2011-04-16 11:49:18,20.7245643090042
2011-04-18 17:39:13,44.9565258344851
2011-04-21 04:33:09,41.64860391768
2011-04-23 09:47:03,37.8814995439245
2011-04-25 13:59:41,69.1733632487687
2011-04-27 10:26:16,28.8875864926708
2011-04-29 11:49:41,8.10893571495265
2011-05-01 11:30:01,19.0364132047911
2011-05-03 09:11:19,40.3695638474214
2011-05-05 06:18:45,34.3350488025957
2011-05-06 22:33:53,20.386997646381
2011-05-08 17:03:34,16.8626237512612
2011-05-10 07:08:10,16.6554164714568
2011-05-12 06:51:45,40.5969461594797
2011-05-14 03:52:09,3.62707813607819
2011-05-15 16:45:48,14.1010840936316
2011-05-17 05:26:17,25.2591112635518
2011-05-18 14:04:10,32.1190920400444
2011-05-20 08:48:01,24.3587426769107
2011-05-22 00:59:36,9.00809956542743
2011-05-23 10:58:55,6.25880432242805
2011-05-24 16:52:35,19.7835835809069
2011-05-25 21:49:27,15.5696116262276
2011-05-27 06:27:59,10.3854697212206
2011-05-29 11:52:37,27.3785691290896
2011-05-31 20:57:29,22.3461339726829
2011-06-02 20:10:28,20.0557305276927
2011-06-04 13:13:47,12.3742542066386
2011-06-06 05:20:21,12.1612375927037
2011-06-08 03:36:46,12.8594912008048
2011-06-09 22:19:30,7.95123508442052
2011-06-11 13:34:56,5.29750615139081
2011-06-13 02:39:48,3.18405259027251
2011-06-14 15:53:00,4.09425893288513
2011-06-15 23:27:01,1.58487850262479
2011-06-17 23:18:48,4.14750930752046
2011-06-19 17:09:44,4.96664979016485
2011-06-21 07:09:58,4.347979122443
2011-06-22 17:57:22,1.8068664038189
2011-06-24 03:54:29,4.15226369000664
2011-06-26 09:47:26,0.595398460530295
2011-06-28 18:09:38,1.39730532221331
2011-06-30 19:17:41,4.09536938752459
2011-07-02 21:35:34,7.08076100980768
2011-07-05 03:10:36,5.68895821852836
2011-07-07 15:16:25,12.1737202057514
2011-07-10 01:33:19,3.26463760344694
2011-07-12 14:06:01,10.22375245997
2011-07-14 18:54:16,5.94413647735248
2011-07-17 03:13:00,5.39694360490851
2011-07-19 08:01:37,1.76364877389027
2011-07-21 19:31:56,4.72504404441149
2011-07-24 06:34:34,10.5388657500663
2011-07-26 12:13:16,4.40073389526897
2011-07-28 13:38:34,5.01086405547747
2011-07-30 23:14:51,20.949831447312
2011-08-02 03:13:32,11.766017656103
2011-08-04 16:33:24,18.7706065309355
2011-08-07 13:27:10,16.1450923516546
2011-08-10 04:30:15,3.03620876783921
2011-08-12 23:57:10,20.5416986151002
2011-08-15 19:13:49,20.3995163044921
2011-08-18 11:48:16,15.841475495354
2011-08-21 05:30:08,31.1968411173226
2011-08-23 10:28:14,15.9509942215458
2011-08-26 03:06:38,18.3169777822907
2011-08-29 01:35:02,39.2036108765989
2011-08-31 13:18:22,27.8999911707347
2011-09-03 04:55:23,27.4178325130539
2011-09-05 19:55:26,3.7378747375627
2011-09-08 11:16:22,15.2988774787881
2011-09-11 02:51:47,26.7915054282851
2011-09-13 23:43:22,20.0514898552088
2011-09-16 16:12:43,15.4300370586754
2011-09-19 06:32:42,20.9267280351991
2011-09-21 23:44:19,18.3381310125539
2011-09-24 18:15:50,21.2610559481348
2011-09-27 12:04:35,21.4752603913233
2011-09-30 04:48:11,22.4214448512893
2011-10-03 03:28:06,19.9191979691556
2011-10-05 23:43:51,17.9621518964291
2011-10-08 23:03:22,25.4247843359427
2011-10-12 04:03:20,21.5218809935158
2011-10-15 06:35:19,17.8206669684941
2011-10-18 08:21:32,15.4866285001805
2011-10-21 06:47:16,21.1434378905427
2011-10-24 17:32:21,17.6159942954659
2011-10-27 20:02:14,12.525407336
2011-10-31 05:01:32,35.736786573785
2011-11-02 18:12:07,18.7670201881869
2011-11-05 10:33:28,18.6703589755011
2011-11-08 04:01:05,17.9136938282756
2011-11-10 18:24:02,19.2644829313618
2011-11-13 15:00:22,29.4627701000636
2011-11-16 02:06:34,19.7666099568888
2011-11-18 18:36:26,1.49163251178968
2011-11-21 16:10:04,3.35352526660177
2011-11-24 16:14:25,5.20897077192224
2011-11-27 17:09:37,4.27088563987089
2011-11-30 13:25:36,1.28306112378706
2011-12-03 01:11:57,1.31634294677222
2011-12-05 17:34:41,3.68336416582862
2011-12-08 08:42:13,1.84048857162299
2011-12-10 19:06:28,6.80125312610733
2011-12-13 13:35:39,14.3569509146353
2011-12-16 10:01:13,17.749605970686
2011-12-19 02:42:02,23.3925920811983
2011-12-21 15:40:26,14.059584443264
2011-12-24 09:59:28,36.3538396088828
2011-12-26 19:53:08,14.5088929961309
2011-12-29 08:35:43,23.7016628709149
2012-01-01 03:03:15,36.989027471033
2012-01-03 15:27:39,33.4868687053306
2012-01-06 04:47:58,14.0575048213
2012-01-08 08:58:02,24.8463651863792
2012-01-10 21:34:06,21.2886653279035
2012-01-13 14:41:25,18.4778131846788
2012-01-16 07:43:39,24.1488552384489
2012-01-18 22:34:00,20.7812602585765
2012-01-21 10:45:48,22.8129047603064
2012-01-23 22:40:25,27.5494696626852
2012-01-26 20:04:04,19.8124928184557
2012-01-29 09:45:13,25.9037933612227
2012-01-31 16:49:39,24.3022078881581
2012-02-03 04:28:48,22.2763930962642
2012-02-05 17:47:53,23.7770467894648
2012-02-08 08:39:26,27.9046562616699
2012-02-11 01:43:30,26.9927551332082
2012-02-13 11:23:38,23.5599976176272
2012-02-16 06:02:13,4.06605927662624
2012-02-18 18:01:44,12.4072602003161
2012-02-21 08:41:35,20.8499370667464
2012-02-23 18:15:26,10.5136036456227
2012-02-26 05:02:27,22.1327610046685
2012-02-28 18:50:18,22.3450314171515
2012-03-02 02:53:41,12.8363464551355
2012-03-05 02:26:35,14.5513928016157
2012-03-07 18:21:23,20.732112117325
2012-03-10 03:03:32,13.8908448964778
2012-03-12 16:28:31,17.2753978153069
2012-03-15 11:47:01,12.5709920522708
2012-03-17 23:01:28,18.1539669269003
2012-03-20 11:47:07,16.0956115438691
2012-03-23 01:05:18,9.71268497552856
2012-03-25 14:59:11,14.1433738876026
2012-03-28 04:11:49,12.9185369050377
2012-03-30 21:09:33,8.29329983993163
2012-04-02 12:36:36,12.145544791456
2012-04-05 12:00:34,7.78323337556879
2012-04-08 12:24:09,12.1969057508522
2012-04-11 03:13:18,10.389732429785
2012-04-14 02:44:02,10.3698886621699
2012-04-16 23:55:23,5.42480146590481
2012-04-19 17:22:13,11.7668157385004
2012-04-22 12:07:17,6.68693951486435
2012-04-25 06:13:55,13.8310501739957
2012-04-28 03:56:12,6.31159774908505
2012-04-30 14:08:45,7.02014954145164
2012-05-02 21:01:20,8.45032243540152
2012-05-05 06:20:20,8.16468739880632
2012-05-07 14:39:05,8.97544494453148
2012-05-09 20:38:38,3.55137803862075
2012-05-12 16:00:10,3.1269371351093
2012-05-15 12:27:37,4.95656207831752
2012-05-18 11:44:28,3.34630810722201
2012-05-21 03:24:22,4.25648994717796
2012-05-24 04:36:25,5.68011532977166
2012-05-27 01:14:25,2.00487633559216
2012-05-29 17:34:02,2.89037553154711
2012-06-01 13:56:01,3.11525667775478
2012-06-04 01:37:27,4.63645591951897
2012-06-06 14:23:32,3.06633782463358
2012-06-09 06:39:02,2.87243677949419
2012-06-11 17:08:15,2.11799576758886
2012-06-14 08:14:52,4.00047561015079
2012-06-16 19:31:09,2.17107800111148
2012-06-19 05:02:27,4.1018856525301
2012-06-22 00:28:32,9.14369945892531
2012-06-24 12:23:56,3.56294158303675
2012-06-27 02:45:03,5.96969579087018
2012-06-29 19:05:16,3.28499384841018
2012-07-02 10:59:22,7.447652032123
2012-07-04 23:56:51,4.08039675946775
2012-07-07 13:15:31,2.14533210369656
2012-07-09 23:04:14,4.56523866609916
2012-07-12 15:20:48,7.33360427123204
2012-07-15 04:43:28,4.74269255303091
2012-07-17 17:27:57,3.62946945746199
2012-07-20 08:40:28,8.20220460053854
2012-07-22 23:11:28,5.25246098461057
2012-07-25 13:47:31,7.55752478596156
2012-07-27 23:26:31,4.3106384209792
2012-07-30 10:15:14,10.3319607122952
2012-08-02 07:33:13,4.32319316272323
2012-08-04 18:02:26,8.37365648109784
2012-08-07 09:57:14,4.39516268694459
2012-08-09 19:19:52,6.04102501498577
2012-08-12 05:35:31,6.51199312316029
2012-08-14 18:22:20,5.77902596898749
2012-08-17 06:20:18,4.19285675138581
2012-08-19 19:17:50,2.41648387606316
2012-08-22 02:34:05,1.73196272069124
2012-08-24 12:53:26,1.0915017945649
2012-08-27 02:03:09,2.97263278647905
2012-08-29 16:41:46,0.776691184605018
2012-09-01 08:07:20,0.899611004862687
2012-09-03 17:35:20,2.41605694158154
2012-09-06 06:44:34,1.10565906420074
2012-09-08 18:05:48,0.865239650850546
2012-09-11 07:23:38,0.431384555426149
2012-09-14 04:27:51,0.442313559000021
2012-09-16 20:11:15,0.804708990387887
2012-09-19 07:57:59,0.548619382787252
2012-09-22 00:25:18,0.381557633336807
2012-09-24 15:05:45,1.23324158294164
2012-09-27 11:07:45,7.12022139063673
2012-09-30 00:31:54,7.21577651589738
2012-10-02 21:44:15,4.61895470507965
2012-10-05 23:32:56,3.83886311182787
2012-10-08 17:38:07,5.03247772591131
2012-10-11 10:25:12,13.1078480503902
2012-10-14 05:44:28,4.26155917449242
2012-10-16 21:15:34,4.31682782008698
2012-10-19 14:37:29,2.85627105927638
2012-10-22 07:47:24,5.33981886794863
2012-10-24 23:24:05,5.30101393867581
2012-10-27 15:00:37,6.38640936610075
2012-10-30 04:13:11,9.25629467661607
2012-11-02 02:56:49,4.27468800620779
2012-11-04 21:56:20,5.15832499876409
2012-11-07 17:37:48,5.01389839848232
2012-11-10 09:37:18,15.9766648052785
2012-11-13 06:36:12,20.9301509188821
2012-11-16 03:23:26,4.52412535569764
2012-11-18 21:20:18,5.00190014226429
2012-11-21 16:19:44,9.38988032113334
2012-11-24 08:27:30,10.7474103511601
2012-11-26 22:38:07,9.20802371794427
2012-11-29 10:04:09,6.99734538924254
2012-12-02 05:11:43,17.7802856614011
2012-12-05 06:00:02,4.40505569386386
2012-12-08 06:20:41,9.13219397676101
2012-12-11 05:31:06,8.98401296110506
2012-12-14 05:03:22,2.710281097884
2012-12-17 13:55:14,5.32606550007832
2012-12-20 13:01:42,10.5561148395518
2012-12-23 09:17:55,9.04956457113133
2012-12-26 11:36:27,23.3848155879997
2012-12-28 19:40:47,9.76217644450092
2012-12-31 07:52:59,11.8597367467312
2013-01-02 17:42:25,5.35809377301045
2013-01-05 05:30:30,4.4473225710229
2013-01-07 18:29:47,8.21248007652945
2013-01-10 11:53:45,7.37381640210893
2013-01-13 13:18:18,11.145413493628
2013-01-16 10:58:40,4.69638757445918
2013-01-19 08:41:19,6.62237519139497
2013-01-22 05:57:49,8.88638962070101
2013-01-24 21:55:51,7.39084454856068
2013-01-27 14:51:16,8.86308399049362
2013-01-30 02:21:29,4.56671787934375
2013-02-01 11:45:01,5.62758004670865
2013-02-03 19:31:05,7.45676527830901
2013-02-06 03:32:42,5.90403383018253
2013-02-08 16:06:09,5.23457133209492
2013-02-11 04:21:47,6.89477781860049
2013-02-13 16:20:07,8.26338762856449
2013-02-15 22:53:06,8.06988574285998
2013-02-17 23:20:42,9.6789190038628
2013-02-20 07:08:49,7.8012818052435
2013-02-22 10:27:16,8.47474404061466
2013-02-24 15:57:00,6.4997081379922
2013-02-26 20:18:38,6.91340650493261
2013-02-28 20:55:00,7.45479133198208
2013-03-03 08:59:43,9.05158270643062
2013-03-05 16:48:26,5.97386003826639
2013-03-08 02:33:16,7.06111967599149
2013-03-10 07:39:53,10.4363425296183
2013-03-12 17:19:56,8.73031537348233
2013-03-14 23:20:52,8.93975320339715
2013-03-17 03:31:25,9.13984525952579
2013-03-19 00:36:01,3.13518362218376
2013-03-20 23:24:38,5.82120373459968
2013-03-22 16:33:41,5.99447193285789
2013-03-24 09:33:45,8.70799246835355
2013-03-26 19:12:03,7.74139098363693
2013-03-29 05:05:49,7.04288219441496
2013-03-31 09:09:08,6.8618610989919
2013-04-02 09:18:54,5.90222542238142
2013-04-04 12:56:56,5.63645134413887
2013-04-06 22:23:54,8.30256869408762
2013-04-09 04:37:29,7.63776423795485
2013-04-11 06:26:05,2.82127881609772
2013-04-13 12:43:26,6.81179551619857
2013-04-15 19:44:33,11.6844346776114
2013-04-17 23:28:59,6.58224181000702
2013-04-20 13:11:58,10.5640646736852
2013-04-22 20:26:06,7.24101496889696
2013-04-25 02:50:10,5.43627707880019
2013-04-27 06:31:30,9.94019979005213
2013-04-29 12:59:50,14.0456302961013
2013-05-01 22:58:37,8.20261205106897
2013-05-04 13:35:01,18.1610943349417
2013-05-06 19:53:33,13.9456055219333
2013-05-09 01:01:19,12.9444681377538
2013-05-11 05:27:13,12.4738331188186
2013-05-13 08:05:08,20.0786320684059
2013-05-15 19:21:57,13.5519010902497
2013-05-18 07:27:28,13.2552622433629
2013-05-20 18:44:05,22.5911147506369
2013-05-23 05:22:35,15.5738934359486
2013-05-25 10:07:56,15.9587715081833
2013-05-27 14:15:30,23.5782577051604
2013-05-29 20:58:05,13.8392135473976
2013-05-31 23:17:49,16.5344248409999
2013-06-02 19:19:00,25.6222229969441
2013-06-04 15:16:29,14.2451420854466
2013-06-06 12:29:17,13.9878395929121
2013-06-08 19:12:42,26.7746472770505
2013-06-11 00:08:31,24.5945239324168
2013-06-12 23:22:34,19.9679748989437
2013-06-14 23:24:48,15.2764289186011
2013-06-17 01:51:44,21.1613183492136
2013-06-19 17:41:00,17.7971879152264
2013-06-22 00:17:07,15.7420421153881
2013-06-24 05:49:54,30.4459823861955
2013-06-26 11:01:53,17.0637843381557
2013-06-28 16:36:24,18.9082867402382
2013-07-01 00:02:11,28.0218759299481
2013-07-03 08:26:51,16.8497625453566
2013-07-05 11:05:25,15.0178359560661
2013-07-07 11:28:03,16.3055191795532
2013-07-09 10:13:49,12.0081093729663
2013-07-11 09:25:18,10.9318673009334
2013-07-13 17:10:25,13.274380938411
2013-07-15 22:21:18,17.2998037258185
2013-07-18 02:07:59,10.7319064325355
2013-07-20 08:32:22,15.7907370031268
2013-07-22 06:22:19,22.5912441370147
2013-07-24 17:37:35,14.1065003738783
2013-07-27 04:01:31,15.4405050446407
2013-07-29 08:02:23,16.6472151366975
2013-07-31 07:11:29,12.1137381151058
2013-08-02 07:18:33,10.9327749746198
2013-08-04 08:21:55,22.3379047247191
2013-08-06 10:16:50,14.8840058542061
2013-08-08 08:51:22,15.2675238788972
2013-08-10 04:58:09,18.0274358617389
2013-08-11 23:16:04,27.4323356122235
2013-08-13 18:46:06,9.44589272846697
2013-08-16 03:57:19,15.3810623144949
2013-08-18 05:15:25,11.6040188611399
2013-08-20 06:06:30,9.96696682887515
2013-08-22 04:57:02,9.59282354970358
2013-08-23 23:53:18,13.9431771299965
2013-08-26 05:37:55,19.9008921606376
2013-08-28 11:26:54,13.9130406258008
2013-08-30 08:55:39,4.40211793249116
2013-09-01 01:59:41,11.6643512415155
2013-09-02 19:37:14,15.3009639347021
2013-09-04 21:56:22,13.2856590831873
2013-09-06 23:53:43,16.5658264291984
2013-09-09 07:42:36,26.8824624188853
2013-09-11 06:17:10,19.272522618998
2013-09-13 01:15:03,16.3826264784191
2013-09-14 20:10:05,19.3758672625414
2013-09-17 01:18:56,17.1927228778964
2013-09-19 05:46:14,13.8009680725114
2013-09-21 04:39:24,16.4931609546821
2013-09-23 01:20:42,23.7640881609689
2013-09-24 20:35:13,10.8336777901643
2013-09-26 22:10:04,15.8615413957012
2013-09-29 01:53:24,21.9784263230373
2013-10-01 05:46:51,12.6738045343814
2013-10-03 09:50:06,8.2231794502518
2013-10-05 09:03:12,16.663114329998
2013-10-07 09:15:53,23.8689364168427
2013-10-09 15:47:39,14.7830574757221
2013-10-11 16:02:26,13.5528446667497
2013-10-13 14:08:45,17.513356554008
2013-10-15 03:56:44,13.3190058350216
2013-10-16 19:07:03,11.2354125240529
2013-10-18 22:20:26,12.8267881986009
2013-10-20 17:13:20,17.0586518877992
2013-10-22 11:52:30,9.91580855530255
2013-10-24 05:08:49,10.5223709616608
2013-10-25 22:09:04,4.19578277619185
2013-10-27 23:29:13,23.4366602042101
2013-10-30 03:46:47,7.29331268455251
2013-11-01 02:47:12,17.9742381267959
2013-11-02 21:42:31,18.3904917474045
2013-11-04 20:10:55,13.2655391492578
2013-11-07 02:51:48,13.5033876802648
2013-11-09 18:57:08,12.2498779082822
2013-11-11 23:01:07,15.8753117822377
2013-11-14 00:53:29,10.2995427558135
2013-11-16 04:27:54,4.49395740618574
2013-11-18 08:04:32,8.55638152173183
2013-11-20 16:20:33,6.87402857289721
2013-11-23 02:27:34,5.55873383388632
2013-11-25 09:36:59,8.71018335485748
2013-11-27 18:38:34,3.45254096957694
2013-11-29 22:22:04,4.56188446525511
2013-12-02 01:17:13,6.93712893005722
2013-12-04 05:31:57,9.910737783224
2013-12-06 10:14:04,8.48545736049684
2013-12-08 12:22:56,6.25480548560077
2013-12-10 09:38:29,13.3871827603247
2013-12-12 17:07:08,13.4984955765033
2013-12-14 20:45:13,18.8011558653663
2013-12-17 00:46:29,4.56648011049474
2013-12-18 23:58:51,6.07493132842497
2013-12-20 19:58:24,12.2816884095444
2013-12-23 04:11:14,13.5466624133421
2013-12-25 11:28:15,11.0237641097554
2013-12-27 15:25:51,20.7364449055514
2013-12-30 00:43:07,14.7108128382655
2014-01-01 03:47:13,24.1226132003941
2014-01-03 12:30:08,13.5441082223588
2014-01-05 21:42:09,13.0299326975722
2014-01-08 00:29:14,11.1567694764821
2014-01-09 23:32:58,20.4713573871589
2014-01-11 23:09:32,29.4315183559792
2014-01-14 01:16:30,22.6069957860491
2014-01-16 06:20:33,18.8866500133243
2014-01-18 11:50:16,34.6651466357132
2014-01-20 16:51:06,14.8383774772869
2014-01-22 21:13:14,24.4627218171801
2014-01-25 02:47:56,14.922235113526
2014-01-27 15:10:35,17.3731696476259
2014-01-30 03:51:21,23.8734985013019
2014-02-01 05:49:05,28.4304365589464
2014-02-03 06:27:10,23.6887005986053
2014-02-05 14:50:21,20.396370078811
2014-02-07 23:39:40,14.3591958348646
2014-02-10 12:03:22,23.7036337255254
2014-02-12 20:33:43,19.097304607403
2014-02-15 00:10:51,18.423000019626
2014-02-17 03:35:43,18.8620946337977
2014-02-19 13:09:16,26.9103036234682
2014-02-21 22:30:17,22.375608562508
2014-02-24 06:47:29,21.689511746307
2014-02-26 14:22:06,18.0946293492318
2014-02-28 18:44:16,20.4400883758568
2014-03-03 13:26:27,14.9974599229628
2014-03-06 06:33:58,18.4337203258816
2014-03-08 16:14:41,6.60257809949787
2014-03-11 03:59:27,10.0944341069106
2014-03-13 13:03:34,14.1493272336593
2014-03-16 02:38:07,23.5380468019652
2014-03-18 14:59:29,7.49011403780755
2014-03-21 01:41:50,17.2897011437111
2014-03-23 05:42:33,31.3328574081759
2014-03-25 10:48:11,20.8264810345822
2014-03-27 21:32:57,16.1196416271896
2014-03-30 05:38:31,29.8358483013763
2014-04-01 15:30:14,17.9777102829576
2014-04-03 17:13:37,13.730097362949
2014-04-05 19:56:14,16.9045614216613
2014-04-08 16:03:05,24.1245574517374
2014-04-11 07:17:55,13.6263142229239
2014-04-13 12:29:20,30.357612063236
2014-04-15 16:32:34,19.2185831858772
2014-04-18 06:23:15,14.584112907742
2014-04-20 19:32:28,30.9588494507862
2014-04-23 04:57:09,14.2774300515968
2014-04-25 20:39:46,22.7461697983725
2014-04-28 05:40:58,33.1375623578326
2014-04-30 22:58:57,25.5278469161871
2014-05-03 13:42:07,19.7221845348345
2014-05-06 06:53:03,19.6272370764585
2014-05-08 15:09:14,10.2686013898861
2014-05-10 23:59:35,18.733379747635
2014-05-13 12:40:55,18.3646461264364
2014-05-16 01:55:32,15.6664833974605
2014-05-18 09:54:42,30.4987745704746
2014-05-20 18:38:41,10.0258251387942
2014-05-23 03:22:16,14.6225815706233
2014-05-25 15:24:52,15.901916000778
2014-05-28 05:31:30,13.1336893204839
2014-05-30 18:20:46,14.0066033404755
2014-06-02 02:59:46,17.6842512575083
2014-06-04 05:25:43,14.3007589802374
2014-06-06 19:13:48,11.1121751729813
2014-06-09 10:11:43,19.2182794688581
2014-06-12 00:09:06,23.1619477192082
2014-06-14 09:13:38,26.8141163942947
2014-06-16 13:37:02,18.8519125076268
2014-06-18 18:41:02,22.4905118199218
2014-06-21 04:39:38,22.8029175597482
2014-06-23 08:31:45,25.8559939608782
2014-06-25 11:03:13,25.1888609877916
2014-06-27 16:29:06,28.4498745467588
2014-06-29 22:47:00,35.710395571385
2014-07-02 20:56:48,14.2666222052933
2014-07-05 10:49:16,32.6710314666148
2014-07-08 02:50:07,26.8206523636002
2014-07-10 16:32:28,25.504216380837
2014-07-13 06:16:11,25.0931294381231
2014-07-15 22:20:48,22.6200599815252
2014-07-18 09:13:51,25.5198940478667
2014-07-20 16:40:48,52.2064346804971
2014-07-23 09:04:56,34.100968377594
2014-07-25 22:37:45,26.1150352394222
2014-07-28 17:00:20,30.3852239697904
2014-07-31 08:19:24,31.4875057109864
2014-08-02 21:59:47,33.1384154522917
2014-08-05 16:41:02,26.882865275316
2014-08-08 05:01:52,31.8268811051116
2014-08-10 13:25:07,41.1912203664548
2014-08-12 20:24:18,18.3036204897972
2014-08-15 06:59:14,14.5848378144635
2014-08-17 15:40:59,27.0907436599263
2014-08-19 19:22:23,20.2254790818165
2014-08-22 04:43:27,8.23334025566204
2014-08-24 18:57:43,26.3939399453871
2014-08-27 09:02:34,10.0549204006257
2014-08-29 15:55:25,28.2058277887317
2014-08-31 20:08:59,23.8757989792559
2014-09-03 12:30:07,24.0524324119361
2014-09-06 03:18:48,26.736642121992
2014-09-08 14:42:43,27.9263313416474
2014-09-11 08:35:03,28.4251546851045
2014-09-13 15:02:12,33.22770999583
2014-09-16 03:39:09,28.2239026878689
2014-09-18 09:19:13,22.9991085259047
2014-09-20 16:48:01,17.9866865686744
2014-09-23 02:26:14,25.0703410752835
2014-09-25 15:52:09,17.3217394519788
2014-09-28 08:42:35,26.8366309216333
2014-10-01 03:48:41,21.6714001789122
2014-10-03 19:44:06,20.218074235896
2014-10-06 08:16:58,13.0610025849241
2014-10-08 23:18:49,14.8204568483922
2014-10-11 14:21:20,16.6685778002192
2014-10-14 08:43:50,14.7078680027064
2014-10-17 01:03:35,12.2732331006882
2014-10-19 16:28:48,28.6803132877867
2014-10-22 09:11:09,19.0860603542265
2014-10-24 21:08:49,18.0195607372277
2014-10-27 13:35:53,12.8439021809102
2014-10-30 04:30:38,16.2892902046184
2014-11-01 10:19:55,14.1235040310168
2014-11-03 19:55:22,12.6770507361882
2014-11-06 09:32:09,16.4143506034761
2014-11-09 01:38:52,24.4408329594538
2014-11-11 16:41:39,18.989522041792
2014-11-14 09:23:28,8.80069211489988
2014-11-17 00:25:39,19.1355468613041
2014-11-19 16:13:11,14.4161479842399
2014-11-22 09:48:05,11.9055700144695
2014-11-25 03:37:54,15.776428186103
2014-11-27 23:36:02,13.4958114238609
2014-11-30 12:29:38,12.1146424020967
2014-12-03 07:07:55,9.31685398998759
2014-12-06 00:51:06,12.1801142749
2014-12-08 20:41:44,8.71779273329333
2014-12-11 14:49:01,15.0896855161495
2014-12-14 08:36:41,21.3897141859359
2014-12-17 04:22:15,12.7966394919231
2014-12-20 05:41:16,14.1460548741379
2014-12-23 00:43:37,14.127885325508
2014-12-25 12:56:42,14.6594803195891
2014-12-28 01:22:57,19.9183842235233
2014-12-30 12:40:47,14.7380464019282
2015-01-02 00:16:06,28.4742577603876
2015-01-04 10:05:36,12.9537571607118
2015-01-06 23:05:18,11.5687675875898
2015-01-09 15:36:23,10.2709756310068
2015-01-12 08:21:32,12.6477564250275
2015-01-15 03:32:19,4.25307652100496
2015-01-17 21:59:21,11.5558465330447
2015-01-20 16:27:35,10.3090624054783
2015-01-23 14:22:33,13.3710903083004
2015-01-26 16:33:14,7.18304867431693
2015-01-29 08:47:09,12.4945348921856
2015-01-31 22:53:53,17.4695729139373
2015-02-03 14:48:38,12.5819512690259
2015-02-06 02:46:48,10.2425548225532
2015-02-08 17:21:45,21.7573720416553
2015-02-11 07:18:21,17.3870885462116
2015-02-14 00:33:03,13.9293902802129
2015-02-16 13:23:05,17.8728496384638
2015-02-19 01:38:12,16.0009670674747
2015-02-21 15:03:21,17.6387275184697
2015-02-24 08:16:45,15.5704846759267
2015-02-26 23:36:32,12.2185631278156
2015-03-01 15:20:22,15.3498885345465
2015-03-04 05:39:44,13.1939515634197
2015-03-07 00:26:20,16.6834978804173
2015-03-09 18:55:03,14.7630859836817
2015-03-12 11:08:11,15.5487484443065
2015-03-15 04:56:57,18.4248525336312
2015-03-17 23:56:16,17.5366734582424
2015-03-20 17:05:18,14.9537042287594
2015-03-23 10:22:06,24.2787098068328
2015-03-25 18:19:08,13.3728829562961
2015-03-28 05:14:39,14.8349196710367
2015-03-30 20:03:13,16.355224571408
2015-04-02 12:54:27,13.9711673581688
2015-04-05 04:19:53,31.9091916622687
2015-04-07 22:35:18,17.7163608762711
2015-04-10 18:25:07,14.8004304326436
2015-04-13 14:25:00,21.0706774521573
2015-04-16 07:01:46,16.3156310275988
2015-04-19 04:01:11,18.9795943641245
2015-04-21 17:36:06,11.8887028845238
2015-04-24 14:14:08,11.270559345021
2015-04-27 03:26:10,12.0688061695946
2015-04-29 23:02:13,10.9610176374284
2015-05-02 16:33:00,14.0311263708444
2015-05-05 11:06:26,10.4287266786283
2015-05-08 00:39:35,11.1536819862167
2015-05-10 22:41:04,14.0514373808355
2015-05-13 11:55:30,12.8585906296819
2015-05-16 02:16:46,14.9720916145665
2015-05-18 17:09:07,17.0752961641609
2015-05-21 10:06:14,13.9984635217982
2015-05-24 07:32:51,17.7172222683372
2015-05-27 01:08:56,13.9354093297701
2015-05-29 17:23:24,12.4423810249665
2015-06-01 11:09:51,11.541415999995
2015-06-04 03:35:27,10.4941987811677
2015-06-06 18:46:01,13.167367103005
2015-06-09 06:31:31,12.8194911801783
2015-06-11 18:19:16,10.1337765969692
2015-06-14 10:44:42,13.2755928753698
2015-06-17 08:31:20,7.00253644519643
2015-06-19 19:53:01,7.66270648729787
2015-06-22 16:13:47,13.3127744944037
2015-06-25 07:17:49,13.4065459210316
2015-06-28 00:07:16,11.6757000204183
2015-06-30 18:19:38,8.19774321744711
2015-07-03 07:01:02,10.8161867802617
2015-07-05 22:10:53,13.0355893726113
2015-07-08 10:14:47,10.4867655779955
2015-07-11 00:15:48,8.14824858481533
2015-07-13 16:18:41,11.1583560970902
2015-07-16 06:20:43,11.1143747940878
2015-07-18 21:14:38,14.9406350912342
2015-07-21 12:07:23,13.7602004090314
2015-07-24 05:38:28,12.2665767788172
2015-07-26 19:14:40,24.6787848927722
2015-07-29 11:05:12,12.617432701668
2015-08-01 03:35:44,13.742118079486
2015-08-03 16:37:53,15.6176748509894
2015-08-06 12:33:33,12.3310517835111
2015-08-09 02:16:21,11.0639391440378
2015-08-11 11:48:00,11.6198945611633
2015-08-14 04:28:53,9.95336254212562
2015-08-16 23:48:27,13.1774128985635
2015-08-19 14:53:41,6.93670742677957
2015-08-22 04:08:56,10.2215712025303
2015-08-24 17:23:07,8.39167071538071
2015-08-27 09:29:02,9.27962339107424
2015-08-29 22:17:30,14.5798301610583
2015-09-01 13:32:20,9.77225948219077
2015-09-04 02:07:59,11.6543567426568
2015-09-06 16:06:10,14.5206680663699
2015-09-09 08:54:25,9.64375693522132
2015-09-11 18:14:40,11.4002661631836
2015-09-14 08:41:32,14.484105582675
2015-09-16 22:42:11,9.92996723318208
2015-09-19 17:24:22,11.365784797558
2015-09-22 14:02:28,9.04002670614574
2015-09-25 04:03:55,11.9618599982953
2015-09-27 17:31:23,18.9775553692649
2015-09-30 05:46:41,8.84893417176479
2015-10-02 22:30:42,8.00594250081532
2015-10-05 12:53:10,14.6459631487996
2015-10-08 08:20:18,9.52563661253123
2015-10-11 00:10:43,12.4797924897245
2015-10-13 18:14:54,9.16156313947354
2015-10-16 03:55:18,7.915444796272
2015-10-18 21:29:54,13.3346503768518
2015-10-21 14:23:32,9.89977143651405
2015-10-24 06:36:01,10.0279443160926
2015-10-26 19:07:21,9.44890995555925
2015-10-29 12:28:43,6.75139662765603
2015-10-31 20:52:35,7.6786404831567
2015-11-03 08:29:18,5.4463131324448
2015-11-05 22:26:14,4.02464740722055
2015-11-08 13:28:55,7.00269661843329
2015-11-11 03:46:10,3.94781807555646
2015-11-13 11:39:02,5.43942938706082
2015-11-16 00:26:37,6.70578420476594
2015-11-18 12:24:54,7.6225698006942
2015-11-21 02:14:54,7.38422211117489
2015-11-23 05:37:02,12.5512062933443
2015-11-25 16:52:21,8.09153848588764
2015-11-28 03:35:25,6.37529508218404
2015-11-30 16:28:23,6.95302042152376
2015-12-02 23:34:07,5.48547504035342
2015-12-05 11:49:03,3.70954036311174
2015-12-07 22:05:23,4.67286035914778
2015-12-10 04:23:31,3.72607322670572
2015-12-12 05:28:17,4.17129131677184
2015-12-14 13:21:06,2.47159085648676
2015-12-16 14:13:45,3.24001406903443
2015-12-18 22:26:31,3.69845799743736
2015-12-21 08:43:10,3.12751212945167
2015-12-23 21:27:52,3.37954375848885
2015-12-26 08:25:57,3.97737841445286
2015-12-28 10:25:42,8.71802046533949
2015-12-30 19:35:14,6.00100406541488
2016-01-02 12:58:16,17.3546874168302
2016-01-04 21:07:43,14.2275999138011
2016-01-07 11:29:13,10.0899481397952
2016-01-09 19:29:56,17.2250208242754
2016-01-12 00:09:44,8.25221984176171
2016-01-14 10:35:16,10.9547450512507
2016-01-17 05:21:09,11.9690462863386
2016-01-19 12:33:29,1.38059540663803
2016-01-22 02:55:54,2.88295862462503
2016-01-24 08:17:53,0.339816268284223
2016-01-26 12:35:10,1.98213358730364
2016-01-28 23:49:04,2.433520032522
2016-01-31 02:54:22,5.11849750011311
2016-02-02 08:34:44,3.76411430355397
2016-02-04 10:22:37,8.33713169043489
2016-02-06 12:21:09,4.32045549989075
2016-02-08 15:56:56,5.87078059962565
2016-02-10 21:59:03,5.79634122944665
2016-02-12 23:48:44,5.74708148135058
2016-02-15 09:14:34,4.60660562256328
2016-02-17 20:39:59,3.88033768704471
2016-02-20 06:57:50,3.12329436065464
2016-02-23 00:58:35,3.40078057209201
2016-02-25 18:29:43,4.84191620915671
2016-02-28 09:15:35,4.19107874357446
2016-03-02 02:02:37,1.3874382746056
2016-03-04 15:14:52,3.40428471836106
2016-03-07 01:51:29,7.5498023213756
2016-03-09 13:12:06,7.58609214176282
2016-03-11 20:10:38,6.34718945218491
2016-03-14 11:34:19,7.52790760889859
2016-03-16 19:09:17,1.22766667718276
2016-03-19 11:10:25,2.84589880728181
2016-03-22 03:06:14,7.48821821851317
2016-03-24 15:29:49,6.7334572627082
2016-03-27 01:21:38,10.1856521135127
2016-03-29 11:26:38,7.3770233829901
2016-04-01 02:54:31,7.31490065650935
2016-04-03 15:39:53,10.2754930461808
2016-04-06 01:04:33,6.87688494850811
2016-04-08 13:36:28,5.86482008124136
2016-04-10 18:39:42,7.88465200198381
2016-04-13 05:52:46,4.68526116834985
2016-04-15 14:23:31,4.24019630333494
2016-04-18 02:39:41,6.03675449031109
2016-04-20 16:14:22,3.93573662219486
2016-04-23 02:23:40,3.01057900899125
2016-04-25 20:10:42,5.80343116085448
2016-04-28 12:01:52,5.91908359426265
2016-05-01 00:27:20,8.01261536530577
2016-05-03 10:28:17,7.0607394648956
2016-05-05 19:30:44,7.07317824436937
2016-05-08 04:00:40,8.72217047746111
2016-05-10 07:51:56,7.08829299673598
2016-05-12 22:49:45,6.71391472312743
2016-05-15 11:36:14,7.74403928695721
2016-05-18 02:20:08,5.5916587756361
2016-05-20 18:06:27,7.26929169786939
2016-05-23 00:48:32,10.1887779973491
2016-05-25 10:41:49,4.82701213548053
2016-05-28 02:23:31,3.8281277146662
2016-05-30 18:01:22,6.86574257258979
2016-06-02 09:40:23,6.53395211255208
2016-06-05 02:55:21,9.93253792914285
2016-06-07 11:16:49,7.71258990119959
2016-06-09 20:08:52,7.50568728156869
2016-06-12 07:15:18,7.05500298938546
2016-06-14 19:32:29,6.35442409731204
2016-06-17 05:51:12,5.83674438242588
2016-06-19 13:32:34,7.41689636225446
2016-06-21 23:07:46,5.19025167306156
2016-06-24 18:59:26,5.72138575800335
2016-06-27 03:15:26,9.4349614387534
2016-06-29 18:26:24,7.87100937835997
2016-07-02 03:00:36,7.82035568793039
2016-07-04 15:06:02,8.221949272767
2016-07-07 06:54:27,6.77732461593324
2016-07-09 20:24:05,7.36417769057145
2016-07-12 07:30:29,7.18583593087431
2016-07-14 23:56:22,7.47666530750633
2016-07-17 12:35:32,7.64546735347162
2016-07-20 02:31:43,6.17025697938948
2016-07-22 19:03:02,6.84105152205557
2016-07-25 15:29:02,7.77465807506784
2016-07-28 12:51:22,7.37887171145403
2016-07-31 06:08:56,7.57733771769233
2016-08-02 16:19:34,5.57353381672787
2016-08-04 22:30:14,5.21439516137957
2016-08-07 03:56:40,10.6531541885985
2016-08-09 19:40:47,7.71193161968119
2016-08-12 06:52:34,7.28642785428196
2016-08-14 13:41:44,7.768159920549
2016-08-17 03:17:58,5.545767372117
2016-08-19 18:59:05,6.74953129505363
2016-08-22 01:34:04,11.6441269559278
2016-08-24 13:07:47,7.05308913700364
2016-08-27 07:02:50,8.28780086156371
2016-08-29 15:20:41,9.48754625825331
2016-09-01 06:11:16,8.44200047292753
2016-09-03 20:33:42,12.5195793512602
2016-09-06 07:14:21,8.64467079291068
2016-09-08 20:10:56,10.1717681543349
2016-09-11 08:26:13,11.257442438661
2016-09-13 14:32:25,9.46030904606973
2016-09-15 21:24:33,9.87368731382653
2016-09-18 08:39:50,10.9578602780683
2016-09-20 21:54:41,7.30559275648706
2016-09-23 07:27:33,5.67384954365256
2016-09-25 13:46:53,10.5642043424097
2016-09-27 21:49:10,9.35258394439634
2016-09-30 10:27:12,8.28638908902834
2016-10-02 19:16:42,11.6974988888525
2016-10-05 05:11:00,7.12392022530587
2016-10-07 13:34:02,6.4100690824805
2016-10-09 20:16:16,6.3708365408172
2016-10-12 13:34:30,5.17199901631458
2016-10-15 07:33:25,6.10510366749117
2016-10-18 02:21:38,8.44182364159568
2016-10-20 18:18:52,8.29910465367219
2016-10-23 03:36:30,12.5350190598335
2016-10-25 15:53:20,4.82148966367433
2016-10-28 05:20:02,5.478589882754
2016-10-30 14:52:02,9.81654680548457
2016-11-02 02:32:17,8.27781128673389
2016-11-04 19:11:28,2.56136603909635
2016-11-07 05:58:59,2.99030750748818
2016-11-09 17:09:58,5.67452054374216
2016-11-11 21:45:19,11.1744398125658
2016-11-14 07:39:22,12.9811695474482
2016-11-16 12:36:58,8.19228991756106
2016-11-18 18:52:43,9.48035535359181
2016-11-21 12:48:22,10.2143671759286
2016-11-24 03:23:26,8.79876283051668
2016-11-26 12:24:59,12.2458098832677
2016-11-28 21:58:03,10.7104925539454
2016-12-01 08:42:41,10.6174948433427
2016-12-03 18:18:01,11.4278484302852
2016-12-06 06:23:44,9.46954237717494
2016-12-08 12:20:39,11.4842113244206
2016-12-11 03:16:56,13.8171411271461
2016-12-13 06:51:17,9.47151243719421
2016-12-15 20:27:22,7.83685784304735
2016-12-18 12:09:20,12.2336221293488
2016-12-21 01:42:22,7.98215854591324
2016-12-23 10:58:09,6.45349461110733
2016-12-25 22:15:34,14.9588344384612
2016-12-28 08:36:42,6.76827451937567
2016-12-30 17:34:16,7.09120952677002
2017-01-02 02:51:09,14.1897596799374
2017-01-04 12:25:01,7.77130020716482
2017-01-06 20:09:39,4.74120171024036
2017-01-09 07:08:08,8.28070604908226
2017-01-11 17:07:00,4.22674517109737
2017-01-14 01:04:31,7.13767115663867
2017-01-16 04:58:16,8.70164598096926
2017-01-18 12:37:40,7.32270146748351
2017-01-20 16:00:38,6.5762105998871
2017-01-22 18:14:01,13.7714624051773
2017-01-25 06:14:50,7.91276952697591
2017-01-27 13:47:51,8.26150161557589
2017-01-29 20:29:28,11.676796850967
2017-02-01 06:24:12,8.6861603440298
2017-02-03 14:42:27,7.23362963944889
2017-02-05 23:12:30,8.73441542573258
2017-02-08 13:27:31,7.83598738951768
2017-02-10 23:09:54,5.86414850636973
2017-02-13 12:57:12,11.3747350755441
2017-02-15 20:44:52,8.90860115800041
2017-02-18 07:47:37,8.57784373678133
2017-02-20 21:48:09,10.3282512471055
2017-02-23 15:22:29,3.97478283001858
2017-02-25 21:51:56,12.2928706943564
2017-02-28 04:33:26,8.48985118219889
2017-03-02 13:12:32,5.59108404609674
2017-03-05 03:11:44,8.55723452705979
2017-03-07 15:29:45,7.76942443281574
2017-03-10 03:54:39,3.31647702492479
2017-03-12 13:31:25,12.1718186692305
2017-03-15 00:09:44,5.95870339086712
2017-03-17 11:19:56,4.92271701527693
2017-03-19 19:49:25,2.90020402757268
2017-03-22 10:08:44,2.58963155745846
2017-03-24 17:12:57,6.53815059058623
2017-03-27 03:28:13,9.36860557920924
2017-03-29 15:48:09,8.17750095802509
2017-04-01 05:02:40,4.00528516806826
2017-04-03 15:24:30,5.62017713025428
2017-04-06 04:10:06,7.34449692507124
2017-04-08 14:44:48,1.37430402776317
2017-04-11 02:31:45,7.73841119988409
2017-04-13 12:14:34,7.47051752560806
2017-04-16 03:26:12,10.4734925370149
2017-04-18 19:16:40,6.86576791027822
2017-04-21 07:48:40,6.61325868251713
2017-04-23 18:41:14,10.6478791164919
2017-04-26 09:55:10,5.4436836239646
2017-04-28 23:34:06,6.6066449750005
2017-05-01 06:19:32,8.55722370993321
2017-05-03 18:06:41,6.63891120121626
2017-05-06 04:33:41,5.17831782410864
2017-05-08 10:32:54,5.4846426062275
2017-05-10 19:08:48,4.34858429382655
2017-05-13 04:35:04,5.15538284283188
2017-05-15 10:49:41,5.74652473483524
2017-05-18 00:10:04,4.03011434120257
2017-05-20 08:11:02,5.47082708558101
2017-05-22 19:44:03,5.53537718270499
2017-05-25 02:27:23,4.70867357440754
2017-05-27 11:45:28,4.95985047536477
2017-05-29 18:02:03,6.74446086232494
2017-05-31 20:57:16,4.95454113295603
2017-06-03 03:47:05,5.34522798930038
2017-06-05 07:55:56,5.09597783753075
2017-06-07 14:54:35,6.96057263425113
2017-06-09 22:49:44,6.33669784546016
2017-06-12 12:06:46,5.99876252102401
2017-06-15 02:18:04,4.58225068661191
2017-06-17 12:05:09,5.9476273065843
2017-06-20 02:11:56,5.34252514936209
2017-06-22 18:57:43,4.70776587443989
2017-06-25 04:38:13,7.52118110379989
2017-06-27 23:20:11,6.18327320412647
2017-06-30 15:42:41,5.30408371474631
2017-07-02 18:29:30,9.42307502410476
2017-07-04 23:30:26,7.07602561427458
2017-07-07 12:13:21,7.10111330662746
2017-07-09 22:58:48,6.67995983176668
2017-07-11 22:31:46,5.47136208286569
2017-07-14 03:46:19,6.26110419492463
2017-07-16 19:15:12,8.21219766029728
2017-07-19 04:36:58,6.70580568899696
2017-07-21 10:47:24,6.47656222149468
2017-07-23 18:26:55,10.0089781872633
2017-07-26 01:04:34,2.1680052165066
2017-07-28 11:57:33,6.61906613518119
2017-07-30 22:17:33,1.83313334920827
2017-08-02 10:23:24,6.72999736404974
2017-08-04 18:59:40,7.2536541101884
2017-08-07 02:40:14,9.22533577933048
2017-08-09 10:55:57,6.53894575960247
2017-08-12 05:22:16,5.9740318169178
2017-08-14 21:36:42,6.26451718827253
2017-08-17 09:42:28,5.04426755893699
2017-08-19 17:33:06,6.07916498559196
2017-08-22 23:30:45,9.53154844049178
2017-08-26 01:21:03,11.7993106767725
2017-08-28 19:23:22,9.8821099928417
2017-08-31 06:25:17,10.3025261570933
2017-09-02 08:49:33,8.98668538123127
2017-09-04 14:24:35,7.66807514715288
2017-09-06 16:32:21,5.76728520600638
2017-09-08 20:05:05,7.09062180497736
2017-09-11 03:47:45,8.97650087731877
2017-09-13 05:31:51,6.05307041462301
2017-09-15 06:04:29,4.86471083475738
2017-09-17 08:14:19,7.57981176624804
2017-09-19 20:52:36,8.2745459530914
2017-09-22 06:51:14,8.5795087662474
2017-09-24 17:45:32,14.1120713025911
2017-09-27 10:23:09,8.17935126950439
2017-09-29 16:34:56,8.12073311203102
2017-10-02 08:16:57,9.48829984957619
2017-10-04 13:24:42,10.4035918406332
2017-10-07 06:22:06,12.5225806925887
2017-10-09 09:03:40,8.46888649182403
2017-10-11 20:27:07,9.09091815599118
2017-10-14 07:48:19,8.92024152654997
2017-10-16 11:11:19,11.4487333663311
2017-10-18 18:34:25,7.56045027102026
2017-10-20 19:33:07,9.57003612225628
2017-10-23 01:46:57,11.1982817938927
2017-10-25 05:13:56,7.01516493858496
2017-10-27 10:11:49,8.26103949084312
2017-10-30 11:15:32,9.36327773836602
2017-11-01 23:06:29,7.78790910766784
2017-11-04 18:19:54,4.05337771167348
2017-11-07 09:03:27,8.73852924818401
2017-11-09 19:02:49,7.17262645676973
2017-11-13 10:16:40,5.42087231834569
2017-11-16 02:13:46,5.06940422379186
2017-11-18 11:37:21,5.63367085130343
2017-11-20 18:36:56,3.54709188461392
2017-11-23 00:43:00,4.9295524376713
2017-11-25 10:07:41,5.7902015468884
2017-11-27 17:07:00,7.00050606042008
2017-11-29 23:45:59,4.9292206204185
2017-12-02 01:21:48,7.77213337653384
2017-12-04 05:00:19,8.728190530371
2017-12-06 06:30:46,5.5035357799879
2017-12-08 13:17:50,5.40775260433578
2017-12-10 17:42:30,8.11298542624189
2017-12-13 00:17:00,5.1287732366288
2017-12-15 00:01:45,5.68448063250632
2017-12-17 03:40:07,7.08982882936603
2017-12-19 06:12:20,5.89194504666946
2017-12-21 21:47:50,8.74092509729648
2017-12-24 10:21:19,9.152341731267
2017-12-27 00:04:11,7.68454571967709
2017-12-29 10:43:17,7.82672906891907
2017-12-31 17:34:22,9.73571332208149
2018-01-02 23:50:33,7.03371676663175
2018-01-05 07:10:56,6.6913733734596
2018-01-07 14:05:03,5.76720987841518
2018-01-09 20:11:11,7.72869473983186
2018-01-11 21:23:43,8.85537378187557
2018-01-14 03:12:26,12.118050720067
2018-01-16 14:51:55,6.37862076735615
2018-01-18 17:07:34,8.58251460275681
2018-01-20 20:24:50,11.7676535353213
2018-01-22 23:15:41,10.585908705425
2018-01-25 01:15:52,11.3638235820423
2018-01-27 08:54:34,10.3774388642
2018-01-29 19:41:58,6.47412453733716
2018-02-01 08:45:21,9.09044592936911
2018-02-03 14:17:52,16.8092523008306
2018-02-05 16:18:54,10.5965970385423
2018-02-07 23:51:26,14.3113622434261
2018-02-10 19:41:15,11.049045991526
2018-02-13 00:53:27,10.3746019443478
2018-02-15 08:25:56,11.6012987961615
2018-02-17 16:45:05,13.0246421251806
2018-02-20 02:24:23,10.0377188082632
2018-02-22 10:17:12,13.4714814337329
2018-02-24 23:20:36,22.2951611648941
2018-02-27 07:46:27,19.1299611614263
2018-03-01 16:04:44,10.2481104626709
2018-03-03 20:44:13,22.3015511170212
2018-03-06 05:57:26,17.0796977426036
2018-03-08 14:31:15,17.3919029439552
2018-03-11 03:40:50,23.6812544874423
2018-03-13 09:48:47,11.4241280290774
2018-03-15 23:26:13,8.89246533996294
2018-03-18 10:03:06,6.98365175354097
2018-03-20 22:06:05,15.6574870557543
2018-03-23 13:18:57,15.5511718525168
2018-03-26 01:05:52,20.9200180000952
2018-03-28 12:59:34,15.9342331782655
2018-03-30 22:45:34,12.9410289515577
2018-04-02 11:22:28,12.9666804482805
2018-04-04 20:49:30,11.4332147138512
2018-04-07 05:51:39,15.6296193291126
2018-04-09 11:21:15,15.4034528123527
2018-04-11 21:03:26,16.4763299418658
2018-04-14 04:20:58,13.9583770878022
2018-04-16 15:04:29,12.6357206404539
2018-04-18 23:18:02,15.5468500908632
2018-04-21 07:37:45,11.7035267531355
2018-04-23 15:03:50,16.6751867146094
2018-04-26 05:06:17,9.71858227205354
2018-04-28 22:12:34,9.1843507495234
2018-05-01 06:46:51,13.42348476559
2018-05-03 17:29:09,13.777402030487
2018-05-06 04:51:31,16.5057954034839
2018-05-08 19:38:40,15.1545849633087
2018-05-11 07:17:32,13.0760505497547
2018-05-13 16:42:22,20.4956947693258
2018-05-16 06:03:50,15.0653596471072
2018-05-18 18:50:46,15.3629357874711
2018-05-21 05:31:41,21.3783384818856
2018-05-23 14:41:27,16.3644696942395
2018-05-25 21:29:25,16.9777958135967
2018-05-28 03:05:47,19.3389436926136
2018-05-30 13:05:14,12.601595677005
2018-06-01 18:02:30,13.1058206272179
2018-06-04 00:38:42,18.6848572040752
2018-06-06 01:07:19,13.9686272302434
2018-06-08 14:04:34,11.1288632861299
2018-06-11 06:28:26,11.2717339674681
2018-06-13 21:11:04,10.3508192230944
2018-06-16 06:42:32,10.441741307292
2018-06-18 12:48:45,20.512050978572
2018-06-20 22:23:41,15.2499139864546
2018-06-23 06:18:50,8.25306562220099
2018-06-25 11:09:13,15.669115454878
2018-06-28 02:09:13,17.2387936626767
2018-06-30 13:58:30,20.092386988751
2018-07-03 02:23:24,16.9754641487717
2018-07-05 23:37:18,16.3741186622224
2018-07-08 09:17:34,26.4977728927216
2018-07-10 20:25:07,14.0318959359079
2018-07-13 10:35:21,21.5354534315832
2018-07-16 05:44:23,21.8368813884409
2018-07-18 18:18:49,14.4944229756307
2018-07-20 22:25:53,18.0043381454674
2018-07-23 06:28:07,26.8113143065749
2018-07-25 11:20:36,15.3205096740564
2018-07-27 17:32:30,18.1605801578176
2018-07-29 23:49:51,25.8270582112504
2018-08-01 13:21:54,20.1503565584911
2018-08-03 20:18:00,17.2700897915097
2018-08-06 02:05:15,16.1663569774596
2018-08-08 15:23:36,13.4749972707341
2018-08-10 21:38:33,16.5025583700177
2018-08-13 04:43:38,28.5733320261269
2018-08-15 15:05:03,15.0083129884178
2018-08-18 00:59:21,19.5774314486434
2018-08-20 10:22:55,22.3454721780199
2018-08-22 21:11:17,18.1127415438641
2018-08-25 08:46:39,21.4802201599383
2018-08-27 15:14:53,21.0284976253084
2018-08-30 00:13:19,18.9829724288932
2018-09-01 09:22:46,12.6295122690126
2018-09-03 21:38:27,19.0212589335221
2018-09-06 14:02:10,13.907914111367
2018-09-09 01:33:54,23.1054508415585
2018-09-11 11:53:11,20.5538398935144
2018-09-13 23:03:40,15.5097803431742
2018-09-16 14:45:05,24.1504789535956
2018-09-19 05:34:46,17.4369410302725
2018-09-21 16:36:25,15.2753716503802
2018-09-24 03:43:47,31.8616055457792
2018-09-26 10:38:46,13.4754945140765
2018-09-29 00:27:57,16.3689433607425
2018-10-01 08:00:37,25.4971450794852
2018-10-03 21:18:20,20.6511035284504
2018-10-06 14:26:21,24.7979309856231
2018-10-09 09:35:11,20.5967249073564
2018-10-11 20:08:12,16.0658976479749
2018-10-14 14:57:07,26.3506393527746
2018-10-17 03:51:12,19.9525284224173
2018-10-19 20:23:50,17.3237066967156
2018-10-22 09:44:33,25.6728835742241
2018-10-25 01:10:23,16.6695165796749
2018-10-27 15:19:53,27.6695011756509
2018-10-30 06:44:29,19.6917233647108
2018-11-01 13:22:37,20.2886735480605
2018-11-04 00:09:10,29.2616194865991
2018-11-06 19:22:07,20.2188435510869
2018-11-09 16:47:02,20.1602712557714
2018-11-12 10:29:44,25.9787179485984
2018-11-15 05:05:56,13.1436433343764
2018-11-17 23:47:19,25.3187834664466
2018-11-20 21:42:41,8.16219940114856
2018-11-23 23:30:36,15.0007909649522
2018-11-26 21:22:22,12.3223585353569
2018-11-29 23:13:47,14.4210527056958
2018-12-03 05:37:33,17.3331506814366
2018-12-06 02:28:15,9.12463076847272
2018-12-09 01:16:21,19.4064994361504
2018-12-11 22:13:20,14.7094011675925
2018-12-14 18:17:45,13.9593542291517
2018-12-17 11:51:12,19.5645656024947
2018-12-19 23:55:02,11.2704910523414
2018-12-22 12:36:11,17.2254933139042
2018-12-24 17:18:31,16.7662039957401
2018-12-27 01:28:12,15.6421106930123
2018-12-29 06:02:32,13.5009765932025
2018-12-31 14:04:14,21.4149053859277
2019-01-03 01:27:14,17.664071285709
2019-01-05 09:25:39,19.1626112190724
2019-01-08 00:18:14,18.0901737105427
2019-01-10 05:19:42,17.8465548893481
2019-01-12 17:29:35,19.3726436604926
2019-01-15 07:20:04,15.5257342135476
2019-01-18 04:29:09,21.4095057382336
2019-01-20 17:22:48,27.4806427388944
2019-01-23 07:23:33,16.7352834623786
2019-01-25 20:35:45,9.77539759825891
2019-01-28 08:51:21,15.185562356638
2019-01-31 00:09:40,7.7108185501422
2019-02-02 09:26:15,6.11076646782552
2019-02-04 22:53:22,8.23870396388653
2019-02-07 07:02:54,5.3722161982476
2019-02-09 11:29:20,6.37936490740087
2019-02-12 02:33:17,7.98266521368169
2019-02-14 16:05:17,5.3990687045975
2019-02-17 07:30:51,24.6834454584352
2019-02-19 16:34:03,10.441464364489
2019-02-22 09:57:56,13.5872235462463
2019-02-24 22:59:17,16.6994808224843
2019-02-27 13:02:50,13.0638748963022
2019-03-01 20:21:30,11.8038390652405
2019-03-04 09:34:45,9.42456437654355
2019-03-07 01:58:18,11.1828361430488
2019-03-09 18:27:07,19.6932551596685
2019-03-12 08:22:46,12.4382688078984
2019-03-14 21:48:20,13.0929220037603
2019-03-17 05:27:17,21.4750403220317
2019-03-19 13:57:36,10.3474346971666
2019-03-21 23:07:39,11.7466324156736
2019-03-24 07:10:20,25.8219094823685
2019-03-26 22:27:43,14.8107185086831
2019-03-29 09:42:07,12.5260286774769
2019-04-01 01:04:33,18.4617306480671
2019-04-03 14:31:06,10.1976475805894
2019-04-06 01:17:18,16.7844150547604
2019-04-08 17:04:36,12.8958012549416
2019-04-11 05:43:17,9.97674227867107
2019-04-13 17:39:15,15.7993009754803
2019-04-16 09:26:45,9.08595991035561
2019-04-18 23:43:19,9.59718473165093
2019-04-21 11:19:36,19.4193934936041
2019-04-24 06:52:32,9.45366283664988
2019-04-26 16:40:56,10.9702112304778
2019-04-29 03:01:10,20.2146247908227
2019-05-01 12:16:19,13.950688767131
2019-05-03 15:37:44,16.3735180674013
2019-05-06 08:23:06,23.4394055494692
2019-05-08 22:57:53,13.6682871552737
2019-05-11 16:00:36,13.7179226824114
2019-05-14 00:31:49,11.1725383486927
2019-05-16 11:52:54,10.3448656295311
2019-05-18 22:45:54,21.0217209105937
2019-05-21 04:44:16,14.8799717846556
2019-05-23 11:23:00,15.2381127773792
2019-05-25 23:23:16,22.0779284186207
2019-05-28 05:02:55,14.6033331062454
2019-05-30 09:21:36,15.7444452630528
2019-06-02 01:02:06,15.3503425595802
2019-06-04 19:59:21,9.7464034588247
2019-06-07 02:54:31,8.73118832801999
2019-06-09 17:08:45,18.4812861042069
2019-06-12 05:12:53,8.79167636560769
2019-06-14 16:33:52,13.9358536262092
2019-06-17 07:11:08,9.47676521114902
2019-06-19 16:09:09,6.79747245072035
2019-06-22 02:52:15,11.2695637002832
2019-06-24 09:25:21,15.6550909136526
2019-06-26 16:33:34,10.8736152697427
2019-06-29 00:10:42,12.834464412199
2019-07-01 08:35:04,7.85788874498906
2019-07-03 15:22:04,11.1210050277968
2019-07-05 18:16:12,11.3720471515231
2019-07-07 21:37:40,25.1287454801511
2019-07-10 04:37:50,7.59090587621563
2019-07-12 19:56:45,7.23768198567223
2019-07-15 08:23:50,10.2601486717515
2019-07-17 20:44:08,9.61510504011673
2019-07-20 14:39:52,16.0065299467802
2019-07-22 22:13:59,2.73343305219806
2019-07-25 13:40:20,8.61689738754805
2019-07-27 19:49:52,26.7825413673021
2019-07-30 00:27:50,6.69053812351593
2019-08-01 09:39:48,13.6586632047121
2019-08-03 16:28:12,29.0672272330319
2019-08-06 00:20:34,8.82970159690994
2019-08-08 11:32:55,23.0119881974878
2019-08-10 21:50:59,8.84572040543106
2019-08-13 09:18:18,10.9863650766198
2019-08-15 19:54:40,11.527637108437
2019-08-18 12:27:58,13.7916395157174
2019-08-20 23:14:41,2.03251627115277
2019-08-23 13:52:28,12.2033613522019
2019-08-25 22:02:38,31.7703244574559
2019-08-28 12:43:31,23.5141287783175
2019-08-30 19:21:10,20.6209097451008
2019-09-02 05:05:21,22.1506111106602
2019-09-04 17:11:10,15.4878311220028
2019-09-06 23:35:14,14.6205507293658
2019-09-09 05:46:54,24.4752431419003
2019-09-11 10:30:45,17.296544899663
2019-09-13 16:34:11,27.1997993526972
2019-09-16 01:20:56,35.3912580763534
2019-09-18 10:19:29,14.2992349407306
2019-09-20 18:52:15,21.1504867717503
2019-09-23 01:57:25,9.38810692983796
2019-09-25 16:20:06,9.99033700509979
2019-09-28 02:12:03,19.6020729159037
2019-09-30 17:30:58,22.4946832569751
2019-10-03 05:04:46,22.7524415410804
2019-10-05 15:23:16,31.2289467219134
2019-10-08 02:02:26,25.7971719617516
2019-10-10 13:56:28,19.1625228920393
2019-10-13 00:11:03,37.1369654416581
2019-10-15 13:57:40,24.8620644192189
2019-10-18 02:47:07,18.8661899353764
2019-10-20 15:31:48,23.5246585811184
2019-10-22 21:52:25,16.1715584938475
2019-10-25 09:28:02,19.1991641722494
2019-10-28 04:17:15,21.5109120221359
2019-10-30 22:04:14,8.90883674967563
2019-11-02 14:58:24,16.143308987358
2019-11-05 10:12:22,17.9534316483464
2019-11-08 02:46:02,13.9718876225379
2019-11-10 15:57:25,30.1970572174852
2019-11-13 05:01:26,15.8283015377445
2019-11-15 10:55:25,13.704078708021
2019-11-17 22:27:14,28.5897002139788
2019-11-20 11:47:17,21.9586630484561
2019-11-23 02:42:56,11.4986634724464
2019-11-25 17:10:24,16.0239449001049
2019-11-28 11:41:46,19.7319939177319
2019-12-01 04:52:06,23.2311710900079
2019-12-03 16:32:42,21.5587848445726
2019-12-06 01:15:23,20.1673231240471
2019-12-08 12:37:39,18.6243702667724
2019-12-10 23:38:08,15.5733650441601
2019-12-13 15:11:01,21.9435440717347
2019-12-16 05:56:28,27.1922289564972
2019-12-18 20:32:32,16.3203849009021
2019-12-21 03:59:17,18.5085867105953
2019-12-23 08:41:42,19.8107227094961
2019-12-26 03:30:12,29.5512890617166
2019-12-28 13:45:53,21.5290493580713
2019-12-30 20:32:41,18.764431671409
2020-01-02 05:03:30,39.0885389809968
2020-01-04 13:17:05,25.4138241487349
2020-01-06 23:09:14,17.4198814976072
2020-01-09 06:01:24,21.4079628165079
2020-01-11 15:12:17,25.704848911624
2020-01-14 02:23:47,26.06959962825
2020-01-16 14:26:07,16.2401668469518
2020-01-19 00:59:23,36.3949309040924
2020-01-21 09:37:34,26.125133376146
2020-01-23 19:27:25,19.2413310219096
2020-01-26 04:18:55,39.3062579687947
2020-01-28 19:53:28,14.3416706737314
2020-01-31 05:25:59,13.1388845216464
2020-02-02 17:54:12,27.7963544930492
2020-02-05 06:58:17,20.870936439059
2020-02-07 20:47:56,10.5481617162802
2020-02-10 10:19:47,22.5720380938629
2020-02-13 03:19:10,17.2718949033801
2020-02-15 18:08:05,16.4094992181636
2020-02-18 04:56:08,20.7712522819216
2020-02-20 21:34:35,17.0327333836492
2020-02-23 09:03:33,31.5008479879415
2020-02-25 22:12:15,20.6112822805653
2020-02-28 11:13:14,18.5243947340766
2020-03-01 18:58:06,31.5490972266479
2020-03-04 04:32:32,22.6909390577179
2020-03-06 11:13:53,19.1901001799188
2020-03-08 17:05:26,30.686218670466
2020-03-11 09:42:24,18.6961771057618
2020-03-14 04:21:20,9.00747139273755
2020-03-17 07:36:33,11.6737426081507
2020-03-20 13:34:43,13.1987651820161
2020-03-23 17:48:39,21.1077803646017
2020-03-26 15:45:54,17.6471314941288
2020-03-29 04:16:48,29.0470177172784
2020-03-31 14:58:27,19.8267476304793
2020-04-02 23:55:43,18.313394526857
2020-04-05 11:43:53,25.172460629932
2020-04-07 19:29:21,14.7583676119873
2020-04-10 06:41:40,16.9265509858002
2020-04-12 12:02:33,34.5559368109803
2020-04-14 18:47:32,18.7359456178198
2020-04-17 00:58:24,16.9004432674062
2020-04-19 15:02:07,30.9757515361103
2020-04-21 23:38:32,22.2888935413129
2020-04-24 15:30:06,14.9206643694472
2020-04-27 07:32:55,29.8290686323555
2020-04-29 18:24:03,15.6526969027674
2020-05-02 12:06:42,21.5894592210236
2020-05-04 18:25:08,21.9697295619935
2020-05-07 03:10:59,18.0021943767926
2020-05-09 19:21:26,14.6778210242084
2020-05-12 02:23:54,15.0063287200402
2020-05-14 23:37:00,15.772806660131
2020-05-18 01:31:49,30.3333723942359
2020-05-21 04:48:14,16.8674248566243
2020-05-24 05:55:50,28.302781823464
2020-05-27 07:46:40,18.4567400453291
2020-05-30 01:03:01,17.7815736181071
2020-06-01 14:57:00,25.8859845463804
2020-06-04 05:20:24,16.4870965884396
2020-06-06 09:32:31,18.6280146541355
2020-06-08 13:47:35,30.5184674534575
2020-06-10 18:20:46,14.3290727631305
2020-06-12 22:19:20,22.5292006674093
2020-06-15 05:20:53,34.3190931683649
2020-06-17 19:34:29,18.1049351061266
2020-06-20 12:11:31,22.6660459654999
2020-06-23 03:07:35,16.3969984953509
2020-06-25 14:34:58,14.5616567582153
2020-06-28 00:52:07,30.2968404544008
2020-06-30 11:45:23,16.9170884057429
2020-07-02 21:24:25,17.8168790289895
2020-07-05 03:49:29,27.8976488144464
2020-07-07 10:13:18,16.2051318119699
2020-07-09 19:43:56,18.7644738642089
2020-07-12 05:33:32,31.1033639052715
2020-07-14 15:57:50,19.9851103540653
2020-07-17 07:07:56,19.4892720684535
2020-07-20 03:06:01,26.5979967074586
2020-07-22 20:53:43,19.2163049759934
2020-07-25 09:03:34,17.1963330352264
2020-07-27 18:03:45,17.3398096188662
2020-07-30 06:55:11,15.4023800613226
2020-08-01 23:16:49,21.7415539352721
2020-08-04 09:32:00,15.8547664407408
2020-08-06 22:02:20,15.2199683172585
2020-08-09 11:21:30,25.8997970886445
2020-08-11 21:50:16,16.6867017658132
2020-08-14 06:34:58,19.0174818987367
2020-08-16 14:31:23,11.2706862871744
2020-08-19 07:19:11,8.99527788447971
2020-08-21 18:50:14,11.513151427325747
2020-08-24 06:47:29,13.206528164303018
2020-08-26 22:02:36,9.66038155827506
2020-08-29 10:57:23,9.355011600780436
2020-09-01 02:39:34,6.358778330664131
2020-09-03 16:39:20,6.282485316129786
2020-09-06 08:17:11,7.348740419360603
2020-09-08 14:51:13,5.847563319687649
2020-09-10 23:08:54,5.261108513878796
2020-09-13 06:37:24,7.227057277264308
2020-09-15 14:05:01,7.038100764134933
2020-09-17 18:28:49,5.20025792630198
2020-09-20 03:26:31,6.487595192654358
2020-09-22 17:32:24,5.891096182334131
2020-09-25 07:51:15,7.816226831218495
2020-09-27 17:26:05,9.298174336531794