Timestamp,nvts
2019-09-29 08:56:58,8.00152994579254
2019-09-29 14:55:48,7.9235504984997
2019-09-29 20:37:20,7.89024873741444
2019-09-30 02:51:52,7.9792351583985
2019-09-30 09:13:13,7.84633769256867
2019-09-30 15:08:45,8.1997638117544
2019-09-30 22:34:27,8.249294267852
2019-10-01 04:35:23,8.43096357215381
2019-10-01 10:21:52,8.35054371008587
2019-10-01 16:17:30,8.40992145936488
2019-10-01 21:29:24,8.40519200075279
2019-10-02 04:02:29,8.31731887453213
2019-10-02 09:11:15,8.30904844528945
2019-10-02 13:51:23,8.29575456269586
2019-10-02 21:05:31,8.30418683467794
2019-10-03 02:32:58,8.42182432642951
2019-10-03 07:36:42,8.36741856602819
2019-10-03 14:58:28,8.33230659436673
2019-10-03 19:33:07,8.25817961708932
2019-10-04 01:07:55,8.2543758325102
2019-10-04 08:05:20,8.27922154495805
2019-10-04 14:03:28,8.3112430962532
2019-10-04 19:39:43,8.33358988827898
2019-10-05 00:11:12,8.30383724629168
2019-10-05 05:06:00,8.28896765313747
2019-10-05 09:40:25,8.25474897715251
2019-10-05 15:23:16,8.20024813983713
2019-10-05 21:14:13,8.26069316968847
2019-10-06 02:53:55,8.2373774879695
2019-10-06 09:43:41,8.06662173713686
2019-10-06 15:05:13,8.11136471050252
2019-10-06 20:46:51,8.10689988302054
2019-10-07 02:21:12,8.06553720208611
2019-10-07 07:28:02,8.11394728003557
2019-10-07 12:43:27,8.31326262975404
2019-10-07 17:45:48,8.61780140474992
2019-10-07 23:42:20,8.64712147393727
2019-10-08 04:43:05,8.71244280310768
2019-10-08 10:44:22,8.64239221727423
2019-10-08 15:03:30,8.68408131792997
2019-10-08 20:01:58,8.67584851196915
2019-10-09 00:55:47,8.71681380284996
2019-10-09 07:21:00,8.70968604430932
2019-10-09 15:16:06,9.07557520615812
2019-10-09 21:21:41,9.26833933781475
2019-10-10 03:22:47,9.28792629826703
2019-10-10 08:32:34,9.39156676760447
2019-10-10 14:08:35,9.29564444612168
2019-10-10 18:46:26,9.34816585007439
2019-10-10 23:03:30,9.4454276206169
2019-10-11 03:21:01,9.41752289341671
2019-10-11 09:00:47,9.24208955007999
2019-10-11 14:25:17,9.25118672284488
2019-10-11 21:33:41,9.25281643849613
2019-10-12 02:19:11,9.24852877176388
2019-10-12 09:03:11,9.30197590416878
2019-10-12 15:07:51,9.37001578528416
2019-10-12 21:20:56,9.3325480198497
2019-10-13 03:00:39,9.35294981569672
2019-10-13 08:16:37,9.36142636938821
2019-10-13 13:01:29,9.47583157396725
2019-10-13 19:30:20,9.51358625660752
2019-10-14 03:53:41,9.38449285407486
2019-10-14 10:01:41,9.42776987768348
2019-10-14 16:30:22,9.40995785543399
2019-10-14 23:34:14,9.55444684432934
2019-10-15 04:30:59,9.55383185444159
2019-10-15 09:28:01,9.5442839538257
2019-10-15 14:48:52,9.57857871259252
2019-10-15 20:58:19,9.44645959216074
2019-10-16 02:52:32,9.46048741152207
2019-10-16 10:53:37,9.48876075282055
2019-10-16 16:20:34,9.29999894844724
2019-10-16 21:50:57,9.40490841672841
2019-10-17 01:58:31,9.42930053157452
2019-10-17 07:17:51,9.4611812986035
2019-10-17 14:52:38,9.58723011546756
2019-10-17 19:55:16,9.62225785558193
2019-10-18 01:09:43,9.64656095419869
2019-10-18 05:45:52,9.63739130916453
2019-10-18 10:32:00,9.43772689216599
2019-10-18 16:50:27,9.46674415541337
2019-10-18 21:56:12,9.49679756733269
2019-10-19 03:28:40,9.47131528442482
2019-10-19 10:42:11,9.50542370463098
2019-10-19 15:25:10,9.58566050180922
2019-10-19 21:10:17,9.49492497565054
2019-10-20 04:42:19,9.48552862195717
2019-10-20 11:51:07,9.61582379478213
2019-10-20 17:06:28,9.87074824257669
2019-10-20 21:29:15,10.1279470975398
2019-10-21 03:59:15,10.2384471717108
2019-10-21 09:40:12,10.2529369147741
2019-10-21 14:10:59,10.2918696486201
2019-10-21 18:58:54,10.2400800427665
2019-10-22 00:19:05,10.2631499033887
2019-10-22 04:48:37,10.2816178261741
2019-10-22 11:13:23,10.3336094013707
2019-10-22 16:18:03,10.296444479806
2019-10-22 21:10:55,10.1843161423931
2019-10-23 01:40:15,10.081337779213
2019-10-23 06:25:23,9.99715666500007
2019-10-23 11:25:37,10.076373624821
2019-10-23 16:25:54,9.36815451053447
2019-10-23 21:08:45,9.45682436647946
2019-10-24 02:15:35,9.41453572708477
2019-10-24 08:10:14,9.41327129581413
2019-10-24 15:33:06,9.47713579554045
2019-10-24 21:26:45,9.46325292323849
2019-10-25 04:29:51,9.4638200926245
2019-10-25 11:34:20,9.64699354800618
2019-10-25 17:43:08,10.6743311149078
2019-10-25 22:36:05,10.9167461429425
2019-10-26 04:06:22,12.1871858552756
2019-10-26 09:23:20,11.8723679145716
2019-10-26 16:16:57,11.6253182605289
2019-10-26 22:47:44,11.6440749518484
2019-10-27 07:51:57,11.5929519857815
2019-10-27 13:32:45,11.732792566972
2019-10-27 20:09:31,12.2748418766139
2019-10-28 03:38:28,12.3552031946168
2019-10-28 10:23:05,11.9769230482334
2019-10-28 15:16:59,11.9026658171826
2019-10-28 21:57:15,12.0602909562537
2019-10-29 03:19:31,11.8226701014077
2019-10-29 09:50:41,12.0448902707731
2019-10-29 16:59:55,11.9516924800901
2019-10-29 22:30:20,12.0311441523572
2019-10-30 05:50:03,11.8224787180182
2019-10-30 12:15:09,11.6256779977968
2019-10-30 18:11:10,11.6189544624848
2019-10-31 00:01:05,11.664566720205
2019-10-31 04:48:45,11.5840326679102
2019-10-31 11:38:48,11.5450031433294
2019-10-31 17:27:06,11.7481395082065
2019-11-01 02:13:09,11.5292234484525
2019-11-01 08:07:11,11.5314757287097
2019-11-01 15:20:21,11.5294688794302
2019-11-01 21:14:06,11.6168260980406
2019-11-02 03:34:41,11.670778390937
2019-11-02 10:38:40,11.6041980830647
2019-11-02 14:55:39,11.7849804058507
2019-11-02 20:17:29,11.7248784188222
2019-11-03 04:08:14,11.7286699352703
2019-11-03 10:54:39,11.5812479371522
2019-11-03 17:37:51,11.5197625641586
2019-11-03 23:22:18,11.5966467314576
2019-11-04 06:28:04,11.5634080068431
2019-11-04 12:14:07,11.7693186668207
2019-11-04 18:58:09,11.8765304401184
2019-11-05 00:28:35,12.0331709816347
2019-11-05 08:17:11,11.8075046442755
2019-11-05 12:13:28,11.8975325574092
2019-11-05 18:43:23,11.9688279275927
2019-11-06 00:09:38,11.9275740527424
2019-11-06 06:14:34,11.9622221670383
2019-11-06 14:04:05,11.9379277183316
2019-11-06 19:45:36,11.9196463494669
2019-11-07 00:53:24,11.9727062464251
2019-11-07 08:05:31,11.8618462112511
2019-11-07 13:42:32,11.7730026019295
2019-11-07 21:13:34,11.7821443083683
2019-11-08 02:59:58,11.8382416494261
2019-11-08 09:01:36,11.6439654769329
2019-11-08 14:34:37,11.2950261648825
2019-11-08 21:05:21,11.35126717532
2019-11-09 04:25:11,11.4088116964215
2019-11-09 10:24:11,11.4253813940859
2019-11-09 16:53:16,11.3856766013029
2019-11-09 21:48:54,11.3556989466089
2019-11-10 02:59:44,11.3612751997385
2019-11-10 08:50:13,11.4422606764845
2019-11-10 14:20:45,11.4069232922887
2019-11-10 20:17:35,11.7212644542914
2019-11-10 23:25:02,11.7837603314151
2019-11-11 05:18:40,11.6175107830154
2019-11-11 11:30:42,11.3201553624509
2019-11-11 17:12:33,11.3710213516149
2019-11-11 21:55:38,11.3775194391434
2019-11-12 04:15:20,11.4226413895573
2019-11-12 08:47:48,11.4736097012575
2019-11-12 13:43:32,11.4063293848787
2019-11-12 22:10:25,11.4874372618854
2019-11-13 06:00:38,11.4501622948403
2019-11-13 11:45:17,11.5484060583762
2019-11-13 18:28:05,11.5204049859323
2019-11-13 22:59:17,11.5331100665248
2019-11-14 03:56:14,11.5203890592924
2019-11-14 08:49:52,11.404633244878
2019-11-14 14:05:19,11.4208769472329
2019-11-14 18:54:47,11.3998856484162
2019-11-15 00:12:14,11.3818399227562
2019-11-15 04:20:57,11.2695256771641
2019-11-15 09:39:19,11.404378041027
2019-11-15 15:33:03,11.1569671311652
2019-11-15 21:38:46,11.1889005385031
2019-11-16 03:22:23,11.1788258032899
2019-11-16 09:00:50,11.231625119148
2019-11-16 14:11:11,11.2518893022655
2019-11-16 20:18:06,11.2375198828817
2019-11-17 03:28:54,11.2581527776682
2019-11-17 09:03:22,11.3650396891922
2019-11-17 13:50:45,11.3916971926982
2019-11-17 18:50:58,11.3825866531944
2019-11-18 00:03:06,11.3331532615875
2019-11-18 04:00:06,11.3095966811048
2019-11-18 09:53:06,11.3039561284812
2019-11-18 16:00:29,11.209646359849
2019-11-19 00:06:03,11.0576962132264
2019-11-19 06:06:04,11.2701977076098
2019-11-19 12:46:20,11.7066002723526
2019-11-19 18:13:23,12.4517938582415
2019-11-19 23:21:44,12.9942997723168
2019-11-20 05:04:49,13.6322020204008
2019-11-20 10:21:35,14.2752056149956
2019-11-20 16:42:51,15.1465621731803
2019-11-20 23:06:41,15.6933833131008
2019-11-21 04:45:46,16.1865437635834
2019-11-21 12:34:56,15.909508756294
2019-11-21 17:29:06,15.3817467203691
2019-11-21 23:38:11,15.3923947530198
2019-11-22 08:20:10,15.236658634126
2019-11-22 13:53:31,14.3858804118382
2019-11-22 19:58:52,14.5222474926264
2019-11-23 00:28:27,14.6077210957519
2019-11-23 04:14:57,14.6162684506153
2019-11-23 10:33:24,14.3513073460332
2019-11-23 14:53:51,14.3580817596398
2019-11-23 20:04:36,14.5467050498657
2019-11-24 01:56:20,14.4763746012952
2019-11-24 07:28:42,14.3829062006687
2019-11-24 14:53:13,14.2782847239101
2019-11-24 21:43:54,14.103918172627
2019-11-25 03:09:15,13.4877231915319
2019-11-25 08:00:45,13.3891924699875
2019-11-25 16:28:51,14.5580051553818
2019-11-26 00:23:11,14.2969955116971
2019-11-26 07:51:18,14.3555299774339
2019-11-26 14:58:28,14.1459534474733
2019-11-26 21:14:24,14.2547945857949
2019-11-27 03:59:00,14.3379297905206
2019-11-27 09:47:51,14.0886974842423
2019-11-27 15:53:49,14.521815971235
2019-11-27 22:11:38,15.1603373005285
2019-11-28 01:59:13,15.2169490958919
2019-11-28 08:02:12,15.0859285944571
2019-11-28 13:27:11,14.9878087380723
2019-11-28 19:25:09,15.2794185675018
2019-11-29 00:14:53,14.9533527750032
2019-11-29 06:30:16,15.0458545306964
2019-11-29 12:15:26,15.1690899012811
2019-11-29 19:59:15,15.6221456587721
2019-11-30 00:44:04,15.6203399177857
2019-11-30 08:13:18,15.6346848686686
2019-11-30 13:43:58,15.5137046921754
2019-11-30 21:29:28,15.1457607114763
2019-12-01 04:45:33,14.7199603250595
2019-12-01 10:22:17,14.7818445196459
2019-12-01 15:43:31,14.9547361563712
2019-12-01 21:52:14,14.8907110860476
2019-12-02 03:29:24,15.0191977083898
2019-12-02 09:58:47,14.6697878334342
2019-12-02 13:51:10,14.8619113510181
2019-12-02 20:37:10,14.8109708334005
2019-12-03 03:13:58,14.9734246690386
2019-12-03 08:56:44,14.8942209340999
2019-12-03 14:23:37,14.9068172734472
2019-12-03 18:14:35,15.0099847112293
2019-12-04 00:10:00,14.9739622646396
2019-12-04 05:22:27,14.7027319787719
2019-12-04 11:21:56,14.8978117662814
2019-12-04 15:57:22,15.4246131875262
2019-12-04 20:51:54,15.4598363389304
2019-12-05 01:29:37,14.8733580252798
2019-12-05 08:45:55,15.0592314428031
2019-12-05 13:34:36,15.3130545734943
2019-12-05 19:34:43,15.1483148366311
2019-12-06 01:24:45,15.2205845196772
2019-12-06 08:05:16,15.2087645130803
2019-12-06 13:54:40,15.1798177716748
2019-12-06 18:44:37,15.3672040655641
2019-12-07 00:25:11,15.4389897251641
2019-12-07 06:49:47,15.4579415618509
2019-12-07 13:30:17,15.3592959678275
2019-12-07 17:42:26,15.356819437287
2019-12-07 22:22:12,15.310163338672
2019-12-08 03:28:33,15.143401197726
2019-12-08 09:08:42,15.2150510444778
2019-12-08 15:36:20,15.3731936887683
2019-12-08 21:53:35,15.398473700123
2019-12-09 02:17:41,15.3348783636466
2019-12-09 08:16:21,15.3211999185924
2019-12-09 13:31:18,15.3957096850854
2019-12-09 19:15:14,15.3251783260631
2019-12-10 02:48:54,15.1686793911356
2019-12-10 07:33:16,15.1618713207472
2019-12-10 14:19:36,15.1221055496056
2019-12-10 19:23:27,14.9186413701703
2019-12-11 01:04:30,14.9538523788179
2019-12-11 08:21:59,14.9253020715012
2019-12-11 15:03:25,14.9824441740048
2019-12-11 19:20:23,14.883430306236
2019-12-12 01:38:55,14.7988477597185
2019-12-12 06:34:32,14.8190818156632
2019-12-12 14:08:54,14.8842341290295
2019-12-12 20:24:05,14.9180826012581
2019-12-13 02:16:32,14.9139746439059
2019-12-13 07:52:16,14.9508769204704
2019-12-13 13:22:11,14.9799701000514
2019-12-13 18:47:01,15.0880078649033
2019-12-14 01:49:03,15.0362942007913
2019-12-14 06:02:54,15.0928706770341
2019-12-14 10:46:29,14.9305648642145
2019-12-14 15:56:21,14.8613458409838
2019-12-14 23:05:00,14.7304652990397
2019-12-15 06:26:13,14.6280034038419
2019-12-15 12:22:59,14.758497495363
2019-12-15 19:44:31,14.7926739148284
2019-12-16 02:13:04,14.7649305319094
2019-12-16 06:35:48,14.7329276214307
2019-12-16 12:43:35,14.7977237866944
2019-12-16 18:10:25,14.8652113345253
2019-12-16 23:15:54,14.4394313944009
2019-12-17 05:33:48,14.4570990561939
2019-12-17 11:10:59,14.5067003832881
2019-12-17 16:46:30,14.1267546095522
2019-12-17 23:31:29,13.8856551549885
2019-12-18 06:18:45,14.0466390669276
2019-12-18 11:44:57,14.0050566325913
2019-12-18 19:19:41,14.4456695657512
2019-12-19 00:22:35,15.3390198916035
2019-12-19 06:13:41,15.0458339005749
2019-12-19 10:27:47,14.96054010009
2019-12-19 16:14:27,15.0174830331976
2019-12-19 21:53:41,15.0405468384598
2019-12-20 03:05:09,14.990007462073
2019-12-20 09:21:13,15.0134629288369
2019-12-20 14:08:09,15.121737485982
2019-12-20 19:17:11,15.1522101267132
2019-12-21 00:36:52,15.1541796786893
2019-12-21 05:06:38,15.0754199630267
2019-12-21 10:31:49,15.0071291295275
2019-12-21 15:15:32,15.0372139033062
2019-12-21 20:14:10,15.067571712373
2019-12-22 00:20:57,15.0971553440463
2019-12-22 05:27:28,15.1433664993086
2019-12-22 09:43:49,15.2484784221976
2019-12-22 14:33:59,15.3321979473192
2019-12-22 20:59:02,15.9435637366616
2019-12-23 01:38:36,16.3080865605558
2019-12-23 07:49:53,16.1775526256537
2019-12-23 13:04:06,16.3552770730342
2019-12-23 19:10:37,16.0048647371585
2019-12-24 02:49:42,15.8271135908652
2019-12-24 09:31:39,15.9832060679646
2019-12-24 16:07:59,15.8481214752429
2019-12-24 22:16:37,15.8494234094443
2019-12-25 04:40:23,15.865986384598
2019-12-25 10:40:02,15.9024176256095
2019-12-25 16:28:05,15.8572636670819
2019-12-26 00:14:48,15.9190981633498
2019-12-26 06:03:44,15.9014862171721
2019-12-26 10:21:16,15.9914454797707
2019-12-26 15:06:47,16.0192539330398
2019-12-26 19:49:27,16.3560052442435
2019-12-27 02:33:03,16.0233221959402
2019-12-27 08:30:01,15.954214674627
2019-12-27 14:37:22,15.983426208793
2019-12-27 20:33:47,16.0547354832622
2019-12-28 03:26:45,16.2447379471445
2019-12-28 07:28:30,16.2419153932956
2019-12-28 12:54:22,16.2457889186035
2019-12-28 18:17:37,16.3242049417997
2019-12-29 00:27:35,16.2573516132892
2019-12-29 05:19:06,16.2411343792333
2019-12-29 10:44:04,16.2466634122779
2019-12-29 16:03:14,16.4759311931285
2019-12-29 22:00:58,16.4996979997356
2019-12-30 04:04:49,16.4130072897757
2019-12-30 09:07:26,16.4572501218106
2019-12-30 13:32:23,16.3475035817212
2019-12-30 17:31:03,16.2497252349469
2019-12-30 23:25:54,16.3192738143509
2019-12-31 05:37:59,16.2561304521605
2019-12-31 10:42:21,16.2337824907551
2019-12-31 17:28:17,16.2091369760825
2019-12-31 23:02:40,16.1918904721023
2020-01-01 04:42:59,16.2590244207293
2020-01-01 10:19:08,16.2044554586505
2020-01-01 14:50:07,16.2785105007075
2020-01-01 18:57:36,16.3407386012569
2020-01-01 23:11:56,16.2546008718807
2020-01-02 05:03:30,16.1290827985991
2020-01-02 10:54:58,16.1981302228977
2020-01-02 16:18:51,16.1539431292072
2020-01-02 22:37:44,15.8172934326312
2020-01-03 03:18:28,15.7906278652045
2020-01-03 08:56:41,16.3648128350168
2020-01-03 13:49:18,16.6478824104496
2020-01-03 18:26:09,16.7210127925208
2020-01-04 00:37:15,16.6625017331834
2020-01-04 06:58:22,16.6360397620309
2020-01-04 11:18:51,16.5641867716172
2020-01-04 16:26:44,16.5634632332643
2020-01-04 21:19:06,16.626513322952
2020-01-05 01:31:01,16.706395317295
2020-01-05 07:36:54,16.9072983333498
2020-01-05 12:37:40,16.8266139348761
2020-01-05 16:44:01,16.9164263867568
2020-01-05 22:52:52,16.6941399984448
2020-01-06 04:20:07,17.1110997930573
2020-01-06 09:58:52,17.1267600591516
2020-01-06 16:29:03,17.0631813299384
2020-01-06 23:17:59,17.5134310960785
2020-01-07 03:24:41,17.9238986729512
2020-01-07 09:56:18,17.8644453262627
2020-01-07 14:20:58,17.8046384338364
2020-01-07 19:36:02,18.2536717573023
2020-01-07 23:09:50,18.2509928928687
2020-01-08 04:35:30,18.8467612692663
2020-01-08 09:17:41,18.8742706953351
2020-01-08 16:05:55,18.8567188536799
2020-01-08 22:14:29,18.1803628199009
2020-01-09 03:55:48,18.1186493972954
2020-01-09 09:53:05,18.0213175530658
2020-01-09 16:08:40,17.9180080379154
2020-01-09 20:35:06,17.9375070313711
2020-01-10 01:04:30,17.6894703117451
2020-01-10 06:51:41,17.5003680137295
2020-01-10 13:50:08,17.8048501562494
2020-01-10 18:38:09,17.9752131309032
2020-01-11 00:26:21,18.4946279967196
2020-01-11 05:56:05,18.2904744631987
2020-01-11 10:45:09,18.2657684421713
2020-01-11 16:01:33,18.2085954326364
2020-01-11 21:22:31,18.3520839218057
2020-01-12 02:48:28,18.1295432438806
2020-01-12 08:02:14,18.2028197173245
2020-01-12 13:21:17,18.2842756302061
2020-01-12 18:29:22,18.220059820768
2020-01-13 00:23:35,18.442220372233
2020-01-13 05:51:44,18.2850017295353
2020-01-13 11:05:32,18.3027619544716
2020-01-13 17:08:40,18.2769856708828
2020-01-14 00:25:34,18.3010263759583
2020-01-14 06:46:43,19.1716431819479
2020-01-14 13:07:47,19.1916879793892
2020-01-14 18:46:40,19.8528676247701
2020-01-15 00:02:37,19.9507388745084
2020-01-15 05:14:16,19.3994478323912
2020-01-15 10:16:21,19.6767198581375
2020-01-15 15:50:28,19.856544466762
2020-01-15 22:42:26,19.7686329814648
2020-01-16 04:31:55,19.3072427404324
2020-01-16 10:37:30,19.3041525957554
2020-01-16 15:36:56,19.3739551506302
2020-01-16 20:07:26,19.4213172297854
2020-01-17 00:35:54,19.4743539906271
2020-01-17 04:48:56,19.6130704550246
2020-01-17 10:04:38,20.0241164093388
2020-01-17 15:29:44,19.6016244639572
2020-01-17 22:19:06,19.8788826792005
2020-01-18 03:32:10,19.8777311046592
2020-01-18 10:41:14,19.7841388738132
2020-01-18 15:52:37,19.8670426389614
2020-01-18 23:15:14,19.9449442778456
2020-01-19 06:30:47,20.3484384288316
2020-01-19 11:26:49,20.1481803670336
2020-01-19 15:21:18,19.2312451695457
2020-01-19 21:36:39,19.3140514031476
2020-01-20 03:57:36,19.3508828244489
2020-01-20 10:01:55,19.3346461979865
2020-01-20 15:23:17,19.3343045516282
2020-01-20 19:59:35,19.3323465418713
2020-01-21 02:41:16,19.3103889718128
2020-01-21 06:29:29,19.3392405271315
2020-01-21 11:12:30,19.3626194107433
2020-01-21 18:09:36,19.3769743987385
2020-01-21 23:58:36,19.5972018859692
2020-01-22 06:49:29,19.6029182930118
2020-01-22 11:56:14,19.464569573043
2020-01-22 16:55:02,19.4692692925672
2020-01-22 22:27:22,19.4821913111733
2020-01-23 03:27:24,19.3309943119594
2020-01-23 08:22:44,19.2924382279051
2020-01-23 14:13:42,18.7551362363195
2020-01-23 19:03:30,18.7308990863883
2020-01-24 00:54:44,18.9256072223414
2020-01-24 07:09:29,18.8169782172462
2020-01-24 11:28:44,18.6308232060894
2020-01-24 16:03:27,19.2580530431723
2020-01-24 22:39:43,19.3178053332104
2020-01-25 05:08:29,18.8624328836089
2020-01-25 09:11:14,18.9964459920334
2020-01-25 14:50:04,18.9152278205325
2020-01-25 20:03:12,19.025111510004
2020-01-26 01:03:41,18.951364708328
2020-01-26 06:50:02,19.0908903174343
2020-01-26 12:10:46,19.3677027875463
2020-01-26 19:33:09,19.6550922397747
2020-01-27 00:21:19,19.8164449396029
2020-01-27 05:41:59,19.9708691996109
2020-01-27 13:15:34,20.2932502517553
2020-01-27 19:37:52,20.6743583300566
2020-01-28 02:19:04,21.2561439495963
2020-01-28 07:52:16,21.0021677554491
2020-01-28 14:00:44,21.182083644019
2020-01-28 19:41:02,21.0008841518576
2020-01-29 01:08:18,21.9011468169113
2020-01-29 06:57:56,22.0056183969153
2020-01-29 11:50:45,22.1550909640806
2020-01-29 18:12:15,22.0290411051434
2020-01-29 23:00:27,22.0474296507771
2020-01-30 03:03:36,21.8491055280252
2020-01-30 08:52:00,22.2190009184562
2020-01-30 14:36:19,22.2125705048559
2020-01-30 21:26:54,22.6713285394486
2020-01-31 02:45:31,22.4309851935026
2020-01-31 08:43:41,22.1311910064597
2020-01-31 13:48:17,21.9137144498681
2020-01-31 20:14:34,21.936713441959
2020-02-01 01:11:54,22.1269892689563
2020-02-01 05:50:33,22.1576468639452
2020-02-01 11:06:07,22.0688523522605
2020-02-01 16:12:34,21.9442309679336
2020-02-01 23:52:29,22.0362796970435
2020-02-02 05:26:31,21.9146501272478
2020-02-02 11:59:31,22.1760356826639
2020-02-02 18:08:14,22.2398671432426
2020-02-02 22:46:24,22.2551581697512
2020-02-03 05:05:13,22.121729924478
2020-02-03 11:44:19,21.9533177430305
2020-02-03 16:31:15,21.884324225973
2020-02-03 21:33:01,21.9586975045091
2020-02-04 04:21:31,21.850692234833
2020-02-04 10:11:59,21.5415875756489
2020-02-04 16:18:26,21.5742978222948
2020-02-04 22:06:45,21.4970824927832
2020-02-05 04:30:45,21.7113897349433
2020-02-05 09:40:58,21.8121185553577
2020-02-05 14:26:37,22.3320622510207
2020-02-05 19:55:56,22.965460458846
2020-02-06 02:09:27,22.8517877714951
2020-02-06 08:13:00,22.8545933888615
2020-02-06 14:16:12,23.1697005245556
2020-02-06 20:27:30,23.1375012858908
2020-02-07 03:24:49,23.2351847472087
2020-02-07 08:56:52,23.204329950773
2020-02-07 15:05:05,23.2033630272779
2020-02-07 21:44:30,22.9478309461195
2020-02-08 03:46:04,22.87597090632
2020-02-08 09:29:09,23.028494781877
2020-02-08 14:55:37,22.9757258982926
2020-02-08 21:19:54,23.093449709979
2020-02-09 04:18:31,23.5315439489794
2020-02-09 10:06:34,23.62148121814
2020-02-09 15:56:48,23.6573873040105
2020-02-09 21:40:29,23.6106223737533
2020-02-10 02:53:05,23.7939567261606
2020-02-10 08:39:07,23.4227491039711
2020-02-10 15:58:03,23.1491872657845
2020-02-10 22:49:32,23.1252094301222
2020-02-11 04:49:51,22.8075852141557
2020-02-11 10:21:51,22.9015985400061
2020-02-11 17:24:35,24.0661614210127
2020-02-11 22:36:37,24.0286015619122
2020-02-12 02:32:37,24.2166451093949
2020-02-12 10:16:03,24.1320818479181
2020-02-12 17:39:44,24.3448964593746
2020-02-12 22:44:46,24.4107316571517
2020-02-13 05:02:36,24.4794120266466
2020-02-13 10:42:33,23.9073490812328
2020-02-13 17:43:44,23.8847414741982
2020-02-13 22:14:31,23.9135544873834
2020-02-14 03:05:36,24.0969064040093
2020-02-14 08:42:21,23.7600716474808
2020-02-14 14:22:19,24.0710819582734
2020-02-14 22:55:10,24.2283057018957
2020-02-15 03:42:06,23.9819608554732
2020-02-15 10:31:35,23.9477830600422
2020-02-15 17:07:55,23.0528655422924
2020-02-15 21:28:58,23.0045062050486
2020-02-16 04:09:42,23.2268162790782
2020-02-16 10:02:52,23.1535232709303
2020-02-16 16:04:15,22.922563086308
2020-02-16 22:12:33,22.6773393320864
2020-02-17 03:48:09,22.8476613305425
2020-02-17 09:14:47,22.7525334358686
2020-02-17 15:48:39,22.2411690965321
2020-02-17 20:19:44,22.3856121184756
2020-02-18 01:09:57,22.3249501274471
2020-02-18 06:29:53,22.6189823581854
2020-02-18 13:05:34,22.3254993709777
2020-02-18 18:29:25,22.9691037300323
2020-02-18 23:53:40,23.4699894021648
2020-02-19 05:43:54,23.3098271845287
2020-02-19 12:05:16,23.4795694982467
2020-02-19 18:10:28,23.340912184606
2020-02-19 23:54:25,22.2100535521019
2020-02-20 08:01:59,21.9900290191242
2020-02-20 14:09:11,21.9992206925715
2020-02-20 20:22:35,21.9157034403068
2020-02-21 01:55:28,22.0449295854519
2020-02-21 07:07:05,22.2478196986769
2020-02-21 12:21:48,22.3070366808608
2020-02-21 16:36:02,22.3646615629703
2020-02-21 23:43:52,22.2126877744182
2020-02-22 05:00:11,22.1284429630621
2020-02-22 10:57:01,22.1137528292575
2020-02-22 16:18:05,22.1619719988951
2020-02-22 22:24:54,22.2606832781558
2020-02-23 05:06:33,22.6908396542301
2020-02-23 11:52:26,22.6998994537589
2020-02-23 17:24:06,22.7551877867275
2020-02-23 23:01:23,22.8542540136493
2020-02-24 04:29:17,22.4858129305933
2020-02-24 11:40:36,22.4686213612343
2020-02-24 17:48:43,22.2625284007417
2020-02-24 22:10:37,22.1450315626002
2020-02-25 05:00:45,22.0831932678955
2020-02-25 09:29:01,22.055179975003
2020-02-25 16:25:32,21.6555082180267
2020-02-25 22:06:38,21.6403487477638
2020-02-26 03:39:27,21.2140486304981
2020-02-26 10:56:57,21.0229471387269
2020-02-26 17:26:29,20.1117817161091
2020-02-26 22:30:37,20.1234260512623
2020-02-27 04:38:42,20.0746777198664
2020-02-27 09:24:51,20.1816574187031
2020-02-27 15:47:59,20.3178665133568
2020-02-27 20:59:01,20.4255489923215
2020-02-28 02:55:37,20.3798943286218
2020-02-28 08:39:12,20.005897414387
2020-02-28 13:57:31,19.5114079342417
2020-02-28 18:41:13,19.6208105898095
2020-02-29 00:04:29,19.9458893053446
2020-02-29 06:02:31,20.0774802736633
2020-02-29 11:16:03,19.772535775467
2020-02-29 17:01:52,19.6848688237746
2020-03-01 00:13:47,19.4741440253988
2020-03-01 04:48:03,19.675073642018
2020-03-01 09:49:35,19.4713059094551
2020-03-01 14:10:50,19.6777245420607
2020-03-01 19:00:02,19.3176033466504
2020-03-01 23:43:38,19.5728283986152
2020-03-02 05:25:15,19.776296658677
2020-03-02 11:14:56,19.959474665545
2020-03-02 17:14:11,20.28472152016
2020-03-02 22:41:12,20.4595612422318
2020-03-03 04:26:18,20.3035817691887
2020-03-03 09:28:24,20.0874969367626
2020-03-03 15:18:47,19.9787541203036
2020-03-03 20:23:56,19.9575920807398
2020-03-04 02:23:52,20.23433672101
2020-03-04 07:18:14,20.2687809115311
2020-03-04 12:03:22,20.176482020116
2020-03-04 18:18:17,20.2337976765254
2020-03-04 23:06:08,20.2725365022306
2020-03-05 03:04:10,20.7099114135259
2020-03-05 07:56:30,20.7083988999426
2020-03-05 12:30:56,21.1563690618989
2020-03-05 18:07:16,21.2274419890364
2020-03-06 00:28:55,21.205476947939
2020-03-06 04:48:38,21.2031912436281
2020-03-06 11:47:45,21.458682868722
2020-03-06 17:41:22,21.2457778261924
2020-03-06 22:53:26,21.3782432143501
2020-03-07 03:58:08,21.3261068248382
2020-03-07 09:23:27,21.3483761676195
2020-03-07 14:07:21,21.2970938994183
2020-03-07 18:45:26,20.9064435406996
2020-03-08 00:46:14,20.8177411721982
2020-03-08 07:26:07,20.4397003376065
2020-03-08 10:30:23,20.462400104646
2020-03-08 15:17:10,20.0836324209272
2020-03-08 22:06:04,19.3471055496624
2020-03-09 04:29:09,18.9351336612609
2020-03-09 10:05:35,18.5150908094662
2020-03-09 15:07:30,18.1406682969543
2020-03-09 21:06:50,18.4401942975959
2020-03-10 02:58:02,18.5347223288153
2020-03-10 08:55:49,18.5218647022532
2020-03-10 15:32:47,18.8715847276293
2020-03-10 22:23:47,18.6886729843339
2020-03-11 03:20:42,18.5480989294382
2020-03-11 10:52:01,18.3692045654354
2020-03-11 18:02:18,17.9995445701201
2020-03-12 01:38:14,18.5728526228195
2020-03-12 07:11:00,17.5209880750615
2020-03-12 12:53:27,13.9475273336806
2020-03-12 18:08:45,14.1846061636299
2020-03-13 00:15:51,10.0434855687097
2020-03-13 08:00:44,12.0863175284021
2020-03-13 14:26:15,12.7715896351058
2020-03-13 20:41:47,12.3286729286533
2020-03-14 03:12:12,12.714014023581
2020-03-14 08:27:13,12.576603437582
2020-03-14 15:36:35,12.256137207499
2020-03-14 22:42:30,12.029522264633
2020-03-15 06:32:38,11.9017368679944
2020-03-15 13:25:49,12.0364458367799
2020-03-15 19:15:28,12.0491445953149
2020-03-16 02:54:42,12.0037768665188
2020-03-16 09:52:53,11.1185714898107
2020-03-16 17:45:52,11.4030988545534
2020-03-17 00:37:38,11.4592450562936
2020-03-17 09:53:56,12.0913849631418
2020-03-17 15:37:41,11.9770227040293
2020-03-17 22:07:42,12.4380201037549
2020-03-18 05:02:18,12.397069603421
2020-03-18 13:38:15,11.7008267269237
2020-03-18 22:05:26,12.284253447186
2020-03-19 06:09:08,12.3013550529581
2020-03-19 12:04:13,12.893552834228
2020-03-19 21:14:20,14.29826765628
2020-03-20 07:14:09,14.2761270235325
2020-03-20 12:56:34,15.2391556784075
2020-03-20 21:37:54,13.603855758412
2020-03-21 03:11:24,14.2753388012522
2020-03-21 10:49:48,13.5736555455947
2020-03-21 18:29:24,13.7898716774861
2020-03-22 00:05:44,14.0555741783718
2020-03-22 06:24:17,14.4647756118232
2020-03-22 12:54:04,14.0009991138931
2020-03-22 19:55:57,13.643055469566
2020-03-23 03:53:37,13.4561805076876
2020-03-23 13:02:23,14.447403096175
2020-03-23 20:15:49,14.3084211750894
2020-03-24 01:37:19,15.02987797933
2020-03-24 09:05:16,15.3337709181115
2020-03-24 14:16:48,15.226049734451
2020-03-24 21:11:18,15.3088641669567
2020-03-25 04:34:43,14.8712035525051
2020-03-25 17:15:22,15.0660116138714
2020-03-25 23:46:50,15.1191710519614
2020-03-26 05:26:12,15.1230536133747
2020-03-26 10:41:09,14.9631880413081
2020-03-26 15:01:04,14.8879923275337
2020-03-26 20:22:47,15.0477340847849
2020-03-27 02:08:30,15.3979853159707
2020-03-27 07:25:36,15.0621384192222
2020-03-27 11:27:13,15.0141576722525
2020-03-27 18:23:04,14.9944697961419
2020-03-28 00:02:16,14.3523226139407
2020-03-28 04:48:55,13.77057000903
2020-03-28 12:07:58,14.0450036123991
2020-03-28 19:00:33,13.9002019317163
2020-03-29 01:06:31,13.987185598313
2020-03-29 07:03:54,13.838248368959
2020-03-29 12:58:27,13.8028062507094
2020-03-29 17:29:24,13.6969066778061
2020-03-29 23:28:07,13.3125172746516
2020-03-30 05:17:29,13.6137450610269
2020-03-30 10:28:53,14.1401348630964
2020-03-30 17:08:26,14.4201527928144
2020-03-30 22:26:41,14.7778243087556
2020-03-31 03:16:23,14.5791913280062
2020-03-31 08:53:45,14.5381070692057
2020-03-31 14:58:27,14.4876918656683
2020-03-31 19:43:05,14.5626663738674
2020-04-01 01:00:36,14.1762611263413
2020-04-01 06:38:43,14.1562002403143
2020-04-01 12:18:20,14.1239198757237
2020-04-01 17:46:43,13.8753461496518
2020-04-01 23:33:44,14.6675096552602
2020-04-02 05:42:26,14.814360225846
2020-04-02 10:18:26,14.893071009828
2020-04-02 15:07:06,15.1987223734978
2020-04-02 21:28:04,15.0951918632579
2020-04-03 04:26:25,15.1882270544344
2020-04-03 09:25:00,15.5318008703855
2020-04-03 15:28:19,15.1936692560734
2020-04-03 21:47:21,14.9760469105237
2020-04-04 05:24:34,15.0130477434737
2020-04-04 10:58:22,15.2978315652763
2020-04-04 15:17:08,14.9819602308912
2020-04-04 20:02:32,15.060676745211
2020-04-05 01:52:30,15.3118589360743
2020-04-05 05:58:57,15.0980832030209
2020-04-05 12:14:50,15.1081900796286
2020-04-05 17:19:37,15.1213039361043
2020-04-05 21:22:56,15.0798560669471
2020-04-06 01:44:09,15.3726080233625
2020-04-06 09:15:30,15.7891710291377
2020-04-06 15:06:20,15.940552508968
2020-04-06 20:50:29,16.3099896510464
2020-04-07 03:46:32,16.3736841864589
2020-04-07 07:00:07,16.3561151224968
2020-04-07 12:13:34,16.5069934531733
2020-04-07 18:08:17,16.4229069920164
2020-04-07 23:13:18,15.9947947054027
2020-04-08 04:56:23,16.422943581086
2020-04-08 10:17:23,16.3144482656094
2020-04-08 16:59:07,16.2650060494901
2020-04-08 22:44:03,16.4206353630918
2020-04-09 03:33:27,16.421130921821
2020-04-09 10:05:33,16.4067837556884
2020-04-09 15:37:07,16.4685535434593
2020-04-09 21:01:25,16.3934356517449
2020-04-10 01:53:31,16.3852827660005
2020-04-10 07:12:58,15.6189154152266
2020-04-10 11:45:02,15.5526784343411
2020-04-10 17:04:30,15.3956880134174
2020-04-10 22:40:52,15.4739938480272
2020-04-11 03:03:18,15.4891528543632
2020-04-11 09:11:48,15.4049520749584
2020-04-11 14:10:29,15.3447684597282
2020-04-11 20:25:03,15.216657726611
2020-04-12 01:12:16,15.3625887981895
2020-04-12 05:57:21,15.2516312484311
2020-04-12 11:15:08,15.2830355531822
2020-04-12 16:38:15,15.733661614686
2020-04-12 22:03:42,15.946304079763
2020-04-13 03:53:05,15.03536733084
2020-04-13 09:19:17,15.0436831407999
2020-04-13 14:20:24,14.8622021555031
2020-04-13 19:15:46,15.1947488895616
2020-04-13 23:40:22,15.497606808918
2020-04-14 03:55:27,15.4715548171816
2020-04-14 08:20:31,15.4252185147144
2020-04-14 14:29:48,15.6444244126045
2020-04-14 20:02:53,15.7309715223908
2020-04-15 01:26:35,15.5760678760166
2020-04-15 06:14:01,15.7779253977794
2020-04-15 10:04:25,15.6305730843728
2020-04-15 17:08:47,15.406960254674
2020-04-15 20:55:56,15.4237546492506
2020-04-16 02:27:58,15.1731386085743
2020-04-16 07:39:06,15.3471976874401
2020-04-16 13:06:25,16.2436155302236
2020-04-16 18:20:02,16.1031555746892
2020-04-16 23:59:41,16.4793161299176
2020-04-17 06:04:16,16.2747723109166
2020-04-17 13:27:59,16.3497506292927
2020-04-17 19:54:06,16.1894913804322
2020-04-18 02:03:26,16.2938467485503
2020-04-18 07:48:30,16.319523757434
2020-04-18 13:07:00,16.4013123341979
2020-04-18 17:42:33,16.5286447229395
2020-04-18 23:05:50,16.7075481584439
2020-04-19 05:11:05,16.6121595125422
2020-04-19 11:32:50,16.5021941578511
2020-04-19 16:53:12,16.3756176986237
2020-04-19 21:37:51,16.4973872331422
2020-04-20 02:38:00,16.5767265946653
2020-04-20 07:47:40,16.6168699947708
2020-04-20 14:02:04,16.2513615597922
2020-04-20 19:46:34,15.899730256296
2020-04-21 00:08:24,15.8288168153578
2020-04-21 06:19:40,15.9771357778679
2020-04-21 13:05:02,15.7812560263397
2020-04-21 17:20:50,15.8956364313391
2020-04-21 23:22:00,16.0058617896103
2020-04-22 03:41:05,15.9723046904232
2020-04-22 09:43:36,16.167079762241
2020-04-22 16:10:09,16.5741019344239
2020-04-23 00:41:40,16.6051499059663
2020-04-23 06:40:22,16.5399197411261
2020-04-23 12:22:52,16.6155847006737
2020-04-23 18:10:33,17.6009829191304
2020-04-24 00:07:06,17.4277972979602
2020-04-24 05:06:10,17.5456368406742
2020-04-24 11:59:56,17.5058940681904
2020-04-24 17:37:32,17.4388355290707
2020-04-24 23:36:20,17.3467412984997
2020-04-25 06:49:29,17.4849663282628
2020-04-25 14:05:28,17.5428051701269
2020-04-25 19:32:00,17.3760073614379
2020-04-26 00:12:40,17.3948371137416
2020-04-26 07:08:09,17.4031744328202
2020-04-26 13:12:08,17.6700582474335
2020-04-26 19:13:03,17.6368189943788
2020-04-27 01:15:16,17.9669334442348
2020-04-27 07:30:18,17.8399845878461
2020-04-27 13:30:26,17.989211842504
2020-04-27 19:25:22,18.0790302235547
2020-04-28 01:19:58,18.1769470710764
2020-04-28 07:23:18,18.1042887848588
2020-04-28 12:03:06,18.1543582914249
2020-04-28 16:17:35,18.1058516635938
2020-04-28 22:07:43,18.1486715012338
2020-04-29 04:55:39,18.3728085276046
2020-04-29 09:59:22,18.6880951469072
2020-04-29 15:52:55,19.6675218224549
2020-04-29 22:21:37,20.8683664987313
2020-04-30 05:07:42,21.5687357570706
2020-04-30 12:52:30,20.7692624923321
2020-04-30 19:02:09,20.2830998647114
2020-04-30 23:28:35,20.4613506509705
2020-05-01 06:23:15,20.5665433004012
2020-05-01 13:37:18,20.7244181464177
2020-05-01 19:02:54,20.3548027494953
2020-05-02 00:00:33,20.5698204555809
2020-05-02 05:21:27,20.546159317432
2020-05-02 12:23:01,20.5800597535862
2020-05-02 17:46:08,20.8973638937866
2020-05-02 22:37:13,20.7632934421163
2020-05-03 03:47:43,21.1382555633162
2020-05-03 07:55:59,20.9764520485662
2020-05-03 12:24:42,21.0763667324624
2020-05-03 19:02:49,20.6475162009856
2020-05-04 00:47:43,20.8481612385729
2020-05-04 05:29:38,20.402279646096
2020-05-04 10:38:59,20.3189436075029
2020-05-04 15:39:21,20.7278680384997
2020-05-04 21:56:52,21.042321404592
2020-05-05 03:17:03,20.9205617490351
2020-05-05 07:55:34,21.3220873987461
2020-05-05 14:29:13,21.0361540954512
2020-05-05 20:01:05,21.0079107052153
2020-05-06 00:14:48,21.2643085623621
2020-05-06 06:11:40,21.2363286474801
2020-05-06 10:56:38,21.4757780364801
2020-05-06 16:41:24,21.9200384995253
2020-05-06 22:44:57,21.9547313203168
2020-05-07 05:03:05,21.9876575461963
2020-05-07 12:14:49,22.0713859886667
2020-05-07 16:10:26,22.6626667425087
2020-05-07 21:17:00,23.3489748720141
2020-05-08 03:50:18,23.6451708228046
2020-05-08 09:53:32,23.5455729808713
2020-05-08 15:39:59,23.7547986824156
2020-05-08 22:13:57,23.8164983872532
2020-05-09 04:10:36,23.4157846762592
2020-05-09 10:35:50,22.9112810956346
2020-05-09 18:06:13,23.0612364469484
2020-05-09 23:17:19,22.6218767346723
2020-05-10 03:00:27,20.3605152619939
2020-05-10 08:56:31,20.695524932914
2020-05-10 14:24:02,20.6105605211209
2020-05-10 18:52:13,20.0364884278888
2020-05-10 23:58:38,20.6313382506103
2020-05-11 04:36:27,20.4775765119775
2020-05-11 09:16:34,20.3547823592148
2020-05-11 15:12:31,21.4432040253894
2020-05-11 21:09:13,20.3480187309421
2020-05-12 03:52:16,20.3938064611266
2020-05-12 08:07:03,20.4199197199421
2020-05-12 13:36:50,20.6780396991492
2020-05-12 20:53:07,20.7118499368837
2020-05-13 03:16:12,21.0966486474007
2020-05-13 10:23:33,21.055727527919
2020-05-13 17:18:59,21.5267329485312
2020-05-14 00:44:38,22.0288043121688
2020-05-14 09:33:08,22.7711720028708
2020-05-14 17:47:57,22.9268805493621
2020-05-14 22:40:08,23.144059098298
2020-05-15 05:31:37,22.3285705429507
2020-05-15 13:05:10,22.4954415869475
2020-05-15 19:12:24,22.4578229908319
2020-05-16 01:23:17,22.2342538209746
2020-05-16 07:12:42,22.413261578283
2020-05-16 14:06:08,22.4077041560325
2020-05-16 21:01:52,22.2402138329889
2020-05-17 05:46:20,22.6035970422895
2020-05-17 13:38:37,23.3511985523756
2020-05-17 22:48:00,23.4074012271526
2020-05-18 03:04:53,23.6988620606435
2020-05-18 10:06:12,23.001575340448
2020-05-18 17:02:28,23.1445965301413
2020-05-19 01:20:55,23.1519115095576
2020-05-19 08:47:53,23.0177841983456
2020-05-19 16:55:53,23.3393787646136
2020-05-19 22:59:23,23.3844080682095
2020-05-20 07:45:29,23.4776824228049
2020-05-20 13:50:08,23.6021135092781
2020-05-20 21:05:26,23.1494080851346
2020-05-21 03:27:28,22.8631790448821
2020-05-21 09:42:21,22.608358422388
2020-05-21 17:34:56,21.9112453295423
2020-05-21 23:13:00,22.0059067117662
2020-05-22 06:23:15,21.8126869663575
2020-05-22 14:33:51,21.9603271563399
2020-05-22 20:30:24,22.0843873074191
2020-05-23 04:58:03,22.3344369715015
2020-05-23 12:50:28,22.0443936320693
2020-05-23 20:10:42,22.0590437721787
2020-05-24 01:45:09,22.1130006446757
2020-05-24 08:56:27,22.2851030774814
2020-05-24 15:53:26,21.8240304659013
2020-05-24 23:01:09,21.7500713470461
2020-05-25 06:06:57,21.1493853324106
2020-05-25 13:25:12,21.0970527683294
2020-05-25 18:49:57,21.4436186350012
2020-05-26 02:47:26,21.3930978803359
2020-05-26 10:41:51,21.3963217534511
2020-05-26 18:06:09,21.2173802111373
2020-05-26 23:21:52,21.2797097506248
2020-05-27 07:28:18,21.3211832085557
2020-05-27 13:35:21,22.0704417460397
2020-05-27 18:46:39,22.1502564234733
2020-05-28 00:10:56,22.1658671308234
2020-05-28 06:46:51,22.0497940659363
2020-05-28 14:03:31,22.651363832598
2020-05-28 20:08:06,22.7501283319794
2020-05-29 01:41:28,22.9115163535048
2020-05-29 07:55:42,22.911754838215
2020-05-29 15:29:35,22.726912513776
2020-05-29 20:26:57,22.5941033638086
2020-05-30 03:15:17,22.5155160687918
2020-05-30 09:18:47,22.8430006276449
2020-05-30 14:49:03,22.8785316990846
2020-05-30 20:30:37,22.8150368637652
2020-05-31 01:12:58,23.0909966530531
2020-05-31 07:15:48,22.8155380295397
2020-05-31 12:35:37,22.9004987147406
2020-05-31 18:01:38,22.6800944789325
2020-05-31 23:47:29,22.5610169739942
2020-06-01 08:39:21,22.8311559044345
2020-06-01 14:57:53,22.8171881913419
2020-06-01 20:39:44,22.8666089784005
2020-06-02 00:49:58,24.4372408900547
2020-06-02 08:19:14,24.0607682121176
2020-06-02 14:46:40,24.058847809731
2020-06-02 20:59:01,22.4337525972476
2020-06-03 03:47:00,22.3862036368625
2020-06-03 09:14:51,22.3797972741261
2020-06-03 16:14:45,22.4751994142478
2020-06-03 21:48:46,22.5216253625195
2020-06-04 03:51:49,22.7099352959408
2020-06-04 08:14:14,22.6265931430892
2020-06-04 14:15:09,22.8892756035366
2020-06-04 19:50:58,22.8834850163552
2020-06-05 01:14:14,22.9656726319792
2020-06-05 05:58:19,22.886387361896
2020-06-05 10:22:29,22.945952125299
2020-06-05 15:06:48,22.5589439918527
2020-06-05 20:02:11,22.6094921375344
2020-06-06 01:13:17,22.2720174454206
2020-06-06 06:26:10,22.2975752464406
2020-06-06 09:56:50,22.2192284296527
2020-06-06 13:29:20,22.3071628579974
2020-06-06 18:40:51,22.2227351070814
2020-06-06 22:42:59,22.4151165717377
2020-06-07 03:05:18,22.4046913427447
2020-06-07 08:37:32,22.3591134120855
2020-06-07 13:03:56,22.024250436549
2020-06-07 18:38:43,22.0345035963091
2020-06-08 00:46:28,22.6912325942242
2020-06-08 06:27:10,22.731241209621
2020-06-08 11:26:37,22.7158642599142
2020-06-08 16:26:07,22.6496791529961
2020-06-08 22:11:02,22.6874000349767
2020-06-09 03:53:15,22.6396224563043
2020-06-09 08:21:36,22.5888421322735
2020-06-09 14:17:27,22.6457956630348
2020-06-09 18:56:25,22.6240365728282
2020-06-10 00:16:26,22.7950439531829
2020-06-10 04:20:33,22.7318433144972
2020-06-10 08:49:55,22.7405123550278
2020-06-10 14:45:15,22.7751356496777
2020-06-10 20:15:10,23.0540584918114
2020-06-11 01:30:24,23.1958706950908
2020-06-11 06:29:43,23.2157593694661
2020-06-11 12:31:43,22.9912682384983
2020-06-11 17:04:46,21.2588591041287
2020-06-11 19:49:27,21.8805598721975
2020-06-12 00:39:02,21.7940669342415
2020-06-12 06:55:45,22.0730461626966
2020-06-12 11:48:11,22.3092974006149
2020-06-12 17:09:31,22.20802079694
2020-06-12 21:13:24,22.3012507746494
2020-06-13 01:23:10,22.2546816963867
2020-06-13 06:19:12,22.1415983636037
2020-06-13 11:51:38,22.1542740782207
2020-06-13 18:22:36,22.1602881105934
2020-06-13 23:24:47,22.1743558100981
2020-06-14 03:50:50,22.2036854390022
2020-06-14 10:23:47,22.1427292749451
2020-06-14 15:03:30,21.983701011686
2020-06-14 19:57:29,22.0989908587886
2020-06-15 00:58:11,22.0033536214283
2020-06-15 06:36:59,21.3147747494753
2020-06-15 11:56:16,21.442951868615
2020-06-15 18:36:34,22.0620864421469
2020-06-16 00:27:36,22.2709161352086
2020-06-16 06:19:59,22.5162447821467
2020-06-16 12:00:00,22.4137682403473
2020-06-16 17:08:57,22.338193741497
2020-06-16 23:23:08,22.3769846726452
2020-06-17 07:27:47,22.2278981306397
2020-06-17 13:55:25,22.2432408999497
2020-06-17 18:47:39,21.9900365439576
2020-06-18 00:14:26,22.1085037060216
2020-06-18 06:35:33,22.0266077370771
2020-06-18 13:53:19,22.047626649366
2020-06-18 19:34:23,21.9659476184036
2020-06-19 03:09:21,21.6592705565646
2020-06-19 08:51:20,21.7148052463889
2020-06-19 15:00:24,21.8526559159658
2020-06-19 20:33:36,21.656026208761
2020-06-20 03:06:20,21.624724330266
2020-06-20 09:15:28,21.4732015926238
2020-06-20 14:37:42,21.4675795171556
2020-06-20 20:59:38,21.472281044901
2020-06-21 03:22:05,21.6720185257082
2020-06-21 08:46:30,21.669437598401
2020-06-21 15:05:44,21.6345751328863
2020-06-21 20:01:36,21.6367368513099
2020-06-22 02:15:44,21.7499316612673
2020-06-22 08:00:35,21.8667114466408
2020-06-22 13:34:58,22.0744304100159
2020-06-22 20:11:09,22.2544665114363
2020-06-23 02:43:45,22.4429774480105
2020-06-23 08:36:48,22.4524066280388
2020-06-23 12:45:25,22.3491963684709
2020-06-23 17:36:59,22.3592654367378
2020-06-23 23:07:17,22.1919877141348
2020-06-24 05:23:40,22.2446771407075
2020-06-24 12:13:10,21.3908618820201
2020-06-24 17:33:19,21.3022078158311
2020-06-24 22:55:01,21.1866007543865
2020-06-25 04:03:51,20.7401461679266
2020-06-25 11:47:54,21.1050518309812
2020-06-25 16:52:05,21.0041007305346
2020-06-25 23:12:09,21.0265961070184
2020-06-26 06:05:42,20.8853809612154
2020-06-26 11:15:16,20.8618266575047
2020-06-26 16:04:25,20.6893150275243
2020-06-26 20:40:12,20.711606760858
2020-06-27 01:42:30,20.6171924275807
2020-06-27 07:51:22,20.6452359890481
2020-06-27 14:18:32,20.5583698576967
2020-06-27 20:16:12,20.0180926549324
2020-06-28 00:52:07,20.1883286616306
2020-06-28 05:30:28,20.0880173753676
2020-06-28 14:33:05,20.2651371350948
2020-06-28 19:08:55,20.4916752031508
2020-06-29 00:14:39,20.4304844309763
2020-06-29 06:37:37,20.3963940240952
2020-06-29 13:05:38,20.3697667446788
2020-06-29 18:01:35,20.5022238211045
2020-06-29 23:48:07,20.5432700035955
2020-06-30 03:41:45,20.5190570007482
2020-06-30 08:53:16,20.4114644163783
2020-06-30 15:22:50,20.4723033923134
2020-06-30 22:40:23,20.3958848524857
2020-07-01 04:43:22,20.3220885649294
2020-07-01 08:24:23,20.3070298613282
2020-07-01 14:06:38,20.4506926401645
2020-07-01 20:39:25,20.5078320672723
2020-07-02 00:38:36,20.470283032614
2020-07-02 04:16:01,20.46388337575
2020-07-02 10:05:29,20.3792122431234
2020-07-02 16:36:42,19.9791480066348
2020-07-02 22:06:27,20.1402451071451
2020-07-03 01:41:53,20.0713106558611
2020-07-03 08:22:51,20.0702308802119
2020-07-03 13:04:42,20.0766009974784
2020-07-03 19:06:55,19.9868370736044
2020-07-03 23:32:54,19.9860921479471
2020-07-04 04:33:19,19.9582894164383
2020-07-04 09:19:40,19.9384562580986
2020-07-04 14:56:31,19.9216470466262
2020-07-04 20:16:43,20.0205557230388
2020-07-05 01:31:29,20.0005705703222
2020-07-05 07:49:26,19.8113226045631
2020-07-05 13:19:53,19.7795624125594
2020-07-05 17:12:32,19.7677817468369
2020-07-05 22:33:34,19.7856887828947
2020-07-06 05:02:54,19.9457920588052
2020-07-06 10:49:05,20.2097117311114
2020-07-06 15:05:07,20.3407275253121
2020-07-06 20:08:26,20.4244596807437
2020-07-07 01:07:53,20.4983349827668
2020-07-07 05:23:08,20.3703044287925
2020-07-07 11:32:29,20.2522320832869
2020-07-07 17:04:47,20.249478290546
2020-07-07 22:25:56,20.1823273936919
2020-07-08 03:33:50,20.2897519857945
2020-07-08 09:58:31,20.2344910949083
2020-07-08 15:43:11,20.5431947694915
2020-07-08 20:33:50,20.5397287804204
2020-07-09 02:50:54,20.4232611667329
2020-07-09 07:24:50,20.456201342665
2020-07-09 12:13:41,20.4150705126432
2020-07-09 17:36:01,19.9889310727181
2020-07-09 23:08:47,20.0320176022019
2020-07-10 03:46:55,19.9697931048498
2020-07-10 09:52:00,19.858232142432
2020-07-10 15:24:50,19.8780631619608
2020-07-10 20:44:52,19.9547542774568
2020-07-11 01:54:44,20.0442258188595
2020-07-11 07:03:47,19.9574367424679
2020-07-11 12:13:34,19.8084388788971
2020-07-11 18:09:20,19.8172165406975
2020-07-11 23:29:23,19.7971085394585
2020-07-12 06:43:57,19.9085653066941
2020-07-12 11:45:15,19.884445303477
2020-07-12 16:56:39,19.7743313656643
2020-07-12 21:17:56,19.7963419322121
2020-07-13 02:26:09,19.9164512433281
2020-07-13 07:03:49,19.842861839071
2020-07-13 13:26:55,19.9618084197898
2020-07-13 18:48:15,19.9098869687333
2020-07-14 01:59:03,19.6600872727864
2020-07-14 10:01:40,19.5777307701594
2020-07-14 15:15:40,19.6027153605973
2020-07-14 18:47:42,19.670729493159
2020-07-15 00:32:56,19.6629547904846
2020-07-15 06:19:56,19.6201983037966
2020-07-15 11:51:53,19.6088551106154
2020-07-15 19:02:55,19.4562780905579
2020-07-16 01:18:33,19.5182803353675
2020-07-16 07:03:09,19.4308617524078
2020-07-16 13:11:23,19.220508668913
2020-07-16 19:10:28,19.3257324904277
2020-07-17 02:11:51,19.3057148190423
2020-07-17 09:58:04,19.2472887836892
2020-07-17 16:53:50,19.3092761952358
2020-07-18 00:21:13,19.3076693777587
2020-07-18 07:06:48,19.242538564796
2020-07-18 13:09:34,19.3008502890041
2020-07-18 19:25:07,19.3096879829194
2020-07-19 02:31:31,19.2428754165119
2020-07-19 09:46:21,19.2049514877664
2020-07-19 14:43:37,19.1404390222498
2020-07-19 20:51:36,19.2158170126819
2020-07-20 02:34:17,19.2518406065387
2020-07-20 07:41:09,19.2561048934595
2020-07-20 15:19:51,19.206218331844
2020-07-20 21:34:14,19.1904091165297
2020-07-21 03:02:15,19.1983357393329
2020-07-21 10:10:24,19.4694688422749
2020-07-21 17:11:46,19.5386386982509
2020-07-22 00:24:39,19.5947252865939
2020-07-22 06:12:43,19.4910497048135
2020-07-22 11:48:19,19.4645533281556
2020-07-22 17:34:28,19.428170469096
2020-07-22 23:34:24,19.7913828818895
2020-07-23 06:55:03,19.7510777293801
2020-07-23 12:26:18,19.7867961724084
2020-07-23 18:30:37,19.9996715748474
2020-07-24 00:33:38,19.9777508840074
2020-07-24 06:29:03,19.8653015756344
2020-07-24 11:20:31,19.8420952216289
2020-07-24 17:34:42,19.9002057641125
2020-07-24 22:33:58,19.9177636398484
2020-07-25 03:03:43,19.8177897079533
2020-07-25 09:02:33,19.8412291913239
2020-07-25 14:15:20,19.7945190276125
2020-07-25 20:21:19,19.9566379580241
2020-07-26 02:20:29,19.9221072581557
2020-07-26 07:21:15,19.9694800632454
2020-07-26 13:13:15,20.3366900840381
2020-07-26 19:19:46,20.3986116189788
2020-07-26 23:46:17,20.4088741268231
2020-07-27 04:48:51,21.1548329951219
2020-07-27 11:01:18,21.1314638813037
2020-07-27 16:35:25,21.1888061089874
2020-07-27 22:18:55,22.8298965744806
2020-07-28 03:26:16,22.5494288878235
2020-07-28 09:46:58,21.9677306329951
2020-07-28 16:41:15,22.8185705843522
2020-07-28 21:48:14,22.4057361238824
2020-07-29 03:28:03,22.2800442847691
2020-07-29 07:30:45,22.6336381861224
2020-07-29 12:21:18,22.6866730460468
2020-07-29 19:21:27,22.9738478895825
2020-07-30 01:39:11,22.8248226559404
2020-07-30 07:11:50,22.6145067521367
2020-07-30 13:37:00,22.4807811691492
2020-07-30 20:56:12,22.8430571911783
2020-07-31 03:08:28,22.5830647398168
2020-07-31 08:17:58,22.8793115612956
2020-07-31 14:26:39,22.8685142373856
2020-07-31 19:16:54,23.0065756044581
2020-08-01 01:45:39,23.0111464607701
2020-08-01 07:02:13,23.7620285883708
2020-08-01 13:30:53,23.7647210329721
2020-08-01 21:21:44,24.0919866370797
2020-08-02 01:11:36,23.9543951961613
2020-08-02 08:28:37,22.9669552463634
2020-08-02 14:23:57,22.5158685331566
2020-08-02 19:55:45,22.7243022867894
2020-08-03 01:29:10,22.499687628932
2020-08-03 08:21:50,22.6560867400703
2020-08-03 13:48:07,22.7004776895086
2020-08-03 17:07:31,22.9469432854367
2020-08-03 22:14:01,22.6217462901417
2020-08-04 03:24:15,22.7605756986889
2020-08-04 10:04:20,22.6754862942031
2020-08-04 15:32:42,22.5487473638624
2020-08-04 22:11:26,22.6069574876058
2020-08-05 03:31:04,22.504059678918
2020-08-05 08:54:45,22.6685799849721
2020-08-05 16:37:50,23.4616501172561
2020-08-05 22:44:23,23.6847077016388
2020-08-06 05:02:49,23.3796381676654
2020-08-06 10:14:29,23.6300658744479
2020-08-06 15:36:57,23.7773173373423
2020-08-06 20:41:03,23.884311741316
2020-08-07 01:58:30,23.7234107991833
2020-08-07 08:31:01,23.7182543283544
2020-08-07 13:38:35,23.636148969674
2020-08-07 19:13:50,23.0920683729422
2020-08-08 00:12:55,23.3209463233368
2020-08-08 06:17:40,23.3549420932499
2020-08-08 12:46:35,23.6640848510242
2020-08-08 18:32:43,23.4946718073528
2020-08-09 00:18:05,23.5902641312471
2020-08-09 05:58:33,23.4306436946666
2020-08-09 12:33:41,23.3840819850281
2020-08-09 16:41:41,23.1663339760532
2020-08-09 21:45:38,23.3756971453374
2020-08-10 03:43:57,24.0900279505563
2020-08-10 10:54:35,24.0333942121169
2020-08-10 17:30:40,23.8390582396133
2020-08-10 22:51:31,23.7567475641526
2020-08-11 04:23:26,23.7234881837256
2020-08-11 09:06:26,23.4619664891722
2020-08-11 15:45:20,23.1590919045168
2020-08-11 19:59:07,22.8951653931623
2020-08-12 01:38:59,22.6294367048398
2020-08-12 07:00:56,22.6261532375009
2020-08-12 12:17:25,22.8795999149355
2020-08-12 19:25:00,22.986353149403
2020-08-12 23:30:23,23.0553006757634
2020-08-13 03:54:14,23.0901811790364
2020-08-13 10:05:33,22.7359622393353
2020-08-13 16:04:18,22.9535789935883
2020-08-13 21:22:43,23.1624528889406
2020-08-14 03:11:36,23.429639893264
2020-08-14 08:03:01,23.3553526627465
2020-08-14 13:03:18,23.3794044068021
2020-08-14 19:12:24,23.4940531254899
2020-08-14 23:26:39,23.3401441915095
2020-08-15 04:34:40,23.5224981657544
2020-08-15 11:06:24,23.391646812325
2020-08-15 15:30:50,23.1977365288467
2020-08-15 21:08:12,23.2472012403712
2020-08-16 01:23:11,23.075947089596
2020-08-16 07:49:23,23.1551947654033
2020-08-16 13:34:43,22.8524608629598
2020-08-16 18:42:37,22.8876272468219
2020-08-17 01:34:39,22.8508806861906
2020-08-17 08:42:31,22.6853743879826
2020-08-17 12:30:35,22.762745791606
2020-08-17 19:45:59,23.4268863753097
2020-08-18 03:03:30,23.2984153615152
2020-08-18 09:43:53,22.9642989256422
2020-08-18 16:39:22,22.2468106712849
2020-08-18 22:16:00,22.3900031321681
2020-08-19 02:35:31,22.1339330190732
2020-08-19 12:23:30,21.822509890706698
2020-08-19 17:37:10,21.577207382669393
2020-08-19 22:36:12,21.43304906538565
2020-08-20 04:15:14,21.340712920213843
2020-08-20 09:53:40,21.382814539491154
2020-08-20 15:03:20,21.458021959869185
2020-08-20 21:33:25,21.40111151512676
2020-08-21 02:51:00,21.243712377991795
2020-08-21 07:31:29,21.2101020664697
2020-08-21 12:46:19,20.961094015740468
2020-08-21 18:26:36,20.858977362630807
2020-08-22 00:40:16,20.487430779187846
2020-08-22 07:35:47,20.461352282211454
2020-08-22 13:10:04,20.485302298350756
2020-08-22 20:07:29,20.431601327630126
2020-08-23 01:06:17,20.47618326577771
2020-08-23 07:01:05,20.37158575261205
2020-08-23 12:02:01,20.202109755815336
2020-08-23 17:12:50,20.34459032255888
2020-08-23 22:43:31,20.37555485431422
2020-08-24 03:58:14,20.296390938126336
2020-08-24 10:13:54,20.50284450800106
2020-08-24 16:39:40,20.414206272542508
2020-08-24 21:35:06,20.29079439038503
2020-08-25 02:50:07,20.282357805105466
2020-08-25 09:11:36,19.89332997635648
2020-08-25 15:41:52,19.515846642912305
2020-08-25 23:02:06,19.409778789662077
2020-08-26 04:07:07,19.38501598120987
2020-08-26 10:10:06,19.356757805484385
2020-08-26 15:35:53,19.44948072113365
2020-08-26 22:14:12,19.43025559290643
2020-08-27 04:39:40,19.21239063603333
2020-08-27 12:46:47,19.017526891072063
2020-08-27 20:09:41,18.84764567332562
2020-08-28 00:57:16,18.930529531806492
2020-08-28 06:53:46,19.000495308832367
2020-08-28 12:22:11,19.040524657772604
2020-08-28 16:29:24,19.070803822014376
2020-08-28 21:09:55,18.90791114252934
2020-08-29 02:10:06,18.80858063525664
2020-08-29 08:22:48,18.86457884182688
2020-08-29 14:13:56,18.577480955216398
2020-08-29 19:54:20,18.671229313801717
2020-08-30 02:37:28,18.7609732986961
2020-08-30 09:44:20,18.61100060821787
2020-08-30 16:55:56,18.63710311411679
2020-08-30 22:37:26,18.59055899070965
2020-08-31 04:30:10,18.68460756002361
2020-08-31 08:20:03,18.560494665204303
2020-08-31 13:37:24,18.689491201527158
2020-08-31 19:52:49,18.63161764089482
2020-09-01 03:24:24,18.41378516596319
2020-09-01 08:50:03,18.798264451098404
2020-09-01 14:29:49,18.615839590044217
2020-09-01 19:09:02,18.70561927182525
2020-09-02 00:04:29,18.517010996570317
2020-09-02 05:57:45,18.342703754777993
2020-09-02 12:14:26,17.55090467525463
2020-09-02 18:37:40,17.41444666948077
2020-09-03 00:13:01,17.417352163684964
2020-09-03 07:40:54,17.197686749793828
2020-09-03 13:34:17,16.40176195088891
2020-09-03 20:34:09,16.137276810706044
2020-09-04 03:55:11,15.4391185735651
2020-09-04 08:29:34,15.438757524699023
2020-09-04 13:28:06,15.598465238652887
2020-09-04 21:13:47,15.696011918533896
2020-09-05 03:47:46,15.37629520521389
2020-09-05 10:11:44,15.090317826100039
2020-09-05 15:26:54,15.071726957482676
2020-09-05 21:32:54,14.662140487833282
2020-09-06 04:15:03,14.724655659123695
2020-09-06 09:20:07,14.754355590984462
2020-09-06 13:07:29,14.719675023441754
2020-09-06 19:04:38,14.650054533037999
2020-09-07 02:22:18,14.664213059051196
2020-09-07 08:23:47,14.392036874433979
2020-09-07 12:48:40,14.224976745057901
2020-09-07 17:11:25,14.426776802131748
2020-09-07 20:37:22,14.309335569618945
2020-09-08 01:46:37,14.510023305140981
2020-09-08 07:45:20,14.409872110452218
2020-09-08 13:48:06,13.940112578014023
2020-09-08 18:13:21,14.08761777825201
2020-09-08 23:35:20,13.975412651977043
2020-09-09 05:20:42,13.887439090983483
2020-09-09 09:37:00,13.946463555266659
2020-09-09 14:41:37,13.96596159930331
2020-09-09 21:12:00,13.950095139376572
2020-09-10 05:30:22,14.065709803656953
2020-09-10 10:36:42,13.85469316982563
2020-09-10 16:46:47,13.980013417023983
2020-09-10 19:47:10,13.723080021674905
2020-09-11 02:16:44,13.669452296015459
2020-09-11 09:10:38,13.565154296019855
2020-09-11 13:11:32,13.495089120147217
2020-09-11 19:07:52,13.462619714562797
2020-09-12 00:36:36,13.502114513868948
2020-09-12 07:09:57,13.348096769481355
2020-09-12 11:40:46,13.302293231589893
2020-09-12 16:26:32,13.271614168894201
2020-09-12 20:52:34,13.341909140465896
2020-09-13 01:59:47,13.251988983255977
2020-09-13 05:51:41,13.347540833993408
2020-09-13 11:17:00,13.190266982237452
2020-09-13 16:31:29,12.92658960197629
2020-09-13 21:45:58,12.916419801353237
2020-09-14 02:59:55,12.891926043801828
2020-09-14 08:12:13,12.956105762358668
2020-09-14 13:01:49,13.050536381761075
2020-09-14 17:38:39,13.280271120204679
2020-09-14 23:10:17,13.14797174984278
2020-09-15 04:22:33,13.23238385997045
2020-09-15 10:30:39,13.133294626877055
2020-09-15 16:13:51,13.201617983768706
2020-09-15 20:19:44,13.147759990959713
2020-09-16 01:53:12,13.022210198812315
2020-09-16 07:19:34,13.121560534655599
2020-09-16 12:19:41,13.138524057039797
2020-09-16 17:57:36,13.290395399601415
2020-09-16 23:37:22,13.172228411038592
2020-09-17 04:07:42,12.938175752524021
2020-09-17 09:04:06,12.882974079052934
2020-09-17 13:46:22,12.763710981046021
2020-09-17 17:59:46,12.758844630564374
2020-09-17 23:11:17,12.785841999511879
2020-09-18 04:27:09,12.729754994720013
2020-09-18 08:34:41,12.690112246163576
2020-09-18 12:28:09,12.63521752967998
2020-09-18 19:27:14,12.408829060141542
2020-09-19 00:44:11,12.426182335224489
2020-09-19 07:06:54,12.372805892803887
2020-09-19 11:52:43,12.37501521650272
2020-09-19 17:04:05,12.387300815739417
2020-09-19 23:19:34,12.336277996514143
2020-09-20 05:12:39,12.168166388604082
2020-09-20 11:49:35,12.129484729498294
2020-09-20 17:59:27,11.95932314822253
2020-09-20 23:09:10,11.939035189714534
2020-09-21 04:35:10,12.020173042041288
2020-09-21 09:14:01,11.870673935044332
2020-09-21 16:27:45,11.352826405179915
2020-09-21 21:39:28,11.387043634347
2020-09-22 04:40:37,11.317066725516327
2020-09-22 11:37:42,11.281597502116975
2020-09-22 17:32:24,11.226147901799955
2020-09-23 00:25:24,11.275517621591318
2020-09-23 07:45:14,11.14123261823928
2020-09-23 13:56:50,11.204830387465902
2020-09-23 19:53:32,11.068967400083592
2020-09-23 23:54:25,10.888644665822373
2020-09-24 06:54:59,10.880825143457113
2020-09-24 11:50:10,10.947520843303693
2020-09-24 17:30:29,11.238637312714888
2020-09-25 00:20:51,11.278112515857508
2020-09-25 05:37:23,11.192996276682617
2020-09-25 10:32:34,11.079712379336364
2020-09-25 15:00:53,11.090221022147091
2020-09-25 20:51:20,11.148292351233117
2020-09-26 01:56:31,11.04721444552012
2020-09-26 09:23:21,11.040732199106314
2020-09-26 15:03:58,11.034045588541018
2020-09-26 20:12:20,11.002323500781477
2020-09-27 01:55:58,11.023484053957414
2020-09-27 07:22:36,10.88288614144731
2020-09-27 11:54:49,10.855224772144751
2020-09-27 17:44:56,10.896553523641643
2020-09-27 22:39:22,10.872276326717213
2020-09-28 05:27:48,11.033996154075599