Timestamp,output-volume
2009-01-03 00:00:00,100
2009-01-06 00:00:00,0
2009-01-09 00:00:00,700
2009-01-12 00:00:00,4879
2009-01-15 00:00:00,6800
2009-01-18 00:00:00,5500
2009-01-21 00:00:00,5750
2009-01-24 00:00:00,10550
2009-01-27 00:00:00,5000
2009-01-30 00:00:00,5850
2009-02-02 00:00:00,6450
2009-02-05 00:00:00,6300
2009-02-08 00:00:00,7600
2009-02-11 00:00:00,7200.04
2009-02-14 00:00:00,6800
2009-02-17 00:00:00,5850
2009-02-20 00:00:00,6100
2009-02-23 00:00:00,5400
2009-02-26 00:00:00,5350
2009-03-01 00:00:00,5250
2009-03-04 00:00:00,6450
2009-03-07 00:00:00,5450
2009-03-10 00:00:00,5350
2009-03-13 00:00:00,6400
2009-03-16 00:00:00,8450
2009-03-19 00:00:00,6100
2009-03-22 00:00:00,6450
2009-03-25 00:00:00,5850
2009-03-28 00:00:00,6950
2009-03-31 00:00:00,7100
2009-04-03 00:00:00,5800
2009-04-06 00:00:00,5450
2009-04-09 00:00:00,4950
2009-04-12 00:00:00,6850
2009-04-15 00:00:00,5650
2009-04-18 00:00:00,6482.51
2009-04-21 00:00:00,6200
2009-04-24 00:00:00,5750
2009-04-27 00:00:00,5200
2009-04-30 00:00:00,6550
2009-05-03 00:00:00,5410
2009-05-06 00:00:00,6750
2009-05-09 00:00:00,3850
2009-05-12 00:00:00,6500
2009-05-15 00:00:00,7300
2009-05-18 00:00:00,5900
2009-05-21 00:00:00,4100
2009-05-24 00:00:00,5000
2009-05-27 00:00:00,5950
2009-05-30 00:00:00,5450
2009-06-02 00:00:00,5500
2009-06-05 00:00:00,1550
2009-06-08 00:00:00,4100
2009-06-11 00:00:00,4450
2009-06-14 00:00:00,3600
2009-06-17 00:00:00,3950
2009-06-20 00:00:00,3900
2009-06-23 00:00:00,3800
2009-06-26 00:00:00,4500
2009-06-29 00:00:00,4200
2009-07-02 00:00:00,4200
2009-07-05 00:00:00,3950
2009-07-08 00:00:00,3700
2009-07-11 00:00:00,4150
2009-07-14 00:00:00,3450
2009-07-17 00:00:00,2400
2009-07-20 00:00:00,9549.67
2009-07-23 00:00:00,3750
2009-07-26 00:00:00,1000
2009-07-29 00:00:00,1100
2009-08-01 00:00:00,1400
2009-08-04 00:00:00,4050
2009-08-07 00:00:00,9549.53
2009-08-10 00:00:00,3750
2009-08-13 00:00:00,4250
2009-08-16 00:00:00,1000
2009-08-19 00:00:00,900
2009-08-22 00:00:00,350
2009-08-25 00:00:00,2550
2009-08-28 00:00:00,3750
2009-08-31 00:00:00,4600
2009-09-03 00:00:00,3750
2009-09-06 00:00:00,3400
2009-09-09 00:00:00,2700
2009-09-12 00:00:00,3450
2009-09-15 00:00:00,2250
2009-09-18 00:00:00,3900
2009-09-21 00:00:00,3850
2009-09-24 00:00:00,4850
2009-09-27 00:00:00,5150
2009-09-30 00:00:00,4250
2009-10-03 00:00:00,2900
2009-10-06 00:00:00,3100
2009-10-09 00:00:00,3850
2009-10-12 00:00:00,7950
2009-10-15 00:00:00,3550
2009-10-18 00:00:00,4050
2009-10-21 00:00:00,4899.76
2009-10-24 00:00:00,15350
2009-10-27 00:00:00,16200
2009-10-30 00:00:00,3000
2009-11-02 00:00:00,1650
2009-11-05 00:00:00,2900
2009-11-08 00:00:00,3650
2009-11-11 00:00:00,93200
2009-11-14 00:00:00,3950
2009-11-17 00:00:00,4600
2009-11-20 00:00:00,4300
2009-11-23 00:00:00,4800
2009-11-26 00:00:00,4200
2009-11-29 00:00:00,3000
2009-12-02 00:00:00,4700
2009-12-05 00:00:00,4100
2009-12-08 00:00:00,6750
2009-12-11 00:00:00,5600
2009-12-14 00:00:00,37645.7
2009-12-17 00:00:00,8749.5
2009-12-20 00:00:00,8750
2009-12-23 00:00:00,7700
2009-12-26 00:00:00,8700
2009-12-29 00:00:00,8550
2010-01-01 00:00:00,6650
2010-01-04 00:00:00,29854.35
2010-01-07 00:00:00,7700
2010-01-10 00:00:00,9500
2010-01-13 00:00:00,8258
2010-01-16 00:00:00,6501
2010-01-19 00:00:00,6200
2010-01-22 00:00:00,6900
2010-01-25 00:00:00,13850
2010-01-28 00:00:00,9900
2010-01-31 00:00:00,9350
2010-02-03 00:00:00,13800
2010-02-06 00:00:00,11700
2010-02-09 00:00:00,31250
2010-02-12 00:00:00,16800
2010-02-15 00:00:00,13349.98
2010-02-18 00:00:00,13299
2010-02-21 00:00:00,17416.83
2010-02-24 00:00:00,13850
2010-02-27 00:00:00,9051
2010-03-02 00:00:00,11400
2010-03-05 00:00:00,8700
2010-03-08 00:00:00,15295.18
2010-03-11 00:00:00,9850
2010-03-14 00:00:00,7800
2010-03-17 00:00:00,8050
2010-03-20 00:00:00,14550
2010-03-23 00:00:00,14336.93
2010-03-26 00:00:00,13850
2010-03-29 00:00:00,13200
2010-04-01 00:00:00,9800
2010-04-04 00:00:00,12000
2010-04-07 00:00:00,15153.14
2010-04-10 00:00:00,27909.05
2010-04-13 00:00:00,11810
2010-04-16 00:00:00,23012.68
2010-04-19 00:00:00,36021.87
2010-04-22 00:00:00,29492.85
2010-04-25 00:00:00,23845.8
2010-04-28 00:00:00,17422.54
2010-05-01 00:00:00,14348.6
2010-05-04 00:00:00,25650.12
2010-05-07 00:00:00,40444
2010-05-10 00:00:00,15263.78
2010-05-13 00:00:00,17307.78
2010-05-16 00:00:00,8138.64
2010-05-19 00:00:00,23504.61
2010-05-22 00:00:00,54427.53
2010-05-25 00:00:00,18050
2010-05-28 00:00:00,40557.11
2010-05-31 00:00:00,13961
2010-06-03 00:00:00,17274.1
2010-06-06 00:00:00,16003.31
2010-06-09 00:00:00,80691.57
2010-06-12 00:00:00,20881.1
2010-06-15 00:00:00,45023
2010-06-18 00:00:00,19086.68
2010-06-21 00:00:00,45708.09
2010-06-24 00:00:00,40846.37
2010-06-27 00:00:00,21468
2010-06-30 00:00:00,64280.95
2010-07-03 00:00:00,47050
2010-07-06 00:00:00,27835.5
2010-07-09 00:00:00,21572
2010-07-12 00:00:00,2633819.97
2010-07-15 00:00:00,116998.92
2010-07-18 00:00:00,44670.09
2010-07-21 00:00:00,38004.54
2010-07-24 00:00:00,53191.9600000004
2010-07-27 00:00:00,40199.2
2010-07-30 00:00:00,29261.82
2010-08-02 00:00:00,75663.37
2010-08-05 00:00:00,51702.01
2010-08-08 00:00:00,20285.05
2010-08-11 00:00:00,66537.41
2010-08-14 00:00:00,30251.74
2010-08-17 00:00:00,56445.99
2010-08-20 00:00:00,39228.41
2010-08-23 00:00:00,28426.11
2010-08-26 00:00:00,24747.79
2010-08-29 00:00:00,16704.59
2010-09-01 00:00:00,36607.5899974
2010-09-04 00:00:00,39076.36
2010-09-07 00:00:00,26241.26
2010-09-10 00:00:00,23023.329998
2010-09-13 00:00:00,125727.9300001
2010-09-16 00:00:00,45533.51
2010-09-19 00:00:00,61581.25960352
2010-09-22 00:00:00,53385.49
2010-09-25 00:00:00,40298.0999999999
2010-09-28 00:00:00,92276.6550332
2010-10-01 00:00:00,65983.3881210799
2010-10-04 00:00:00,563662.890000989
2010-10-07 00:00:00,135369.09
2010-10-10 00:00:00,127348.13
2010-10-13 00:00:00,123051.79
2010-10-16 00:00:00,211090.89000109
2010-10-19 00:00:00,278433.5
2010-10-22 00:00:00,137128.13
2010-10-25 00:00:00,160144.65
2010-10-28 00:00:00,198573.54
2010-10-31 00:00:00,73856.13
2010-11-03 00:00:00,66479.98
2010-11-06 00:00:00,137435.36
2010-11-09 00:00:00,62617.22
2010-11-12 00:00:00,42139.8
2010-11-15 00:00:00,271987.710000006
2010-11-18 00:00:00,72348.4610878806
2010-11-21 00:00:00,133035.99999997
2010-11-24 00:00:00,47459.0800000024
2010-11-27 00:00:00,33279.86
2010-11-30 00:00:00,69850.9
2010-12-03 00:00:00,37032.74
2010-12-06 00:00:00,108080.04613297
2010-12-09 00:00:00,53642.58727261
2010-12-12 00:00:00,56341.07644603
2010-12-15 00:00:00,125685.12485908
2010-12-18 00:00:00,91230.6167427501
2010-12-21 00:00:00,111404.82959024
2010-12-24 00:00:00,67806.3074806501
2010-12-27 00:00:00,99819.17496207
2010-12-30 00:00:00,73050.6123855201
2011-01-02 00:00:00,55313.98266554
2011-01-05 00:00:00,57126.4193429102
2011-01-08 00:00:00,67476.9900000001
2011-01-11 00:00:00,112912.827674079
2011-01-14 00:00:00,94314.9765326095
2011-01-17 00:00:00,67407.3347058399
2011-01-20 00:00:00,61452.84683642
2011-01-23 00:00:00,88619.4209138199
2011-01-26 00:00:00,74679.76
2011-01-29 00:00:00,75666.96195608
2011-02-01 00:00:00,129406.34188265
2011-02-04 00:00:00,62850.1946864001
2011-02-07 00:00:00,164918.19627589
2011-02-10 00:00:00,226594.8123717
2011-02-13 00:00:00,114122.55817975
2011-02-16 00:00:00,73041.4801456611
2011-02-19 00:00:00,185495.99
2011-02-22 00:00:00,357949.32546822
2011-02-25 00:00:00,186897.179152
2011-02-28 00:00:00,132383.50785377
2011-03-03 00:00:00,238003.55858828
2011-03-06 00:00:00,196699.27530034
2011-03-09 00:00:00,252553.80282993
2011-03-12 00:00:00,163502.276648508
2011-03-15 00:00:00,127120.496630356
2011-03-18 00:00:00,176714.044234419
2011-03-21 00:00:00,158865.797179352
2011-03-24 00:00:00,259392.167906921
2011-03-27 00:00:00,152316.61225412
2011-03-30 00:00:00,129980.52542227
2011-04-02 00:00:00,104015.47472046
2011-04-05 00:00:00,129618.83498476
2011-04-08 00:00:00,136261.74605446
2011-04-11 00:00:00,95112.65255369
2011-04-14 00:00:00,153831.98018196
2011-04-17 00:00:00,1309286.84177388
2011-04-20 00:00:00,4794062.39695186
2011-04-23 00:00:00,174675.33621805
2011-04-26 00:00:00,187985.887892289
2011-04-29 00:00:00,786624.110555425
2011-05-02 00:00:00,129386.31647742
2011-05-05 00:00:00,169843.60845061
2011-05-08 00:00:00,540879.736465331
2011-05-11 00:00:00,185790.74064743
2011-05-14 00:00:00,1799447.18849777
2011-05-17 00:00:00,226691.36102929
2011-05-20 00:00:00,356391.42115213
2011-05-23 00:00:00,472545.048058392
2011-05-26 00:00:00,427705.140564651
2011-05-29 00:00:00,274981.89859323
2011-06-01 00:00:00,280980.790201421
2011-06-04 00:00:00,487408.486398733
2011-06-07 00:00:00,534304.44328039
2011-06-10 00:00:00,932800.623082417
2011-06-13 00:00:00,1278971.56743375
2011-06-16 00:00:00,8770518.67537282
2011-06-19 00:00:00,4573895.55149766
2011-06-22 00:00:00,1335096.93551546
2011-06-25 00:00:00,10725139.3769324
2011-06-28 00:00:00,6871645.44918696
2011-07-01 00:00:00,1117797.9220133
2011-07-04 00:00:00,1363358.31084649
2011-07-07 00:00:00,472235.156920441
2011-07-10 00:00:00,2432216.55088744
2011-07-13 00:00:00,1435918.57354408
2011-07-16 00:00:00,1245980.63371847
2011-07-19 00:00:00,2741633.67831262
2011-07-22 00:00:00,1559055.16716813
2011-07-25 00:00:00,1442003.58869779
2011-07-28 00:00:00,3400297.35086567
2011-07-31 00:00:00,603028.019087051
2011-08-03 00:00:00,415841.682211481
2011-08-06 00:00:00,385468.10229894
2011-08-09 00:00:00,2488023.7558887
2011-08-12 00:00:00,345156.334791198
2011-08-15 00:00:00,339976.157557003
2011-08-18 00:00:00,407482.683067309
2011-08-21 00:00:00,250898.26811619
2011-08-24 00:00:00,566392.513406741
2011-08-27 00:00:00,2711595.26159787
2011-08-30 00:00:00,244186.903702869
2011-09-02 00:00:00,261134.69142115
2011-09-05 00:00:00,2273546.53317067
2011-09-08 00:00:00,394870.54838177
2011-09-11 00:00:00,1019854.45416211
2011-09-14 00:00:00,302619.02454442
2011-09-17 00:00:00,354198.94577762
2011-09-20 00:00:00,353525.55996724
2011-09-23 00:00:00,345135.87947771
2011-09-26 00:00:00,285184.61163435
2011-09-29 00:00:00,333784.49058292
2011-10-02 00:00:00,322246.9086413
2011-10-05 00:00:00,407553.18218453
2011-10-08 00:00:00,283462.40390798
2011-10-11 00:00:00,333061.89571592
2011-10-14 00:00:00,277350.76002233
2011-10-17 00:00:00,486050.816507012
2011-10-20 00:00:00,298476.896338189
2011-10-23 00:00:00,570977.962649809
2011-10-26 00:00:00,429847.492393439
2011-10-29 00:00:00,456930.598278288
2011-11-01 00:00:00,539837.818256272
2011-11-04 00:00:00,400492.824775778
2011-11-07 00:00:00,269280.29948489
2011-11-10 00:00:00,361640.375514469
2011-11-13 00:00:00,250028.481132371
2011-11-16 00:00:00,2032325.79456675
2011-11-19 00:00:00,4126706.46765028
2011-11-22 00:00:00,3594803.50912682
2011-11-25 00:00:00,1088524.81327342
2011-11-28 00:00:00,4013831.0875746
2011-12-01 00:00:00,2124335.45524813
2011-12-04 00:00:00,2950081.7935947
2011-12-07 00:00:00,5610246.4255729
2011-12-10 00:00:00,1129167.9308208
2011-12-13 00:00:00,354438.055882901
2011-12-16 00:00:00,503142.281455101
2011-12-19 00:00:00,485365.338243969
2011-12-22 00:00:00,438479.169716418
2011-12-25 00:00:00,306629.2870686
2011-12-28 00:00:00,283396.82627803
2011-12-31 00:00:00,270535.606297491
2012-01-03 00:00:00,270742.97196559
2012-01-06 00:00:00,612913.552101019
2012-01-09 00:00:00,449033.58451113
2012-01-12 00:00:00,363660.158261599
2012-01-15 00:00:00,275751.570057431
2012-01-18 00:00:00,377649.761346862
2012-01-21 00:00:00,307330.257424819
2012-01-24 00:00:00,384665.637735182
2012-01-27 00:00:00,360852.30272307
2012-01-30 00:00:00,333595.678239811
2012-02-02 00:00:00,376869.172564321
2012-02-05 00:00:00,346103.09398566
2012-02-08 00:00:00,309649.22480306
2012-02-11 00:00:00,458101.212065389
2012-02-14 00:00:00,1352875.86519127
2012-02-17 00:00:00,980044.443039062
2012-02-20 00:00:00,436470.040740089
2012-02-23 00:00:00,692032.488498299
2012-02-26 00:00:00,347126.385399049
2012-02-29 00:00:00,338421.94801077
2012-03-03 00:00:00,386748.74107678
2012-03-06 00:00:00,362054.094382371
2012-03-09 00:00:00,598061.39599002
2012-03-12 00:00:00,606233.97458425
2012-03-15 00:00:00,492864.21613991
2012-03-18 00:00:00,379449.643670491
2012-03-21 00:00:00,515344.029687949
2012-03-24 00:00:00,821356.542658391
2012-03-27 00:00:00,575018.41495218
2012-03-30 00:00:00,988434.359329025
2012-04-02 00:00:00,703032.14748597
2012-04-05 00:00:00,943391.505819743
2012-04-08 00:00:00,1263160.47859292
2012-04-11 00:00:00,1518655.98688216
2012-04-14 00:00:00,982168.659179318
2012-04-17 00:00:00,1139507.17625959
2012-04-20 00:00:00,2864389.57021573
2012-04-23 00:00:00,784560.599786367
2012-04-26 00:00:00,1857826.46818446
2012-04-29 00:00:00,989035.587918013
2012-05-02 00:00:00,1083940.56461852
2012-05-05 00:00:00,1204600.83182307
2012-05-08 00:00:00,3898869.81975068
2012-05-11 00:00:00,1539746.73919501
2012-05-14 00:00:00,2306925.08375248
2012-05-17 00:00:00,3456116.18135479
2012-05-20 00:00:00,2019018.75302653
2012-05-23 00:00:00,1806509.40051702
2012-05-26 00:00:00,4831935.95270121
2012-05-29 00:00:00,3168985.41326641
2012-06-01 00:00:00,2969598.76537258
2012-06-04 00:00:00,4645313.15018137
2012-06-07 00:00:00,4841143.6744715
2012-06-10 00:00:00,3292536.17809465
2012-06-13 00:00:00,2431812.84913383
2012-06-16 00:00:00,3900349.19610105
2012-06-19 00:00:00,2119402.77364747
2012-06-22 00:00:00,2275711.50415201
2012-06-25 00:00:00,1818923.14292775
2012-06-28 00:00:00,3474911.56490419
2012-07-01 00:00:00,1346647.64590641
2012-07-04 00:00:00,2279526.86962566
2012-07-07 00:00:00,4127597.19851503
2012-07-10 00:00:00,2170880.3810215
2012-07-13 00:00:00,2479292.88295526
2012-07-16 00:00:00,2110624.76932536
2012-07-19 00:00:00,1228132.22114948
2012-07-22 00:00:00,1716136.98916437
2012-07-25 00:00:00,1024844.92607089
2012-07-28 00:00:00,1742182.22720635
2012-07-31 00:00:00,2974358.70358369
2012-08-03 00:00:00,1431240.18324972
2012-08-06 00:00:00,1995321.80120205
2012-08-09 00:00:00,1453200.80749878
2012-08-12 00:00:00,1616952.2292634
2012-08-15 00:00:00,1789685.95620362
2012-08-18 00:00:00,2154735.38967632
2012-08-21 00:00:00,5481598.72841156
2012-08-24 00:00:00,11064106.0212281
2012-08-27 00:00:00,6317082.62540718
2012-08-30 00:00:00,11585110.8309511
2012-09-02 00:00:00,5968122.58787634
2012-09-05 00:00:00,9277781.79154845
2012-09-08 00:00:00,7584282.22254483
2012-09-11 00:00:00,20228603.9765601
2012-09-14 00:00:00,18031417.2989622
2012-09-17 00:00:00,13061001.1658778
2012-09-20 00:00:00,15908406.7865328
2012-09-23 00:00:00,7816618.25846457
2012-09-26 00:00:00,1737748.15454295
2012-09-29 00:00:00,1302616.3584911
2012-10-02 00:00:00,2006735.60108553
2012-10-05 00:00:00,2649368.84276078
2012-10-08 00:00:00,1776535.4279336
2012-10-11 00:00:00,1246301.99893083
2012-10-14 00:00:00,1386647.67021742
2012-10-17 00:00:00,3334767.15764639
2012-10-20 00:00:00,2715802.80313158
2012-10-23 00:00:00,2607540.36586628
2012-10-26 00:00:00,1038024.25427035
2012-10-29 00:00:00,1015491.50227459
2012-11-01 00:00:00,2615517.50342968
2012-11-04 00:00:00,2247532.78993214
2012-11-07 00:00:00,1854321.08802645
2012-11-10 00:00:00,438620.176610936
2012-11-13 00:00:00,854362.514737249
2012-11-16 00:00:00,3704500.18719615
2012-11-19 00:00:00,1381940.98998971
2012-11-22 00:00:00,1442437.42491676
2012-11-25 00:00:00,810454.882741422
2012-11-28 00:00:00,1891268.83720622
2012-12-01 00:00:00,628526.653334207
2012-12-04 00:00:00,2489158.49724517
2012-12-07 00:00:00,2083190.92737684
2012-12-10 00:00:00,1037451.35443147
2012-12-13 00:00:00,3839017.0493206
2012-12-16 00:00:00,1782516.03883903
2012-12-19 00:00:00,1137275.06654352
2012-12-22 00:00:00,1402903.97916463
2012-12-25 00:00:00,604804.030367411
2012-12-28 00:00:00,1076612.3117094
2012-12-31 00:00:00,1369985.74192577
2013-01-03 00:00:00,1742042.55488445
2013-01-06 00:00:00,1101232.43963926
2013-01-09 00:00:00,1720210.14844046
2013-01-12 00:00:00,980520.665497366
2013-01-15 00:00:00,2092810.83530802
2013-01-18 00:00:00,1655101.04212151
2013-01-21 00:00:00,1152751.45753474
2013-01-24 00:00:00,1616949.95832763
2013-01-27 00:00:00,1471814.58888118
2013-01-30 00:00:00,2692071.85630503
2013-02-02 00:00:00,1354020.58299643
2013-02-05 00:00:00,2006309.53281152
2013-02-08 00:00:00,2189719.72664772
2013-02-11 00:00:00,1328240.58315568
2013-02-14 00:00:00,1502365.26186877
2013-02-17 00:00:00,1145511.75715344
2013-02-20 00:00:00,1200831.67776048
2013-02-23 00:00:00,1283683.58685939
2013-02-26 00:00:00,1633163.91339043
2013-03-01 00:00:00,1647857.63740179
2013-03-04 00:00:00,979042.044530394
2013-03-07 00:00:00,1659536.98910145
2013-03-10 00:00:00,1241733.73357707
2013-03-13 00:00:00,1505965.84316932
2013-03-16 00:00:00,2307843.52784695
2013-03-19 00:00:00,1944707.41755049
2013-03-22 00:00:00,1520085.09044572
2013-03-25 00:00:00,1544997.61120333
2013-03-28 00:00:00,1826700.75781862
2013-03-31 00:00:00,1540937.81770479
2013-04-03 00:00:00,2371324.93158493
2013-04-06 00:00:00,1333262.48737764
2013-04-09 00:00:00,2079535.47011075
2013-04-12 00:00:00,1774103.00022634
2013-04-15 00:00:00,1049837.79441591
2013-04-18 00:00:00,5846871.99114945
2013-04-21 00:00:00,983216.825379949
2013-04-24 00:00:00,2164362.81202136
2013-04-27 00:00:00,808262.656526395
2013-04-30 00:00:00,1003343.62821068
2013-05-03 00:00:00,797019.863329705
2013-05-06 00:00:00,858406.015164323
2013-05-09 00:00:00,695397.038476054
2013-05-12 00:00:00,562565.702801053
2013-05-15 00:00:00,752790.907097212
2013-05-18 00:00:00,748211.00918302
2013-05-21 00:00:00,674482.949535196
2013-05-24 00:00:00,759741.681363691
2013-05-27 00:00:00,666608.373834581
2013-05-30 00:00:00,629587.809747284
2013-06-02 00:00:00,431875.338581348
2013-06-05 00:00:00,681339.364361771
2013-06-08 00:00:00,399038.355749357
2013-06-11 00:00:00,598337.290855504
2013-06-14 00:00:00,722485.19017261
2013-06-17 00:00:00,578844.964115832
2013-06-20 00:00:00,728607.974760783
2013-06-23 00:00:00,340381.454364923
2013-06-26 00:00:00,627165.900331054
2013-06-29 00:00:00,532545.466541163
2013-07-02 00:00:00,735821.574371706
2013-07-05 00:00:00,1074563.29069852
2013-07-08 00:00:00,837670.930768057
2013-07-11 00:00:00,1058476.98655273
2013-07-14 00:00:00,582276.547181798
2013-07-17 00:00:00,1080936.13767808
2013-07-20 00:00:00,495922.44695366
2013-07-23 00:00:00,1012489.36703895
2013-07-26 00:00:00,781326.007456468
2013-07-29 00:00:00,747853.119503947
2013-08-01 00:00:00,1147305.42498187
2013-08-04 00:00:00,510656.311293676
2013-08-07 00:00:00,813434.517314474
2013-08-10 00:00:00,517054.84332388
2013-08-13 00:00:00,1301581.43854276
2013-08-16 00:00:00,1073581.79579291
2013-08-19 00:00:00,1115101.01969814
2013-08-22 00:00:00,823544.676626069
2013-08-25 00:00:00,555654.047028118
2013-08-28 00:00:00,784253.760240909
2013-08-31 00:00:00,878729.173975401
2013-09-03 00:00:00,949784.940321598
2013-09-06 00:00:00,701587.705390649
2013-09-09 00:00:00,1030766.75658514
2013-09-12 00:00:00,703128.101098485
2013-09-15 00:00:00,403507.548155213
2013-09-18 00:00:00,806994.269753078
2013-09-21 00:00:00,452074.31344504
2013-09-24 00:00:00,949071.865352483
2013-09-27 00:00:00,690114.851606427
2013-09-30 00:00:00,826774.036665406
2013-10-03 00:00:00,927030.80085099
2013-10-06 00:00:00,419308.266421638
2013-10-09 00:00:00,898551.303982071
2013-10-12 00:00:00,697904.05513333
2013-10-15 00:00:00,924504.813257501
2013-10-18 00:00:00,937574.965087657
2013-10-21 00:00:00,1059197.27414242
2013-10-24 00:00:00,1029103.30278824
2013-10-27 00:00:00,509803.648884956
2013-10-30 00:00:00,717093.160091758
2013-11-02 00:00:00,649240.364890082
2013-11-05 00:00:00,1115521.37805375
2013-11-08 00:00:00,1071531.00672899
2013-11-11 00:00:00,748279.489553856
2013-11-14 00:00:00,1155028.59400238
2013-11-17 00:00:00,1158208.92269629
2013-11-20 00:00:00,1690347.11982735
2013-11-23 00:00:00,1533323.42331163
2013-11-26 00:00:00,4028498.09525615
2013-11-29 00:00:00,2602929.47680348
2013-12-02 00:00:00,1424490.90497356
2013-12-05 00:00:00,1550468.12636041
2013-12-08 00:00:00,1219503.56891799
2013-12-11 00:00:00,1113758.03415721
2013-12-14 00:00:00,620668.834120237
2013-12-17 00:00:00,1586643.43811419
2013-12-20 00:00:00,940326.307876396
2013-12-23 00:00:00,722235.193791413
2013-12-26 00:00:00,620433.483584879
2013-12-29 00:00:00,837535.431825591
2014-01-01 00:00:00,538983.292084046
2014-01-04 00:00:00,635106.075576587
2014-01-07 00:00:00,924867.933328937
2014-01-10 00:00:00,569351.609494795
2014-01-13 00:00:00,529745.657167659
2014-01-16 00:00:00,605276.848189111
2014-01-19 00:00:00,567071.287808722
2014-01-22 00:00:00,493075.896373011
2014-01-25 00:00:00,463780.273670827
2014-01-28 00:00:00,648369.537017734
2014-01-31 00:00:00,409190.884238997
2014-02-03 00:00:00,482423.652309109
2014-02-06 00:00:00,664620.697672539
2014-02-09 00:00:00,491172.002158301
2014-02-12 00:00:00,619251.518908137
2014-02-15 00:00:00,963648.97871815
2014-02-18 00:00:00,501226.922250566
2014-02-21 00:00:00,521821.933138026
2014-02-24 00:00:00,776198.313048594
2014-02-27 00:00:00,584827.727414531
2014-03-02 00:00:00,555305.943360544
2014-03-05 00:00:00,688295.994930557
2014-03-08 00:00:00,1585837.1661943
2014-03-11 00:00:00,988209.04639411
2014-03-14 00:00:00,628708.135968921
2014-03-17 00:00:00,555550.20544393
2014-03-20 00:00:00,684384.781912733
2014-03-23 00:00:00,337434.369703483
2014-03-26 00:00:00,521418.676117358
2014-03-29 00:00:00,401778.387697596
2014-04-01 00:00:00,687092.912881854
2014-04-04 00:00:00,670524.781364418
2014-04-07 00:00:00,467993.229885194
2014-04-10 00:00:00,832228.29364563
2014-04-13 00:00:00,415396.601898254
2014-04-16 00:00:00,808972.686487201
2014-04-19 00:00:00,460095.566680422
2014-04-22 00:00:00,886317.347175514
2014-04-25 00:00:00,557906.38545585
2014-04-28 00:00:00,582844.636266595
2014-05-01 00:00:00,449043.555727504
2014-05-04 00:00:00,428868.453035868
2014-05-07 00:00:00,840071.956870138
2014-05-10 00:00:00,680089.585980874
2014-05-13 00:00:00,678338.794865715
2014-05-16 00:00:00,651741.425215487
2014-05-19 00:00:00,529418.786190444
2014-05-22 00:00:00,773918.640208564
2014-05-25 00:00:00,841110.023738244
2014-05-28 00:00:00,869282.339182977
2014-05-31 00:00:00,588130.159851893
2014-06-03 00:00:00,906950.889311302
2014-06-06 00:00:00,1049433.72248384
2014-06-09 00:00:00,389374.168040356
2014-06-12 00:00:00,1111447.58093751
2014-06-15 00:00:00,447016.409284431
2014-06-18 00:00:00,549689.613936265
2014-06-21 00:00:00,461927.046746102
2014-06-24 00:00:00,882381.495034408
2014-06-27 00:00:00,487614.045979167
2014-06-30 00:00:00,670095.338531695
2014-07-03 00:00:00,604883.464547067
2014-07-06 00:00:00,373704.721600211
2014-07-09 00:00:00,467382.069264812
2014-07-12 00:00:00,469369.133509933
2014-07-15 00:00:00,564831.830035056
2014-07-18 00:00:00,514425.221870095
2014-07-21 00:00:00,448465.586733738
2014-07-24 00:00:00,536981.677497219
2014-07-27 00:00:00,261543.514790951
2014-07-30 00:00:00,420687.449590003
2014-08-02 00:00:00,389351.123847858
2014-08-05 00:00:00,618996.162766312
2014-08-08 00:00:00,337944.152797004
2014-08-11 00:00:00,559067.889812784
2014-08-14 00:00:00,747261.470331775
2014-08-17 00:00:00,502236.356619499
2014-08-20 00:00:00,564014.546176288
2014-08-23 00:00:00,704590.959989202
2014-08-26 00:00:00,1788493.64968411
2014-08-29 00:00:00,593794.324110572
2014-09-01 00:00:00,708067.73216985
2014-09-04 00:00:00,451973.791108862
2014-09-07 00:00:00,372332.046359099
2014-09-10 00:00:00,472432.4856098
2014-09-13 00:00:00,329720.302792825
2014-09-16 00:00:00,434785.757899436
2014-09-19 00:00:00,709207.174723741
2014-09-22 00:00:00,539538.212900137
2014-09-25 00:00:00,679083.422491803
2014-09-28 00:00:00,465163.671420482
2014-10-01 00:00:00,700946.524121399
2014-10-04 00:00:00,653572.499621088
2014-10-07 00:00:00,863049.423662904
2014-10-10 00:00:00,985124.640111173
2014-10-13 00:00:00,777900.516941769
2014-10-16 00:00:00,1055720.1589948
2014-10-19 00:00:00,454054.118035242
2014-10-22 00:00:00,866640.039092052
2014-10-25 00:00:00,914765.189541027
2014-10-28 00:00:00,843974.100864434
2014-10-31 00:00:00,1292623.20016124
2014-11-03 00:00:00,1077667.49614244
2014-11-06 00:00:00,739435.476988818
2014-11-09 00:00:00,536383.146425672
2014-11-12 00:00:00,1115072.51062442
2014-11-15 00:00:00,811752.516856439
2014-11-18 00:00:00,983866.145961329
2014-11-21 00:00:00,1319260.31279388
2014-11-24 00:00:00,798399.788617352
2014-11-27 00:00:00,997888.118389946
2014-11-30 00:00:00,980576.3634217
2014-12-03 00:00:00,1221569.88021918
2014-12-06 00:00:00,617000.752642815
2014-12-09 00:00:00,1153236.96245818
2014-12-12 00:00:00,973005.794753066
2014-12-15 00:00:00,877938.537208443
2014-12-18 00:00:00,1149420.70418951
2014-12-21 00:00:00,953544.879036556
2014-12-24 00:00:00,830572.250515162
2014-12-27 00:00:00,660397.518112213
2014-12-30 00:00:00,1096888.92261216
2015-01-02 00:00:00,732227.16280091
2015-01-05 00:00:00,1138485.29082891
2015-01-08 00:00:00,1444881.24169443
2015-01-11 00:00:00,1238899.63290221
2015-01-14 00:00:00,2405987.36630265
2015-01-17 00:00:00,1129745.74009947
2015-01-20 00:00:00,1415745.68120539
2015-01-23 00:00:00,1031664.17610122
2015-01-26 00:00:00,2117894.10454613
2015-01-29 00:00:00,984245.547562344
2015-02-01 00:00:00,756613.012807415
2015-02-04 00:00:00,1216663.51026025
2015-02-07 00:00:00,630706.708957625
2015-02-10 00:00:00,837890.405334548
2015-02-13 00:00:00,1038641.09712464
2015-02-16 00:00:00,735152.029652314
2015-02-19 00:00:00,711660.226881429
2015-02-22 00:00:00,474504.965323625
2015-02-25 00:00:00,830420.632340109
2015-02-28 00:00:00,628807.626626843
2015-03-03 00:00:00,1119273.26762527
2015-03-06 00:00:00,827288.90054345
2015-03-09 00:00:00,1127088.02113918
2015-03-12 00:00:00,1062851.20747731
2015-03-15 00:00:00,580275.512934137
2015-03-18 00:00:00,1527886.93420477
2015-03-21 00:00:00,648767.14884283
2015-03-24 00:00:00,962933.212724507
2015-03-27 00:00:00,1009654.61350998
2015-03-30 00:00:00,864869.115915003
2015-04-02 00:00:00,787470.615147891
2015-04-05 00:00:00,456585.221204867
2015-04-08 00:00:00,921436.637599782
2015-04-11 00:00:00,629073.650686378
2015-04-14 00:00:00,993521.102559648
2015-04-17 00:00:00,1155280.22381177
2015-04-20 00:00:00,1313191.50913631
2015-04-23 00:00:00,1142239.42380158
2015-04-26 00:00:00,1104967.22295085
2015-04-29 00:00:00,1283313.52130595
2015-05-02 00:00:00,841138.96688416
2015-05-05 00:00:00,1209226.60023042
2015-05-08 00:00:00,1094583.25404981
2015-05-11 00:00:00,1185811.58695766
2015-05-14 00:00:00,1045569.81015682
2015-05-17 00:00:00,624927.316793749
2015-05-20 00:00:00,1097789.81749266
2015-05-23 00:00:00,952580.492433662
2015-05-26 00:00:00,1012801.84028889
2015-05-29 00:00:00,1083044.47060873
2015-06-01 00:00:00,1511638.92557008
2015-06-04 00:00:00,1241860.2491725
2015-06-07 00:00:00,985928.182790547
2015-06-10 00:00:00,1315885.14684612
2015-06-13 00:00:00,1059041.01432131
2015-06-16 00:00:00,1882331.9780256
2015-06-19 00:00:00,1862738.65546461
2015-06-22 00:00:00,1116461.80818948
2015-06-25 00:00:00,954825.273313484
2015-06-28 00:00:00,825968.950340309
2015-07-01 00:00:00,1307377.46519542
2015-07-04 00:00:00,931803.512532157
2015-07-07 00:00:00,1252017.95388018
2015-07-10 00:00:00,1846251.52774276
2015-07-13 00:00:00,1377993.23669709
2015-07-16 00:00:00,1411380.25805196
2015-07-19 00:00:00,741667.319249315
2015-07-22 00:00:00,1066781.86979554
2015-07-25 00:00:00,775155.069554052
2015-07-28 00:00:00,1225712.79994698
2015-07-31 00:00:00,1036533.20835018
2015-08-03 00:00:00,1039238.01036461
2015-08-06 00:00:00,1164782.09964292
2015-08-09 00:00:00,1243911.31982425
2015-08-12 00:00:00,1367337.17584128
2015-08-15 00:00:00,1051601.12839158
2015-08-18 00:00:00,1838006.14031512
2015-08-21 00:00:00,1443062.6605751
2015-08-24 00:00:00,2044762.55924107
2015-08-27 00:00:00,1520685.26356956
2015-08-30 00:00:00,796372.967933219
2015-09-02 00:00:00,1420760.40373925
2015-09-05 00:00:00,927671.447311144
2015-09-08 00:00:00,1405755.72524584
2015-09-11 00:00:00,1229166.2866691
2015-09-14 00:00:00,1274802.36453353
2015-09-17 00:00:00,1313550.11067868
2015-09-20 00:00:00,921339.931160274
2015-09-23 00:00:00,1275111.38661959
2015-09-26 00:00:00,1031722.86317707
2015-09-29 00:00:00,1708232.25344777
2015-10-02 00:00:00,1736936.17324968
2015-10-05 00:00:00,1376046.46078869
2015-10-08 00:00:00,2024493.03942354
2015-10-11 00:00:00,984354.271522761
2015-10-14 00:00:00,1712379.2680133
2015-10-17 00:00:00,1528651.21646129
2015-10-20 00:00:00,1571077.20841232
2015-10-23 00:00:00,1457532.56793889
2015-10-26 00:00:00,1557555.6234375
2015-10-29 00:00:00,2350028.92719124
2015-11-01 00:00:00,1728973.13519114
2015-11-04 00:00:00,11057976.9337106
2015-11-07 00:00:00,2270257.38568463
2015-11-10 00:00:00,2949523.74403403
2015-11-13 00:00:00,2859815.65289688
2015-11-16 00:00:00,2677886.97569293
2015-11-19 00:00:00,2044159.95053838
2015-11-22 00:00:00,1143630.1719318
2015-11-25 00:00:00,1886760.5276857
2015-11-28 00:00:00,1963586.13133977
2015-12-01 00:00:00,2486562.89115711
2015-12-04 00:00:00,2679265.33762394
2015-12-07 00:00:00,3198317.65567799
2015-12-10 00:00:00,3245902.97782925
2015-12-13 00:00:00,5207976.68872494
2015-12-16 00:00:00,4431091.60023907
2015-12-19 00:00:00,3879031.19974426
2015-12-22 00:00:00,4795572.96043881
2015-12-25 00:00:00,3913272.87646035
2015-12-28 00:00:00,2152309.07587047
2015-12-31 00:00:00,1162597.62619323
2016-01-03 00:00:00,898547.959056761
2016-01-06 00:00:00,1337496.90880528
2016-01-09 00:00:00,849532.154287244
2016-01-12 00:00:00,1280395.96688162
2016-01-15 00:00:00,1728312.76958032
2016-01-18 00:00:00,9462153.27350643
2016-01-21 00:00:00,5266985.97493317
2016-01-24 00:00:00,67354303.3714169
2016-01-27 00:00:00,13896094.575147
2016-01-30 00:00:00,3422463.24380942
2016-02-02 00:00:00,3818602.5454267
2016-02-05 00:00:00,3487723.1790087
2016-02-08 00:00:00,2629156.67830238
2016-02-11 00:00:00,2657689.20097645
2016-02-14 00:00:00,2778938.77073503
2016-02-17 00:00:00,3984892.83773024
2016-02-20 00:00:00,4131729.57802008
2016-02-23 00:00:00,3962773.45320111
2016-02-26 00:00:00,3286075.11194343
2016-02-29 00:00:00,9924706.54607915
2016-03-03 00:00:00,3528608.92765602
2016-03-06 00:00:00,2011705.87655477
2016-03-09 00:00:00,2065424.29087185
2016-03-12 00:00:00,1829899.06284724
2016-03-15 00:00:00,3177959.03758808
2016-03-18 00:00:00,5239445.10760416
2016-03-21 00:00:00,2041577.7060348
2016-03-24 00:00:00,2286669.22964894
2016-03-27 00:00:00,1737057.95705789
2016-03-30 00:00:00,2032137.5717949
2016-04-02 00:00:00,1758765.06294316
2016-04-05 00:00:00,2257744.57700313
2016-04-08 00:00:00,2728055.14345442
2016-04-11 00:00:00,2571238.48109368
2016-04-14 00:00:00,2964839.21267842
2016-04-17 00:00:00,2619262.39434018
2016-04-20 00:00:00,4077380.51886445
2016-04-23 00:00:00,3426251.69739966
2016-04-26 00:00:00,2770136.73431054
2016-04-29 00:00:00,2522444.20247275
2016-05-02 00:00:00,2450687.7828866
2016-05-05 00:00:00,2161621.79433203
2016-05-08 00:00:00,1623830.8794879
2016-05-11 00:00:00,2510174.68513649
2016-05-14 00:00:00,1910552.81003976
2016-05-17 00:00:00,2703819.91509474
2016-05-20 00:00:00,2134599.69177578
2016-05-23 00:00:00,2136312.56336796
2016-05-26 00:00:00,3584245.58541601
2016-05-29 00:00:00,2740859.08647327
2016-06-01 00:00:00,2351967.05419539
2016-06-04 00:00:00,1493595.27664069
2016-06-07 00:00:00,2122375.93883511
2016-06-10 00:00:00,2301811.95545432
2016-06-13 00:00:00,2757346.67011431
2016-06-16 00:00:00,2796295.72029419
2016-06-19 00:00:00,2011496.98884978
2016-06-22 00:00:00,2712263.67560067
2016-06-25 00:00:00,2121582.98353525
2016-06-28 00:00:00,1865761.06385115
2016-07-01 00:00:00,2011713.67178097
2016-07-04 00:00:00,2599568.95010437
2016-07-07 00:00:00,2830532.13542546
2016-07-10 00:00:00,1522989.68799824
2016-07-13 00:00:00,2253579.81889679
2016-07-16 00:00:00,1965918.49664542
2016-07-19 00:00:00,2539145.56392854
2016-07-22 00:00:00,2421306.20175064
2016-07-25 00:00:00,1927857.04675702
2016-07-28 00:00:00,2460612.93581536
2016-07-31 00:00:00,1858564.33696223
2016-08-03 00:00:00,2478092.16795297
2016-08-06 00:00:00,1516812.65860048
2016-08-09 00:00:00,2222267.86115352
2016-08-12 00:00:00,1924492.13278683
2016-08-15 00:00:00,2077130.22974422
2016-08-18 00:00:00,2327792.80487529
2016-08-21 00:00:00,1338909.57673911
2016-08-24 00:00:00,2098712.58072255
2016-08-27 00:00:00,1464561.62205704
2016-08-30 00:00:00,1814694.81156353
2016-09-02 00:00:00,1595134.29340226
2016-09-05 00:00:00,1713681.50703497
2016-09-08 00:00:00,1626880.30093213
2016-09-11 00:00:00,1506619.98466319
2016-09-14 00:00:00,1897616.61809989
2016-09-17 00:00:00,1475509.56483544
2016-09-20 00:00:00,2268567.272119
2016-09-23 00:00:00,2253377.47809898
2016-09-26 00:00:00,2278155.60187457
2016-09-29 00:00:00,1838851.92448829
2016-10-02 00:00:00,1443022.87015633
2016-10-05 00:00:00,2302843.29977642
2016-10-08 00:00:00,2376975.88288037
2016-10-11 00:00:00,2864039.24135116
2016-10-14 00:00:00,2021409.06019797
2016-10-17 00:00:00,1887070.93736659
2016-10-20 00:00:00,2465644.96871897
2016-10-23 00:00:00,1877896.51694901
2016-10-26 00:00:00,2161155.14747222
2016-10-29 00:00:00,1503224.75170968
2016-11-01 00:00:00,1846449.78255956
2016-11-04 00:00:00,5890890.01915295
2016-11-07 00:00:00,4470465.95385453
2016-11-10 00:00:00,1759909.00427501
2016-11-13 00:00:00,1119373.69876734
2016-11-16 00:00:00,1956468.28854545
2016-11-19 00:00:00,1119382.03027165
2016-11-22 00:00:00,1711822.46950459
2016-11-25 00:00:00,1465067.39633129
2016-11-28 00:00:00,1514724.19163004
2016-12-01 00:00:00,1513280.75387216
2016-12-04 00:00:00,916341.421386561
2016-12-07 00:00:00,1547890.89333642
2016-12-10 00:00:00,1170744.74867145
2016-12-13 00:00:00,1566232.61036764
2016-12-16 00:00:00,1883877.69280803
2016-12-19 00:00:00,1841738.49161004
2016-12-22 00:00:00,2459189.6019282
2016-12-25 00:00:00,1094479.33657706
2016-12-28 00:00:00,2063689.69191722
2016-12-31 00:00:00,1379308.87090983
2017-01-03 00:00:00,1950525.35497187
2017-01-06 00:00:00,3100652.30632109
2017-01-09 00:00:00,2095379.05522485
2017-01-12 00:00:00,3521724.1432035
2017-01-15 00:00:00,1725125.55521011
2017-01-18 00:00:00,1935116.59199936
2017-01-21 00:00:00,1533463.23287315
2017-01-24 00:00:00,1956073.1357115
2017-01-27 00:00:00,1800256.1783777
2017-01-30 00:00:00,1462181.22228701
2017-02-02 00:00:00,1851685.6656797
2017-02-05 00:00:00,1800248.44228854
2017-02-08 00:00:00,1959826.10628616
2017-02-11 00:00:00,1418142.39805423
2017-02-14 00:00:00,1925169.97318269
2017-02-17 00:00:00,2501945.95773622
2017-02-20 00:00:00,1561277.91468098
2017-02-23 00:00:00,3342958.486969
2017-02-26 00:00:00,1128100.26650726
2017-03-01 00:00:00,2493836.06705262
2017-03-04 00:00:00,1974194.90352171
2017-03-07 00:00:00,2099918.94173596
2017-03-10 00:00:00,2751691.90466802
2017-03-13 00:00:00,2089770.0201327
2017-03-16 00:00:00,3316344.04046339
2017-03-19 00:00:00,6345239.35675552
2017-03-22 00:00:00,5240108.86225002
2017-03-25 00:00:00,3359560.98986222
2017-03-28 00:00:00,2332205.31071143
2017-03-31 00:00:00,3573848.96368429
2017-04-03 00:00:00,4163240.2137806
2017-04-06 00:00:00,2045375.19459594
2017-04-09 00:00:00,1512371.72667518
2017-04-12 00:00:00,2068435.88265546
2017-04-15 00:00:00,1610347.3036073
2017-04-18 00:00:00,2456420.95456178
2017-04-21 00:00:00,2339052.35665682
2017-04-24 00:00:00,1940799.63446909
2017-04-27 00:00:00,2636893.4472629
2017-04-30 00:00:00,1786432.98478775
2017-05-03 00:00:00,2625551.83579827
2017-05-06 00:00:00,2713257.08179424
2017-05-09 00:00:00,3162517.25139159
2017-05-12 00:00:00,3073037.69219212
2017-05-15 00:00:00,3103702.08604029
2017-05-18 00:00:00,3210225.94467315
2017-05-21 00:00:00,2312823.37124217
2017-05-24 00:00:00,3588186.52070508
2017-05-27 00:00:00,2657377.95140431
2017-05-30 00:00:00,3826430.14816408
2017-06-02 00:00:00,2928808.54262625
2017-06-05 00:00:00,3259528.68113655
2017-06-08 00:00:00,2395589.20058035
2017-06-11 00:00:00,2301534.23117237
2017-06-14 00:00:00,3266873.63574757
2017-06-17 00:00:00,2338185.94032215
2017-06-20 00:00:00,3018444.73833646
2017-06-23 00:00:00,2401755.51512491
2017-06-26 00:00:00,3779418.89569916
2017-06-29 00:00:00,3186635.15883385
2017-07-02 00:00:00,1799632.14846136
2017-07-05 00:00:00,2513987.23811057
2017-07-08 00:00:00,2699738.77099787
2017-07-11 00:00:00,2896549.04491071
2017-07-14 00:00:00,2601799.87911099
2017-07-17 00:00:00,2658035.61301639
2017-07-20 00:00:00,2443211.00041247
2017-07-23 00:00:00,1600323.65108759
2017-07-26 00:00:00,3704928.86247152
2017-07-29 00:00:00,4134542.02443439
2017-08-01 00:00:00,2633798.15211865
2017-08-04 00:00:00,2329716.15325997
2017-08-07 00:00:00,2359919.57315276
2017-08-10 00:00:00,2835042.93782618
2017-08-13 00:00:00,2243479.26248682
2017-08-16 00:00:00,2954985.44512969
2017-08-19 00:00:00,2352589.93866998
2017-08-22 00:00:00,1843217.52772625
2017-08-25 00:00:00,1419457.76485444
2017-08-28 00:00:00,1720458.17982114
2017-08-31 00:00:00,1789355.6761299
2017-09-03 00:00:00,1424953.24126513
2017-09-06 00:00:00,2520446.76902914
2017-09-09 00:00:00,1849746.79844101
2017-09-12 00:00:00,2430941.86072369
2017-09-15 00:00:00,3534612.48517032
2017-09-18 00:00:00,2333957.29425109
2017-09-21 00:00:00,1932727.58934147
2017-09-24 00:00:00,1119276.97011702
2017-09-27 00:00:00,2168984.57933854
2017-09-30 00:00:00,1660940.9198602
2017-10-03 00:00:00,1622695.28263549
2017-10-06 00:00:00,1383027.02614635
2017-10-09 00:00:00,2564018.8772409
2017-10-12 00:00:00,1979554.76639701
2017-10-15 00:00:00,1324663.96362474
2017-10-18 00:00:00,2154353.26190078
2017-10-21 00:00:00,1562588.59974058
2017-10-24 00:00:00,2586032.1080847
2017-10-27 00:00:00,2003977.22489857
2017-10-30 00:00:00,1855584.22744584
2017-11-02 00:00:00,2251378.16500269
2017-11-05 00:00:00,6077425.12154975
2017-11-08 00:00:00,4267323.33496847
2017-11-11 00:00:00,1676042.19348702
2017-11-14 00:00:00,3861149.03692856
2017-11-17 00:00:00,3818219.59308754
2017-11-20 00:00:00,4224222.22523215
2017-11-23 00:00:00,3406958.99050022
2017-11-26 00:00:00,2050315.30767253
2017-11-29 00:00:00,3262042.94240384
2017-12-02 00:00:00,2142790.41723758
2017-12-05 00:00:00,3015982.76508624
2017-12-08 00:00:00,2492427.01359836
2017-12-11 00:00:00,2687922.7701092
2017-12-14 00:00:00,2943542.64672682
2017-12-17 00:00:00,2389062.95524273
2017-12-20 00:00:00,2227875.17809013
2017-12-23 00:00:00,1781229.26358255
2017-12-26 00:00:00,2185221.9005927
2017-12-29 00:00:00,2311057.65922861
2018-01-01 00:00:00,1683244.82942741
2018-01-04 00:00:00,2737825.46133858
2018-01-07 00:00:00,2757179.42461305
2018-01-10 00:00:00,2162979.76075194
2018-01-13 00:00:00,1365097.69524724
2018-01-16 00:00:00,2889286.58911247
2018-01-19 00:00:00,1953499.50915421
2018-01-22 00:00:00,1525531.99580504
2018-01-25 00:00:00,1357490.31663831
2018-01-28 00:00:00,3128906.09631923
2018-01-31 00:00:00,1785708.48638844
2018-02-03 00:00:00,910042.479216002
2018-02-06 00:00:00,1914332.61631062
2018-02-09 00:00:00,1144162.67234831
2018-02-12 00:00:00,1674741.82471679
2018-02-15 00:00:00,1418774.18366198
2018-02-18 00:00:00,1639023.58066962
2018-02-21 00:00:00,1325803.33981783
2018-02-24 00:00:00,746134.753556644
2018-02-27 00:00:00,945506.24596197
2018-03-02 00:00:00,975776.272764159
2018-03-05 00:00:00,902570.350973113
2018-03-08 00:00:00,1018318.34934711
2018-03-11 00:00:00,784076.104283849
2018-03-14 00:00:00,1039106.57555746
2018-03-17 00:00:00,2430655.81800346
2018-03-20 00:00:00,1115427.34148066
2018-03-23 00:00:00,980288.452038435
2018-03-26 00:00:00,1678498.60550847
2018-03-29 00:00:00,846121.875065866
2018-04-01 00:00:00,840298.930345865
2018-04-04 00:00:00,1419479.59497653
2018-04-07 00:00:00,743828.473960894
2018-04-10 00:00:00,942151.232986581
2018-04-13 00:00:00,1247341.48476447
2018-04-16 00:00:00,1361857.99660289
2018-04-19 00:00:00,1317693.61797596
2018-04-22 00:00:00,780480.296047293
2018-04-25 00:00:00,1975585.79590617
2018-04-28 00:00:00,1834487.97313898
2018-05-01 00:00:00,1025230.81877919
2018-05-04 00:00:00,1338541.95367919
2018-05-07 00:00:00,1376393.35639458
2018-05-10 00:00:00,1205082.43367396
2018-05-13 00:00:00,832115.857826972
2018-05-16 00:00:00,1152448.45163973
2018-05-19 00:00:00,751248.432252377
2018-05-22 00:00:00,925990.138759076
2018-05-25 00:00:00,953634.679951058
2018-05-28 00:00:00,1314911.0430335
2018-05-31 00:00:00,1377302.4973299
2018-06-03 00:00:00,935768.809147528
2018-06-06 00:00:00,1138551.83163521
2018-06-09 00:00:00,874437.264986625
2018-06-12 00:00:00,1409209.45438495
2018-06-15 00:00:00,1728741.45967704
2018-06-18 00:00:00,1060965.78871968
2018-06-21 00:00:00,924429.022615271
2018-06-24 00:00:00,900357.745075924
2018-06-27 00:00:00,991757.035454353
2018-06-30 00:00:00,738220.872890951
2018-07-03 00:00:00,1062622.82959388
2018-07-06 00:00:00,968279.449515897
2018-07-09 00:00:00,1048702.07775385
2018-07-12 00:00:00,821091.024838082
2018-07-15 00:00:00,747510.628638848
2018-07-18 00:00:00,1137516.75989191
2018-07-21 00:00:00,642013.565772866
2018-07-24 00:00:00,1184540.43458122
2018-07-27 00:00:00,975850.530455948
2018-07-30 00:00:00,874826.162318069
2018-08-02 00:00:00,920947.221494545
2018-08-05 00:00:00,1022297.11046653
2018-08-08 00:00:00,1327631.36933921
2018-08-11 00:00:00,800612.262203394
2018-08-14 00:00:00,1171296.37463736
2018-08-17 00:00:00,861833.507632315
2018-08-20 00:00:00,859771.470318516
2018-08-23 00:00:00,876297.028194091
2018-08-26 00:00:00,515508.311929805
2018-08-29 00:00:00,901330.970696554
2018-09-01 00:00:00,881906.292394451
2018-09-04 00:00:00,936828.26664435
2018-09-07 00:00:00,1086048.21016274
2018-09-10 00:00:00,861391.083900317
2018-09-13 00:00:00,1120970.31826269
2018-09-16 00:00:00,688822.066188933
2018-09-19 00:00:00,936652.793647649
2018-09-22 00:00:00,749155.219570635
2018-09-25 00:00:00,1366731.26951542
2018-09-28 00:00:00,1078383.89383538
2018-10-01 00:00:00,823577.905055144
2018-10-04 00:00:00,843966.492125517
2018-10-07 00:00:00,500647.359567858
2018-10-10 00:00:00,1041130.21985007
2018-10-13 00:00:00,685161.779747514
2018-10-16 00:00:00,827843.657398782
2018-10-19 00:00:00,961462.472685052
2018-10-22 00:00:00,877222.892777349
2018-10-25 00:00:00,1010728.0309273
2018-10-28 00:00:00,523974.139731546
2018-10-31 00:00:00,932172.355043596
2018-11-03 00:00:00,597667.011591455
2018-11-06 00:00:00,888083.50817827
2018-11-09 00:00:00,857089.235802351
2018-11-12 00:00:00,864084.763386748
2018-11-15 00:00:00,1892836.65725486
2018-11-18 00:00:00,580343.13343274
2018-11-21 00:00:00,1309378.21656164
2018-11-24 00:00:00,905769.291971645
2018-11-27 00:00:00,1256470.047218
2018-11-30 00:00:00,1854914.42273533
2018-12-03 00:00:00,1487029.07296055
2018-12-06 00:00:00,1633213.92741729
2018-12-09 00:00:00,749837.224049977
2018-12-12 00:00:00,1100815.10721768
2018-12-15 00:00:00,813096.485976747
2018-12-18 00:00:00,1371198.62085749
2018-12-21 00:00:00,1281402.42997921
2018-12-24 00:00:00,1102833.45494636
2018-12-27 00:00:00,1258835.33320189
2018-12-30 00:00:00,700163.047612885
2019-01-02 00:00:00,985716.743373064
2019-01-05 00:00:00,762435.096074581
2019-01-08 00:00:00,907272.319909191
2019-01-11 00:00:00,1202241.87199114
2019-01-14 00:00:00,943758.900935683
2019-01-17 00:00:00,865081.658681416
2019-01-20 00:00:00,673875.570953252
2019-01-23 00:00:00,1177961.56777741
2019-01-26 00:00:00,956749.612212275
2019-01-29 00:00:00,1566152.82464706
2019-02-01 00:00:00,2805591.82526717
2019-02-04 00:00:00,2100232.57897692
2019-02-07 00:00:00,2624183.11068383
2019-02-10 00:00:00,619329.420175526
2019-02-13 00:00:00,3759153.89515758
2019-02-16 00:00:00,721058.482953854
2019-02-19 00:00:00,1780234.10470397
2019-02-22 00:00:00,1376221.90008537
2019-02-25 00:00:00,1518114.00751512
2019-02-28 00:00:00,1540872.98206993
2019-03-03 00:00:00,1447172.47836288
2019-03-06 00:00:00,1431566.50008297
2019-03-09 00:00:00,819715.706955175
2019-03-12 00:00:00,1487057.81899102
2019-03-15 00:00:00,1368445.67844443
2019-03-18 00:00:00,1780600.0876155
2019-03-21 00:00:00,1470280.03096176
2019-03-24 00:00:00,635868.661184324
2019-03-27 00:00:00,1298958.05960887
2019-03-30 00:00:00,922855.656391279
2019-04-02 00:00:00,3429198.98234587
2019-04-05 00:00:00,1082539.14209132
2019-04-08 00:00:00,1489013.44015008
2019-04-11 00:00:00,1887212.51414962
2019-04-14 00:00:00,1007059.31402494
2019-04-17 00:00:00,1590656.71804428
2019-04-20 00:00:00,1080058.02858003
2019-04-23 00:00:00,2263367.8924946
2019-04-26 00:00:00,1494955.22722298
2019-04-29 00:00:00,1145104.01803515
2019-05-02 00:00:00,986563.569209106
2019-05-05 00:00:00,762735.020365181
2019-05-08 00:00:00,1282820.63528939
2019-05-11 00:00:00,1259759.12746392
2019-05-14 00:00:00,1652403.40849971
2019-05-17 00:00:00,1366575.82679672
2019-05-20 00:00:00,1221183.04796327
2019-05-23 00:00:00,1221496.19922306
2019-05-26 00:00:00,850401.163688008
2019-05-29 00:00:00,1426452.61513325
2019-06-01 00:00:00,1199897.73547899
2019-06-04 00:00:00,1741205.06778663
2019-06-07 00:00:00,1454553.10102943
2019-06-10 00:00:00,1458520.17483975
2019-06-13 00:00:00,1228137.02502481
2019-06-16 00:00:00,1355369.53957
2019-06-19 00:00:00,1673182.62682249
2019-06-22 00:00:00,1952259.8368793
2019-06-25 00:00:00,1956241.05807187
2019-06-28 00:00:00,1467631.80564147
2019-07-01 00:00:00,2100556.44406549
2019-07-04 00:00:00,1253929.11629174
2019-07-07 00:00:00,718231.205005668
2019-07-10 00:00:00,2302653.81810532
2019-07-13 00:00:00,1572856.63308995
2019-07-16 00:00:00,2459457.74416151
2019-07-19 00:00:00,1313246.94953146
2019-07-22 00:00:00,6033168.90500625
2019-07-25 00:00:00,1981281.12609714
2019-07-28 00:00:00,482695.976665411
2019-07-31 00:00:00,1569708.76631774
2019-08-03 00:00:00,555691.180515733
2019-08-06 00:00:00,1686026.84972458
2019-08-09 00:00:00,1348526.32784251
2019-08-12 00:00:00,1110987.90699422
2019-08-15 00:00:00,1502214.00590109
2019-08-18 00:00:00,966183.225539812
2019-08-21 00:00:00,24528670.3510687
2019-08-24 00:00:00,453802.651056304
2019-08-27 00:00:00,898858.708773689
2019-08-30 00:00:00,839355.405968025
2019-09-02 00:00:00,929037.873505404
2019-09-05 00:00:00,1242635.39094575
2019-09-08 00:00:00,702260.154571735
2019-09-11 00:00:00,1123456.37957047
2019-09-14 00:00:00,614511.773528669
2019-09-17 00:00:00,1147350.8940079
2019-09-20 00:00:00,874080.293790683
2019-09-23 00:00:00,1486499.71902562
2019-09-26 00:00:00,1130065.40346932
2019-09-29 00:00:00,606613.635693071
2019-10-02 00:00:00,845513.50947988
2019-10-05 00:00:00,499826.823379352
2019-10-08 00:00:00,853284.326411053
2019-10-11 00:00:00,748859.345230277
2019-10-14 00:00:00,821209.414448708
2019-10-17 00:00:00,1021589.2507013
2019-10-20 00:00:00,749654.197106282
2019-10-23 00:00:00,1334525.53652092
2019-10-26 00:00:00,1004810.11591243
2019-10-29 00:00:00,1501770.91055353
2019-11-01 00:00:00,1253351.67495788
2019-11-04 00:00:00,949576.10641267
2019-11-07 00:00:00,1374073.7597232
2019-11-10 00:00:00,685311.161110266
2019-11-13 00:00:00,1331117.80907882
2019-11-16 00:00:00,695082.440087727
2019-11-19 00:00:00,956827.203341185
2019-11-22 00:00:00,1573304.8749851
2019-11-25 00:00:00,1316525.8036636
2019-11-28 00:00:00,764888.006758807
2019-12-01 00:00:00,680284.709231954
2019-12-04 00:00:00,2329577.92166183
2019-12-07 00:00:00,957054.855731875
2019-12-10 00:00:00,1148974.68743132
2019-12-13 00:00:00,720319.254325102
2019-12-16 00:00:00,767656.100771835
2019-12-19 00:00:00,1004379.59851356
2019-12-22 00:00:00,759089.242038868
2019-12-25 00:00:00,596758.284247587
2019-12-28 00:00:00,685635.28338299
2019-12-31 00:00:00,724804.399888533
2020-01-03 00:00:00,1018828.76058016
2020-01-06 00:00:00,1097641.31609541
2020-01-09 00:00:00,1209651.56106412
2020-01-12 00:00:00,501745.460117209
2020-01-15 00:00:00,1601482.10270927
2020-01-18 00:00:00,505653.627783496
2020-01-21 00:00:00,668118.808808229
2020-01-24 00:00:00,692891.838389828
2020-01-27 00:00:00,1509052.89676099
2020-01-30 00:00:00,1455372.46303862
2020-02-02 00:00:00,691971.371596464
2020-02-05 00:00:00,848648.943636921
2020-02-08 00:00:00,784928.205700718
2020-02-11 00:00:00,1020598.51056751
2020-02-14 00:00:00,1047777.68508166
2020-02-17 00:00:00,1301221.59710378
2020-02-20 00:00:00,1043971.92662019
2020-02-23 00:00:00,668882.618561738
2020-02-26 00:00:00,880402.429954982
2020-02-29 00:00:00,639925.705792698
2020-03-03 00:00:00,791229.948857447
2020-03-06 00:00:00,949234.972177108
2020-03-09 00:00:00,1226807.32045707
2020-03-12 00:00:00,2351186.61606329
2020-03-15 00:00:00,862960.829447834
2020-03-18 00:00:00,1147969.2955905
2020-03-21 00:00:00,704149.868179415
2020-03-24 00:00:00,1396119.81296503
2020-03-27 00:00:00,1048145.48685929
2020-03-30 00:00:00,1013898.91882692
2020-04-02 00:00:00,1011879.94230324
2020-04-05 00:00:00,553256.754269757
2020-04-08 00:00:00,760551.781891682
2020-04-11 00:00:00,608915.365841462
2020-04-14 00:00:00,773028.957715486
2020-04-17 00:00:00,945920.019087213
2020-04-20 00:00:00,839780.608285255
2020-04-23 00:00:00,924532.437602299
2020-04-26 00:00:00,523828.657864635
2020-04-29 00:00:00,1797174.1981907
2020-05-02 00:00:00,551345.643588245
2020-05-05 00:00:00,1091229.69871237
2020-05-08 00:00:00,1326677.95960725
2020-05-11 00:00:00,1165274.92614542
2020-05-14 00:00:00,1138602.39322196
2020-05-17 00:00:00,587798.415081619
2020-05-20 00:00:00,1085395.61863261
2020-05-23 00:00:00,556030.768258092
2020-05-26 00:00:00,952761.581576603
2020-05-29 00:00:00,1047675.48051426
2020-06-01 00:00:00,1253496.17612293
2020-06-04 00:00:00,1152648.34209259
2020-06-07 00:00:00,452165.291612093
2020-06-10 00:00:00,1195978.12128421
2020-06-13 00:00:00,582211.681689125
2020-06-16 00:00:00,1354151.1693022
2020-06-19 00:00:00,1446849.25137761
2020-06-22 00:00:00,962617.166341449
2020-06-25 00:00:00,1187885.16995811
2020-06-28 00:00:00,683500.705868015
2020-07-01 00:00:00,1085316.16279451
2020-07-04 00:00:00,676450.563713943
2020-07-07 00:00:00,992282.946751971
2020-07-10 00:00:00,969619.359678852
2020-07-13 00:00:00,1223910.64205352
2020-07-16 00:00:00,984626.116643764
2020-07-19 00:00:00,651373.590622766
2020-07-22 00:00:00,954797.572798298
2020-07-25 00:00:00,791995.338359226
2020-07-28 00:00:00,1269990.75861043
2020-07-31 00:00:00,1014392.20306478
2020-08-03 00:00:00,1131415.83019561
2020-08-06 00:00:00,1194659.24607117
2020-08-09 00:00:00,698476.612509977
2020-08-12 00:00:00,976274.057328136
2020-08-15 00:00:00,1432177.73151402
2020-08-18 00:00:00,2076963.08785902
2020-08-21 00:00:00,1495713.7528094356
2020-08-24 00:00:00,1864226.3705456883
2020-08-27 00:00:00,2013412.4446154772
2020-08-30 00:00:00,1753307.7044367052
2020-09-02 00:00:00,2306329.287014456
2020-09-05 00:00:00,2428545.247330027
2020-09-08 00:00:00,2703153.939851396
2020-09-11 00:00:00,3130284.862982855
2020-09-14 00:00:00,2762366.3035074216
2020-09-17 00:00:00,4143516.666677047
2020-09-20 00:00:00,2360008.569287177
2020-09-23 00:00:00,2652893.3213329725
2020-09-26 00:00:00,2385729.1863269415