Timestamp,total-bitcoins
2009-01-03 18:15:05,50
2009-01-14 06:43:35,21100
2009-01-17 20:25:30,42150
2009-01-21 14:26:49,63200
2009-01-25 01:13:12,84250
2009-01-28 10:43:13,105300
2009-01-31 20:59:05,126450
2009-02-04 05:13:11,147500
2009-02-07 14:39:02,168550
2009-02-10 21:10:50,189600
2009-02-14 04:57:59,210700
2009-02-17 14:02:09,231750
2009-02-21 01:46:01,252800
2009-02-24 19:01:50,273850
2009-02-28 17:17:03,294900
2009-03-04 17:21:28,316000
2009-03-08 12:49:59,337350
2009-03-12 10:32:53,358850
2009-03-16 01:55:51,380000
2009-03-19 16:07:11,401150
2009-03-23 17:28:26,422500
2009-03-27 11:17:31,443650
2009-03-31 03:34:12,464750
2009-04-04 07:47:04,488400
2009-04-08 00:24:13,509550
2009-04-11 22:50:28,530750
2009-04-15 14:06:37,551900
2009-04-19 02:50:05,573100
2009-04-22 14:59:22,594200
2009-04-26 16:06:30,615750
2009-04-30 06:43:24,637000
2009-05-03 18:49:30,658200
2009-05-07 05:58:12,680550
2009-05-11 13:56:50,702100
2009-05-14 22:44:04,723400
2009-05-18 10:35:45,745300
2009-05-23 20:31:24,767000
2009-05-27 19:17:07,789300
2009-06-01 01:02:40,810950
2009-06-08 10:21:24,832150
2009-06-13 10:10:59,853500
2009-06-18 23:36:11,874900
2009-06-24 10:54:22,896900
2009-06-30 05:57:47,919200
2009-07-05 07:53:17,940350
2009-07-10 18:44:26,961750
2009-07-17 00:45:41,983850
2009-07-24 13:34:08,1006150
2009-08-05 09:13:47,1027700
2009-08-10 11:39:01,1049800
2009-08-21 05:27:25,1071550
2009-08-31 04:13:15,1093550
2009-09-06 06:58:50,1115350
2009-09-12 18:52:36,1137250
2009-09-19 00:45:05,1159300
2009-09-25 11:39:21,1180500
2009-09-30 13:58:57,1202850
2009-10-07 19:41:33,1225500
2009-10-14 11:31:09,1248050
2009-10-20 01:38:23,1269550
2009-10-25 06:35:49,1291200
2009-11-01 19:47:58,1312300
2009-11-08 22:59:00,1333350
2009-11-14 19:45:49,1354400
2009-11-19 14:55:30,1375450
2009-11-24 08:04:42,1396650
2009-11-29 19:45:42,1417700
2009-12-05 19:29:39,1439050
2009-12-09 22:18:35,1460150
2009-12-13 18:39:51,1481200
2009-12-17 07:44:58,1502250
2009-12-19 09:12:21,1523500
2009-12-21 15:58:50,1544600
2009-12-24 08:12:52,1565700
2009-12-26 23:56:18,1586800
2009-12-29 19:41:26,1608600
2010-01-02 01:12:53,1631250
2010-01-04 19:48:29,1654050
2010-01-07 04:11:18,1675150
2010-01-09 22:50:43,1696300
2010-01-12 10:42:09,1717550
2010-01-15 05:37:07,1738700
2010-01-18 09:02:19,1759800
2010-01-21 10:30:25,1781000
2010-01-24 03:41:34,1802050
2010-01-26 09:41:59,1823200
2010-01-28 19:44:30,1844450
2010-01-30 22:43:13,1865600
2010-02-02 11:40:15,1886850
2010-02-04 08:07:26,1908350
2010-02-06 04:45:51,1929450
2010-02-08 07:14:47,1950750
2010-02-10 12:23:44,1972000
2010-02-12 21:11:31,1993200
2010-02-14 19:46:11,2014400
2010-02-17 01:59:38,2035650
2010-02-19 00:01:26,2057000
2010-02-21 01:55:22,2078450
2010-02-22 21:43:32,2099600
2010-02-24 21:30:56,2121150
2010-02-27 12:55:34,2142500
2010-03-01 21:58:40,2163600
2010-03-04 08:18:15,2184850
2010-03-06 17:58:48,2206250
2010-03-09 11:08:11,2227450
2010-03-12 12:32:17,2248500
2010-03-15 16:16:06,2269850
2010-03-18 18:54:44,2291150
2010-03-21 07:23:47,2312300
2010-03-23 14:55:18,2333700
2010-03-25 21:07:55,2354800
2010-03-28 03:32:34,2376050
2010-03-30 10:01:03,2398250
2010-04-01 18:16:36,2421550
2010-04-04 09:37:32,2442750
2010-04-07 01:27:01,2464050
2010-04-09 07:37:57,2485300
2010-04-11 05:33:13,2506750
2010-04-13 06:24:02,2528350
2010-04-15 11:31:36,2549500
2010-04-17 12:09:42,2570850
2010-04-19 09:17:23,2592500
2010-04-21 07:07:02,2614150
2010-04-23 19:43:31,2635500
2010-04-26 10:49:54,2656850
2010-04-28 21:46:59,2678250
2010-05-01 16:53:42,2699800
2010-05-04 09:16:36,2721450
2010-05-07 10:07:47,2742750
2010-05-10 10:32:39,2764300
2010-05-13 23:02:55,2785750
2010-05-17 17:22:29,2807350
2010-05-20 07:20:51,2829050
2010-05-22 15:08:07,2850800
2010-05-24 18:34:50,2872500
2010-05-26 19:17:25,2894200
2010-05-28 21:23:24,2915900
2010-05-31 12:35:42,2937400
2010-06-03 13:23:39,2958900
2010-06-06 13:07:22,2980400
2010-06-09 08:24:10,3002100
2010-06-11 23:02:41,3023800
2010-06-14 19:58:28,3045700
2010-06-17 11:13:11,3067050
2010-06-20 07:29:05,3088350
2010-06-22 22:35:18,3110500
2010-06-25 11:11:54,3132200
2010-06-28 04:29:26,3154050
2010-06-30 18:02:56,3175650
2010-07-03 01:04:29,3197450
2010-07-05 07:59:45,3218900
2010-07-07 23:14:49,3240700
2010-07-10 08:53:13,3262200
2010-07-12 08:15:27,3284200
2010-07-12 23:57:33,3310400
2010-07-13 15:03:42,3334250
2010-07-14 09:59:42,3356550
2010-07-15 04:50:22,3379500
2010-07-15 20:56:52,3401850
2010-07-16 14:13:55,3423700
2010-07-18 16:05:49,3445100
2010-07-21 03:00:23,3466600
2010-07-23 09:30:07,3488350
2010-07-25 13:00:38,3509800
2010-07-27 10:07:46,3531450
2010-07-30 02:10:11,3553250
2010-08-01 06:04:04,3574500
2010-08-02 23:44:18,3595800
2010-08-04 19:41:58,3617050
2010-08-07 01:48:59,3638350
2010-08-09 09:53:05,3659700
2010-08-11 12:46:29,3681100
2010-08-13 10:38:38,3702250
2010-08-15 02:25:53,3723450
2010-08-17 19:07:52,3744600
2010-08-20 16:25:33,3765800
2010-08-22 21:11:04,3786850
2010-08-24 21:05:59,3808000
2010-08-26 20:32:56,3829250
2010-08-29 07:31:17,3850800
2010-08-31 21:40:22,3872000
2010-09-03 14:29:22,3893250
2010-09-06 02:02:42,3914400
2010-09-08 19:56:58,3935900
2010-09-11 10:36:47,3957150
2010-09-13 21:58:33,3978300
2010-09-16 03:09:08,3999350
2010-09-18 03:34:31,4020700
2010-09-20 02:35:54,4041900
2010-09-22 08:24:58,4063050
2010-09-24 08:30:29,4084150
2010-09-26 07:31:57,4105250
2010-09-28 07:07:08,4126800
2010-09-30 17:52:09,4147950
2010-10-04 01:19:27,4169100
2010-10-06 22:04:13,4190350
2010-10-09 14:18:06,4211500
2010-10-12 02:01:29,4232650
2010-10-14 14:27:18,4253950
2010-10-16 15:09:58,4275250
2010-10-18 05:25:16,4296700
2010-10-19 22:11:16,4318050
2010-10-21 18:07:06,4339550
2010-10-24 08:55:46,4361200
2010-10-26 08:56:13,4382500
2010-10-28 06:10:47,4403800
2010-10-30 04:10:22,4425050
2010-11-01 04:30:52,4446450
2010-11-03 12:37:54,4467650
2010-11-05 15:01:29,4489050
2010-11-07 12:54:15,4510300
2010-11-09 03:57:24,4531500
2010-11-11 04:17:11,4552650
2010-11-13 09:31:14,4574000
2010-11-15 05:24:07,4595650
2010-11-17 07:09:26,4617100
2010-11-18 23:39:15,4638650
2010-11-22 01:40:10,4659950
2010-11-24 16:57:10,4681300
2010-11-27 01:18:59,4702600
2010-11-29 11:00:36,4723850
2010-12-01 15:51:49,4745450
2010-12-03 20:15:54,4766700
2010-12-05 16:12:53,4788200
2010-12-07 13:15:27,4809700
2010-12-09 05:33:59,4830950
2010-12-11 16:27:24,4852200
2010-12-14 08:09:43,4873600
2010-12-16 18:23:15,4895600
2010-12-19 08:43:49,4917050
2010-12-21 16:15:28,4938400
2010-12-24 12:58:39,4960000
2010-12-27 07:15:09,4981100
2010-12-29 20:03:27,5002550
2011-01-01 09:08:10,5023850
2011-01-03 20:07:12,5045150
2011-01-06 17:42:54,5066300
2011-01-09 08:31:35,5087500
2011-01-11 22:27:00,5108850
2011-01-14 08:30:03,5130200
2011-01-16 19:52:59,5151550
2011-01-19 10:27:52,5172750
2011-01-21 20:01:43,5194250
2011-01-24 09:08:51,5215550
2011-01-26 18:29:33,5236700
2011-01-29 11:17:15,5257950
2011-02-01 01:09:42,5279100
2011-02-03 18:11:13,5300450
2011-02-06 01:27:58,5321700
2011-02-08 06:12:58,5342950
2011-02-10 15:44:27,5364150
2011-02-12 19:42:36,5385200
2011-02-14 23:33:46,5406350
2011-02-16 20:59:52,5427550
2011-02-18 18:13:41,5448900
2011-02-21 01:47:42,5470100
2011-02-23 03:52:17,5491400
2011-02-25 01:31:35,5512550
2011-02-26 18:23:16,5533600
2011-02-28 15:41:35,5554750
2011-03-03 10:34:25,5575950
2011-03-05 09:20:18,5597000
2011-03-06 21:26:37,5618150
2011-03-08 23:27:19,5639350
2011-03-12 02:59:46,5660600
2011-03-15 18:33:29,5681850
2011-03-18 19:54:57,5702900
2011-03-22 03:01:02,5724200
2011-03-25 02:10:34,5745500
2011-03-27 21:09:47,5766800
2011-03-30 12:56:01,5787950
2011-04-01 21:00:00,5809450
2011-04-04 05:55:56,5830900
2011-04-06 19:13:38,5852900
2011-04-09 11:19:06,5874050
2011-04-12 01:54:53,5895350
2011-04-14 11:07:20,5916450
2011-04-17 04:32:15,5937700
2011-04-19 20:40:28,5958850
2011-04-22 14:15:22,5979900
2011-04-25 02:42:40,6001050
2011-04-27 06:00:39,6022150
2011-04-29 13:39:20,6043200
2011-05-01 20:36:33,6064400
2011-05-04 01:14:27,6085550
2011-05-06 01:50:08,6106700
2011-05-08 00:59:00,6127850
2011-05-09 22:05:33,6149100
2011-05-12 04:14:14,6170400
2011-05-14 06:47:32,6191500
2011-05-16 02:37:48,6212600
2011-05-17 19:35:56,6233700
2011-05-19 14:06:45,6254800
2011-05-21 13:43:41,6276050
2011-05-23 06:18:11,6297150
2011-05-24 16:41:15,6318350
2011-05-26 01:45:53,6339450
2011-05-27 20:40:49,6360500
2011-05-30 11:20:10,6381650
2011-06-02 00:23:40,6402850
2011-06-04 03:34:23,6423950
2011-06-06 01:43:44,6445050
2011-06-08 06:04:01,6466150
2011-06-10 06:20:59,6487250
2011-06-12 00:21:09,6508300
2011-06-13 20:15:59,6529450
2011-06-15 11:29:07,6550550
2011-06-17 13:58:35,6571600
2011-06-19 14:30:45,6592650
2011-06-21 10:03:01,6613700
2011-06-23 02:25:08,6635050
2011-06-24 21:56:46,6656100
2011-06-27 15:23:21,6677150
2011-06-30 05:07:00,6698200
2011-07-02 12:21:32,6719300
2011-07-05 01:28:22,6740400
2011-07-08 00:13:40,6761450
2011-07-10 19:42:35,6782500
2011-07-13 11:33:06,6803600
2011-07-16 02:44:22,6824650
2011-07-18 17:49:30,6845800
2011-07-21 12:05:25,6866900
2011-07-24 06:56:03,6887950
2011-07-26 20:22:20,6909100
2011-07-29 07:55:38,6930200
2011-07-31 23:11:51,6951500
2011-08-03 14:37:20,6972800
2011-08-06 19:41:55,6994150
2011-08-10 00:23:09,7015650
2011-08-13 02:37:37,7037550
2011-08-16 10:53:03,7058950
2011-08-19 10:35:01,7080600
2011-08-22 07:05:21,7102500
2011-08-25 05:34:23,7124300
2011-08-28 12:12:00,7145550
2011-08-31 11:49:53,7166800
2011-09-03 11:00:25,7188250
2011-09-06 10:48:56,7209550
2011-09-09 13:21:48,7231400
2011-09-12 17:45:26,7253050
2011-09-15 18:41:53,7275050
2011-09-18 21:56:11,7296650
2011-09-21 23:49:33,7317850
2011-09-25 02:27:47,7339400
2011-09-28 06:50:09,7360850
2011-10-01 14:42:40,7382050
2011-10-04 20:38:47,7403650
2011-10-08 03:16:54,7425850
2011-10-11 19:23:20,7447200
2011-10-15 09:24:37,7468650
2011-10-18 22:45:24,7490200
2011-10-22 11:41:15,7511500
2011-10-26 03:46:54,7532800
2011-10-30 00:42:43,7553900
2011-11-02 06:06:54,7575150
2011-11-05 06:52:15,7596550
2011-11-08 10:25:41,7618800
2011-11-11 11:25:24,7641000
2011-11-14 15:56:05,7663000
2011-11-17 13:13:43,7684200
2011-11-20 17:14:17,7705500
2011-11-24 01:59:20,7727700
2011-11-27 15:51:24,7749050
2011-11-30 21:09:47,7771450
2011-12-03 18:43:39,7795000
2011-12-06 19:25:19,7818150
2011-12-09 17:59:10,7840200
2011-12-12 17:16:10,7861900
2011-12-15 22:25:04,7883250
2011-12-19 04:12:42,7905400
2011-12-22 06:04:00,7927550
2011-12-25 08:37:26,7950300
2011-12-28 02:16:36,7973200
2011-12-31 04:08:43,7995600
2012-01-03 02:19:12,8017850
2012-01-06 01:06:55,8040150
2012-01-08 13:45:45,8062250
2012-01-11 14:00:17,8084950
2012-01-14 15:49:14,8108300
2012-01-17 14:34:20,8131250
2012-01-20 17:33:03,8153050
2012-01-23 11:33:23,8175100
2012-01-26 17:23:32,8198100
2012-01-29 15:27:25,8220150
2012-02-01 09:24:44,8242000
2012-02-04 05:47:26,8264000
2012-02-07 03:59:18,8285700
2012-02-10 05:26:20,8307400
2012-02-13 04:27:04,8329250
2012-02-16 07:29:50,8350750
2012-02-19 03:34:18,8372700
2012-02-22 05:02:35,8394350
2012-02-24 22:27:15,8415850
2012-02-27 20:07:15,8438800
2012-03-01 12:33:54,8460700
2012-03-04 19:24:14,8482350
2012-03-07 20:54:27,8504600
2012-03-10 14:59:16,8527000
2012-03-13 14:40:11,8549500
2012-03-16 18:55:19,8571650
2012-03-19 13:18:30,8594050
2012-03-22 12:29:03,8617150
2012-03-25 10:03:17,8640050
2012-03-28 10:18:57,8662900
2012-03-31 10:36:53,8685550
2012-04-03 16:50:03,8708000
2012-04-07 03:50:32,8730250
2012-04-10 06:29:38,8752550
2012-04-13 12:20:41,8775000
2012-04-16 23:09:52,8797000
2012-04-20 01:07:37,8818900
2012-04-23 04:40:38,8842600
2012-04-26 13:16:31,8865350
2012-04-29 13:26:52,8888100
2012-05-02 03:03:14,8910200
2012-05-04 22:45:54,8932250
2012-05-07 15:22:58,8954600
2012-05-10 06:49:58,8977150
2012-05-13 14:02:18,8998950
2012-05-16 23:18:37,9021050
2012-05-20 02:39:28,9042450
2012-05-23 10:59:56,9064000
2012-05-26 21:04:20,9085800
2012-05-29 22:03:18,9107650
2012-06-02 03:28:28,9130150
2012-06-05 01:05:36,9152600
2012-06-08 01:19:18,9174750
2012-06-10 19:45:18,9196950
2012-06-13 18:39:54,9219350
2012-06-16 17:36:28,9242050
2012-06-19 09:41:49,9265100
2012-06-22 18:13:33,9287500
2012-06-25 14:31:01,9309250
2012-06-28 13:53:57,9331250
2012-07-01 16:37:19,9352950
2012-07-04 14:28:52,9375450
2012-07-07 13:25:03,9397750
2012-07-10 09:07:58,9420200
2012-07-13 10:46:55,9442600
2012-07-16 10:20:44,9465850
2012-07-19 05:29:00,9488150
2012-07-22 08:20:01,9510200
2012-07-25 07:58:55,9533100
2012-07-28 02:37:58,9556500
2012-07-30 22:34:17,9579850
2012-08-03 04:51:34,9603250
2012-08-06 02:30:31,9625700
2012-08-08 23:40:18,9648050
2012-08-11 18:23:26,9670600
2012-08-14 15:33:02,9693700
2012-08-17 11:44:19,9716250
2012-08-20 08:38:16,9739000
2012-08-23 01:09:18,9761850
2012-08-26 01:09:22,9784500
2012-08-28 23:42:59,9807650
2012-08-31 23:35:38,9830750
2012-09-03 17:10:13,9853250
2012-09-06 12:59:00,9876800
2012-09-09 13:24:49,9899850
2012-09-12 15:31:48,9922950
2012-09-15 18:28:01,9946450
2012-09-18 16:10:56,9970300
2012-09-21 18:18:28,9993700
2012-09-24 17:23:20,10017250
2012-09-27 20:54:21,10040250
2012-09-30 22:16:11,10064900
2012-10-04 08:42:46,10088500
2012-10-07 21:49:14,10112700
2012-10-10 20:24:03,10135850
2012-10-14 00:11:43,10158650
2012-10-17 02:29:10,10181850
2012-10-20 07:09:54,10205250
2012-10-23 06:15:36,10228650
2012-10-26 10:03:53,10251600
2012-10-29 08:04:02,10276400
2012-11-01 16:00:07,10300150
2012-11-04 19:38:47,10323750
2012-11-08 00:40:04,10347900
2012-11-11 03:00:24,10370900
2012-11-14 10:16:41,10394000
2012-11-17 16:38:09,10417100
2012-11-20 22:50:51,10440750
2012-11-23 22:43:10,10463800
2012-11-26 23:26:12,10486650
2012-11-29 19:40:13,10504875
2012-12-03 01:17:22,10516750
2012-12-06 15:27:09,10528350
2012-12-10 01:43:58,10539650
2012-12-13 10:11:20,10551325
2012-12-17 07:01:20,10562175
2012-12-20 17:02:50,10573050
2012-12-24 01:51:29,10584275
2012-12-27 07:22:58,10595575
2012-12-30 05:18:51,10606675
2013-01-01 21:47:17,10617825
2013-01-04 18:35:17,10628775
2013-01-07 16:51:08,10639775
2013-01-10 18:04:46,10650750
2013-01-14 06:50:15,10661650
2013-01-17 14:58:49,10672650
2013-01-20 22:52:01,10683725
2013-01-24 04:57:36,10694725
2013-01-27 04:50:36,10705800
2013-01-30 02:40:02,10716875
2013-02-01 20:08:31,10728250
2013-02-04 11:59:57,10739225
2013-02-07 08:17:22,10750400
2013-02-10 05:36:25,10761325
2013-02-13 03:08:00,10772475
2013-02-15 17:02:08,10783275
2013-02-18 01:29:42,10794250
2013-02-20 17:24:02,10805225
2013-02-23 04:16:49,10816050
2013-02-25 16:11:15,10826925
2013-02-28 02:41:48,10837825
2013-03-02 20:45:04,10848600
2013-03-05 13:55:02,10859500
2013-03-08 07:54:37,10870225
2013-03-10 20:44:02,10881025
2013-03-13 16:55:12,10891775
2013-03-16 05:29:50,10902625
2013-03-18 10:48:45,10913450
2013-03-20 17:10:00,10924225
2013-03-22 16:11:08,10935200
2013-03-24 15:50:04,10945925
2013-03-27 15:36:15,10956600
2013-03-30 03:09:11,10967300
2013-04-01 12:04:22,10977975
2013-04-03 22:36:09,10988825
2013-04-06 16:14:02,10999600
2013-04-09 06:15:41,11010225
2013-04-11 17:10:20,11020950
2013-04-14 07:11:34,11031550
2013-04-16 19:57:49,11042275
2013-04-19 16:20:12,11053050
2013-04-22 07:16:50,11063700
2013-04-24 22:21:44,11074375
2013-04-27 10:25:12,11085050
2013-04-30 00:14:38,11095700
2013-05-02 23:20:23,11106375
2013-05-05 18:40:06,11117050
2013-05-08 07:15:10,11127725
2013-05-10 20:53:43,11138350
2013-05-13 06:33:39,11149050
2013-05-16 02:36:58,11159800
2013-05-18 22:18:49,11170450
2013-05-21 21:00:21,11181075
2013-05-24 08:52:39,11191675
2013-05-26 23:51:44,11202350
2013-05-29 13:12:51,11213075
2013-05-31 23:18:48,11223725
2013-06-03 01:39:25,11234575
2013-06-05 03:37:46,11245450
2013-06-07 15:18:40,11256125
2013-06-10 02:34:13,11266950
2013-06-12 12:26:52,11277825
2013-06-14 19:04:41,11288400
2013-06-17 03:51:08,11299125
2013-06-20 04:14:18,11309700
2013-06-22 18:02:36,11320275
2013-06-25 10:23:32,11330900
2013-06-27 22:02:28,11341450
2013-06-30 11:54:34,11352075
2013-07-03 05:26:32,11362775
2013-07-05 15:30:59,11373475
2013-07-07 21:21:09,11384200
2013-07-10 04:18:37,11394800
2013-07-12 13:56:25,11405450
2013-07-15 05:34:41,11416100
2013-07-17 19:31:20,11426900
2013-07-20 08:03:13,11437825
2013-07-22 14:59:59,11448525
2013-07-25 11:21:43,11459225
2013-07-28 01:07:50,11470050
2013-07-30 11:46:38,11480800
2013-08-01 18:26:21,11491550
2013-08-04 02:42:22,11502150
2013-08-06 11:26:07,11513000
2013-08-08 16:20:34,11523675
2013-08-10 19:59:30,11534400
2013-08-12 17:16:14,11545050
2013-08-15 07:41:28,11556300
2013-08-17 18:27:50,11567075
2013-08-20 02:19:48,11577975
2013-08-22 07:52:29,11588950
2013-08-24 10:58:15,11599700
2013-08-27 03:13:50,11610425
2013-08-29 11:45:48,11621000
2013-08-31 15:09:04,11631750
2013-09-02 11:50:48,11642425
2013-09-04 19:33:52,11653175
2013-09-07 08:30:34,11664125
2013-09-09 20:04:03,11674800
2013-09-12 00:36:35,11685575
2013-09-14 02:23:37,11696325
2013-09-16 08:35:20,11707275
2013-09-18 23:18:53,11718050
2013-09-21 05:51:32,11728875
2013-09-23 07:56:04,11739600
2013-09-25 10:00:14,11750650
2013-09-27 21:38:46,11761600
2013-09-30 10:45:17,11772425
2013-10-02 23:01:36,11783875
2013-10-05 06:25:08,11794900
2013-10-07 11:51:50,11805650
2013-10-10 02:05:24,11816650
2013-10-12 09:22:51,11827575
2013-10-14 08:52:10,11838950
2013-10-16 03:41:14,11850000
2013-10-18 12:15:06,11860925
2013-10-20 15:26:52,11872225
2013-10-22 14:57:22,11883325
2013-10-24 16:13:01,11894275
2013-10-26 15:53:00,11905325
2013-10-29 03:57:28,11916150
2013-10-31 11:30:26,11927300
2013-11-02 15:06:46,11938050
2013-11-04 20:08:52,11949000
2013-11-07 10:39:59,11959825
2013-11-10 11:36:27,11970575
2013-11-12 19:24:59,11981675
2013-11-15 08:18:31,11992800
2013-11-17 17:55:50,12004175
2013-11-20 11:33:23,12015050
2013-11-23 04:46:31,12026050
2013-11-25 20:23:48,12037275
2013-11-28 12:05:53,12048475
2013-12-01 00:18:48,12059525
2013-12-03 10:40:49,12070650
2013-12-06 00:58:05,12081950
2013-12-08 08:06:34,12093325
2013-12-10 14:11:44,12104450
2013-12-13 06:08:25,12115525
2013-12-15 16:36:18,12126700
2013-12-18 00:43:33,12138225
2013-12-20 03:45:46,12149575
2013-12-22 17:48:53,12160425
2013-12-25 10:14:13,12171625
2013-12-27 21:40:52,12182600
2013-12-30 14:34:35,12193775
2014-01-02 00:11:21,12205050
2014-01-05 01:09:04,12216150
2014-01-07 09:21:48,12227375
2014-01-09 19:00:29,12238525
2014-01-12 00:24:52,12249825
2014-01-14 10:45:03,12260925
2014-01-16 21:56:40,12271950
2014-01-19 13:15:03,12282875
2014-01-22 02:11:20,12294250
2014-01-24 12:33:14,12305875
2014-01-27 10:39:47,12317475
2014-01-30 06:03:56,12328825
2014-02-01 15:38:13,12339975
2014-02-04 02:14:45,12351100
2014-02-06 20:02:11,12362725
2014-02-09 12:48:33,12374075
2014-02-12 08:53:28,12385300
2014-02-14 21:26:01,12396875
2014-02-17 10:25:17,12408475
2014-02-20 02:58:52,12420100
2014-02-22 21:14:00,12431775
2014-02-25 12:06:53,12443450
2014-02-28 03:55:19,12455350
2014-03-03 04:06:09,12467050
2014-03-06 06:42:35,12478775
2014-03-09 01:30:32,12490675
2014-03-11 21:57:24,12502350
2014-03-14 19:31:39,12513925
2014-03-17 13:18:33,12525625
2014-03-20 10:10:13,12536775
2014-03-23 02:07:39,12548525
2014-03-25 13:18:47,12560175
2014-03-28 07:14:37,12571675
2014-03-31 03:34:58,12583150
2014-04-02 16:44:36,12594725
2014-04-04 23:52:39,12606250
2014-04-08 00:30:00,12618125
2014-04-11 03:57:19,12629875
2014-04-13 16:57:46,12641175
2014-04-16 08:40:38,12653225
2014-04-19 07:18:16,12664975
2014-04-22 01:41:25,12676900
2014-04-25 01:26:28,12688750
2014-04-27 20:27:06,12700700
2014-04-30 21:28:50,12712500
2014-05-03 21:20:18,12724425
2014-05-06 19:23:45,12735825
2014-05-09 18:01:47,12747675
2014-05-12 11:34:43,12759225
2014-05-15 08:04:05,12770875
2014-05-18 01:39:43,12782500
2014-05-20 19:22:39,12794425
2014-05-23 13:39:25,12806050
2014-05-26 10:11:27,12817550
2014-05-29 09:04:12,12828825
2014-06-01 06:00:25,12839900
2014-06-03 17:08:11,12851200
2014-06-06 12:36:38,12862525
2014-06-09 14:04:36,12873750
2014-06-12 11:38:38,12885400
2014-06-15 04:04:16,12897075
2014-06-17 15:42:27,12908625
2014-06-20 10:07:44,12920050
2014-06-22 20:57:08,12931625
2014-06-25 08:40:06,12943025
2014-06-27 21:34:03,12954400
2014-06-30 18:48:00,12966025
2014-07-03 23:51:46,12977025
2014-07-06 21:59:23,12988225
2014-07-09 21:04:41,12999725
2014-07-12 20:58:28,13011350
2014-07-15 22:16:31,13022600
2014-07-18 17:34:12,13034075
2014-07-21 11:26:20,13045400
2014-07-24 13:00:44,13056700
2014-07-27 12:42:51,13067975
2014-07-30 15:50:16,13079825
2014-08-02 14:36:28,13091525
2014-08-05 19:10:57,13102875
2014-08-08 16:22:08,13114250
2014-08-11 07:59:11,13125900
2014-08-14 01:29:31,13137425
2014-08-16 16:41:30,13148625
2014-08-19 08:30:43,13160600
2014-08-22 00:32:38,13172000
2014-08-25 00:11:47,13183500
2014-08-27 20:32:17,13194700
2014-08-30 13:39:21,13206275
2014-09-02 07:29:13,13217775
2014-09-05 06:31:50,13229550
2014-09-08 03:36:32,13241050
2014-09-11 06:32:35,13252550
2014-09-13 21:55:09,13264000
2014-09-16 18:40:34,13275525
2014-09-19 06:59:34,13286850
2014-09-21 23:54:33,13298375
2014-09-24 23:17:17,13310025
2014-09-28 00:05:53,13321325
2014-10-01 03:58:47,13332475
2014-10-04 08:07:13,13343725
2014-10-07 02:15:21,13355100
2014-10-10 05:57:49,13366100
2014-10-13 05:28:49,13377525
2014-10-16 08:02:39,13388925
2014-10-19 07:51:25,13400150
2014-10-22 12:42:39,13411575
2014-10-25 09:51:00,13422625
2014-10-28 11:21:14,13433700
2014-10-31 06:40:30,13445000
2014-11-02 22:52:42,13456200
2014-11-05 20:13:07,13467675
2014-11-08 20:49:49,13479075
2014-11-11 23:17:20,13490075
2014-11-14 22:45:55,13501075
2014-11-18 00:36:18,13512300
2014-11-21 03:16:08,13523325
2014-11-24 07:14:23,13534450
2014-11-27 12:42:36,13545700
2014-11-30 11:36:14,13557000
2014-12-03 18:01:30,13568150
2014-12-06 19:01:48,13579450
2014-12-10 00:59:09,13590875
2014-12-13 04:53:30,13602225
2014-12-16 10:35:52,13613725
2014-12-19 21:11:30,13625125
2014-12-23 02:15:34,13636725
2014-12-25 22:27:27,13647725
2014-12-28 18:47:31,13658925
2014-12-31 18:13:40,13670575
2015-01-03 10:47:45,13681775
2015-01-06 08:52:16,13693350
2015-01-09 11:00:05,13704750
2015-01-12 11:58:41,13716050
2015-01-15 18:24:28,13727175
2015-01-18 20:17:56,13738525
2015-01-22 02:34:21,13749850
2015-01-25 15:13:01,13761000
2015-01-28 20:33:20,13772575
2015-01-31 21:30:12,13784325
2015-02-03 22:31:28,13795675
2015-02-06 18:07:48,13807025
2015-02-09 18:40:09,13818575
2015-02-12 20:09:10,13829650
2015-02-15 19:57:57,13840650
2015-02-18 17:40:44,13851950
2015-02-21 15:08:47,13863250
2015-02-24 18:14:18,13874425
2015-02-27 17:35:33,13885850
2015-03-02 20:37:31,13897125
2015-03-06 00:23:39,13908550
2015-03-09 00:57:48,13919675
2015-03-12 02:31:22,13931225
2015-03-15 07:50:47,13942175
2015-03-18 11:25:04,13953250
2015-03-21 16:11:52,13964500
2015-03-24 13:54:16,13975525
2015-03-27 08:33:32,13986700
2015-03-30 07:36:54,13997725
2015-04-02 09:42:45,14008950
2015-04-05 09:07:00,14020300
2015-04-08 16:22:27,14031675
2015-04-11 21:01:03,14042925
2015-04-14 22:32:16,14054000
2015-04-18 08:24:59,14065000
2015-04-21 08:20:21,14076400
2015-04-24 13:07:47,14087550
2015-04-27 14:03:09,14098550
2015-04-30 18:36:50,14109625
2015-05-03 21:30:01,14120900
2015-05-06 22:21:17,14132075
2015-05-10 04:31:04,14143325
2015-05-13 04:03:36,14154550
2015-05-16 04:14:35,14166025
2015-05-19 04:27:50,14177150
2015-05-22 07:32:45,14188200
2015-05-25 13:29:05,14199300
2015-05-28 18:58:49,14210350
2015-05-31 20:35:13,14221500
2015-06-03 22:37:34,14232400
2015-06-06 21:50:30,14243725
2015-06-09 20:03:25,14254800
2015-06-12 20:09:42,14266075
2015-06-15 21:46:25,14277550
2015-06-19 00:04:26,14288725
2015-06-22 05:31:46,14299725
2015-06-25 05:41:15,14310975
2015-06-28 07:41:56,14322175
2015-07-01 10:05:13,14333225
2015-07-04 09:43:38,14344275
2015-07-07 06:49:06,14355525
2015-07-10 07:34:07,14366525
2015-07-13 09:25:13,14377625
2015-07-16 07:55:37,14388525
2015-07-19 08:09:22,14399550
2015-07-22 10:02:58,14410650
2015-07-25 09:10:56,14422050
2015-07-28 09:42:38,14433450
2015-07-31 13:23:45,14444500
2015-08-03 12:46:22,14455700
2015-08-06 16:32:12,14466750
2015-08-09 16:12:27,14477725
2015-08-12 12:08:16,14488800
2015-08-15 15:41:43,14499775
2015-08-18 18:44:08,14510975
2015-08-21 15:39:34,14522075
2015-08-24 14:55:29,14533200
2015-08-27 17:22:28,14544500
2015-08-30 14:21:38,14555725
2015-09-02 14:46:01,14567100
2015-09-05 12:19:19,14578225
2015-09-08 13:53:31,14589325
2015-09-11 09:41:55,14600650
2015-09-14 08:50:50,14611750
2015-09-17 08:50:47,14622700
2015-09-20 16:45:02,14633950
2015-09-23 17:12:02,14645000
2015-09-26 16:36:33,14656325
2015-09-29 15:31:12,14667475
2015-10-02 16:50:27,14678675
2015-10-05 15:33:19,14689725
2015-10-08 19:02:23,14700875
2015-10-11 21:01:03,14712025
2015-10-14 23:56:27,14723100
2015-10-17 22:19:45,14734025
2015-10-21 00:12:46,14745275
2015-10-24 01:57:54,14756650
2015-10-26 23:52:48,14767850
2015-10-30 00:37:34,14778875
2015-11-01 18:46:22,14789825
2015-11-04 18:11:20,14801200
2015-11-07 15:15:14,14812100
2015-11-10 17:02:12,14823075
2015-11-13 10:30:03,14834075
2015-11-16 06:55:21,14845150
2015-11-19 06:01:23,14856600
2015-11-22 00:09:04,14867700
2015-11-24 16:09:35,14878575
2015-11-27 08:21:13,14889300
2015-11-30 09:18:07,14900275
2015-12-03 00:37:01,14911275
2015-12-05 21:59:14,14922525
2015-12-08 16:29:32,14933450
2015-12-10 23:15:40,14944350
2015-12-13 15:55:52,14955175
2015-12-16 02:30:24,14966075
2015-12-18 18:39:28,14976875
2015-12-21 12:07:50,14987850
2015-12-24 09:43:36,14998800
2015-12-27 04:02:27,15009850
2015-12-29 18:31:27,15020825
2016-01-01 15:26:58,15031675
2016-01-04 11:35:05,15042525
2016-01-07 08:50:45,15053425
2016-01-10 02:22:34,15064275
2016-01-12 13:28:13,15075000
2016-01-15 14:15:17,15085725
2016-01-18 09:56:33,15096300
2016-01-21 09:43:16,15106975
2016-01-23 23:01:58,15117700
2016-01-26 12:38:12,15128550
2016-01-29 06:59:32,15139350
2016-01-31 18:41:47,15150100
2016-02-03 07:22:06,15160975
2016-02-05 17:12:48,15171975
2016-02-08 02:31:03,15182825
2016-02-10 15:50:57,15193525
2016-02-13 02:51:51,15204325
2016-02-15 20:14:37,15215075
2016-02-18 15:23:09,15225725
2016-02-21 14:37:31,15236525
2016-02-24 23:28:21,15247200
2016-02-27 20:55:03,15257875
2016-03-02 00:27:00,15268625
2016-03-04 21:14:20,15279225
2016-03-07 16:37:57,15289775
2016-03-10 11:33:42,15300475
2016-03-13 07:31:00,15311050
2016-03-16 02:23:51,15321650
2016-03-19 02:24:16,15332275
2016-03-22 03:11:11,15342900
2016-03-25 00:45:02,15353600
2016-03-27 21:46:36,15364150
2016-03-30 13:25:19,15374725
2016-04-02 14:51:22,15385500
2016-04-05 10:20:44,15396200
2016-04-08 06:17:00,15406800
2016-04-10 21:45:06,15417400
2016-04-13 15:15:38,15428050
2016-04-16 11:52:19,15438700
2016-04-19 09:35:41,15449275
2016-04-22 04:12:25,15459850
2016-04-25 06:00:03,15470500
2016-04-28 08:28:30,15481225
2016-05-01 04:53:07,15491850
2016-05-03 23:49:27,15502500
2016-05-06 15:08:42,15513200
2016-05-09 06:29:57,15523825
2016-05-12 02:09:25,15534375
2016-05-15 00:28:52,15545100
2016-05-18 01:08:39,15555650
2016-05-21 01:17:22,15566325
2016-05-23 11:40:03,15576975
2016-05-26 13:06:43,15587600
2016-05-29 12:13:45,15598225
2016-06-01 17:49:41,15608875
2016-06-04 19:30:44,15619500
2016-06-07 12:03:38,15630075
2016-06-10 07:16:08,15640700
2016-06-13 02:43:59,15651300
2016-06-15 23:04:24,15661900
2016-06-18 18:52:25,15672475
2016-06-21 08:28:39,15683150
2016-06-24 10:38:37,15693800
2016-06-27 06:55:42,15704350
2016-06-30 04:32:50,15715100
2016-07-03 00:40:12,15725875
2016-07-05 22:25:19,15736625
2016-07-08 22:28:38,15747250
2016-07-11 18:39:09,15753950
2016-07-14 21:04:15,15759237.5
2016-07-17 17:58:29,15764537.5
2016-07-20 17:42:54,15769837.5
2016-07-23 22:29:07,15775125
2016-07-27 05:45:17,15780425
2016-07-30 09:33:47,15785762.5
2016-08-02 06:22:20,15791050
2016-08-04 22:22:37,15796325
2016-08-07 14:37:27,15801600
2016-08-10 11:24:24,15806887.5
2016-08-13 07:35:13,15812150
2016-08-16 00:43:35,15817437.5
2016-08-19 02:56:05,15822750
2016-08-21 20:11:27,15828050
2016-08-24 14:51:54,15833412.5
2016-08-27 17:57:28,15838737.5
2016-08-30 13:15:59,15844037.5
2016-09-02 10:39:24,15849350
2016-09-05 06:59:52,15854650
2016-09-08 04:40:13,15859950
2016-09-11 02:19:35,15865262.5
2016-09-13 17:33:36,15870612.5
2016-09-16 11:52:49,15875912.5
2016-09-19 08:23:18,15881175
2016-09-22 01:43:49,15886437.5
2016-09-24 23:11:43,15891775
2016-09-27 11:59:33,15897062.5
2016-09-30 08:57:06,15902337.5
2016-10-03 04:31:48,15907625
2016-10-05 20:19:02,15912900
2016-10-08 13:26:40,15918200
2016-10-11 10:16:48,15923487.5
2016-10-14 13:08:54,15928825
2016-10-17 17:41:41,15934112.5
2016-10-20 19:24:00,15939375
2016-10-23 13:50:37,15944637.5
2016-10-26 13:28:14,15949912.5
2016-10-29 08:44:02,15955200
2016-11-01 02:02:42,15960512.5
2016-11-04 00:56:53,15965775
2016-11-07 00:48:46,15971037.5
2016-11-09 19:58:14,15976325
2016-11-12 09:54:19,15981637.5
2016-11-15 00:19:30,15986912.5
2016-11-17 14:01:24,15992187.5
2016-11-20 13:46:50,15997462.5
2016-11-23 14:04:21,16002775
2016-11-26 09:34:44,16008087.5
2016-11-29 02:36:15,16013362.5
2016-12-02 00:44:25,16018650
2016-12-04 17:55:30,16023925
2016-12-07 11:49:57,16029225
2016-12-10 08:03:31,16034562.5
2016-12-12 23:31:25,16039862.5
2016-12-15 19:33:20,16045137.5
2016-12-18 20:53:25,16050450
2016-12-21 17:47:05,16055775
2016-12-24 14:12:38,16061075
2016-12-27 09:13:36,16066387.5
2016-12-30 02:38:45,16071737.5
2017-01-01 18:29:12,16077037.5
2017-01-04 13:37:21,16082312.5
2017-01-07 08:02:23,16087600
2017-01-10 04:57:22,16092887.5
2017-01-12 18:34:24,16098187.5
2017-01-15 09:54:25,16103512.5
2017-01-17 23:59:07,16108850
2017-01-20 13:05:50,16114125
2017-01-22 21:02:38,16119450
2017-01-25 19:03:10,16124712.5
2017-01-28 09:53:50,16129987.5
2017-01-31 03:54:38,16135287.5
2017-02-02 15:28:15,16140637.5
2017-02-05 12:02:24,16145925
2017-02-08 11:22:47,16151200
2017-02-11 05:54:56,16156512.5
2017-02-14 01:35:22,16161800
2017-02-16 22:23:25,16167112.5
2017-02-19 18:48:22,16172437.5
2017-02-22 18:31:21,16177725
2017-02-25 12:36:14,16183075
2017-02-28 04:33:41,16188375
2017-03-02 23:00:10,16193650
2017-03-05 20:49:32,16198925
2017-03-08 18:30:10,16204262.5
2017-03-11 15:30:42,16209525
2017-03-14 10:06:24,16214862.5
2017-03-17 06:10:33,16220187.5
2017-03-19 22:45:04,16225475
2017-03-22 20:15:27,16230775
2017-03-25 13:52:24,16236037.5
2017-03-28 10:03:41,16241325
2017-03-31 06:23:44,16246700
2017-04-03 04:41:35,16251987.5
2017-04-06 00:37:29,16257350
2017-04-08 20:24:20,16262712.5
2017-04-11 15:30:40,16268025
2017-04-14 16:24:31,16273312.5
2017-04-17 13:03:22,16278625
2017-04-20 15:22:16,16283975
2017-04-23 08:56:28,16289275
2017-04-26 09:32:13,16294625
2017-04-29 07:05:25,16299912.5
2017-05-01 23:34:21,16305225
2017-05-04 18:54:08,16310512.5
2017-05-07 11:22:13,16315812.5
2017-05-10 02:37:47,16321112.5
2017-05-12 23:21:10,16326400
2017-05-15 13:47:58,16331737.5
2017-05-18 11:46:15,16337075
2017-05-21 04:19:26,16342337.5
2017-05-23 22:40:52,16347662.5
2017-05-26 14:53:15,16352975
2017-05-29 05:42:18,16358262.5
2017-05-31 18:24:40,16363575
2017-06-03 07:43:14,16368850
2017-06-05 21:25:40,16374150
2017-06-08 11:45:13,16379437.5
2017-06-11 10:01:00,16384725
2017-06-14 07:12:42,16390025
2017-06-17 04:31:59,16395300
2017-06-20 00:40:17,16400625
2017-06-23 02:26:06,16405937.5
2017-06-26 01:57:07,16411212.5
2017-06-29 00:02:12,16416500
2017-07-01 22:48:49,16421837.5
2017-07-04 09:53:04,16427112.5
2017-07-07 05:09:20,16432400
2017-07-10 00:55:24,16437737.5
2017-07-12 08:14:32,16443012.5
2017-07-15 01:46:36,16448300
2017-07-17 22:38:57,16453575
2017-07-20 14:05:00,16458862.5
2017-07-23 06:49:39,16464150
2017-07-25 21:16:51,16469475
2017-07-28 15:27:05,16474800
2017-07-31 11:49:37,16480087.5
2017-08-03 08:52:22,16485387.5
2017-08-05 20:47:05,16490675
2017-08-08 13:21:39,16495962.5
2017-08-11 16:25:29,16501300
2017-08-14 19:31:51,16506625
2017-08-17 16:02:43,16511950
2017-08-20 09:59:42,16517237.5
2017-08-23 22:40:07,16522512.5
2017-08-27 16:05:04,16527800
2017-08-30 12:43:49,16533087.5
2017-09-02 01:15:11,16538387.5
2017-09-04 14:44:44,16543662.5
2017-09-07 00:45:11,16548962.5
2017-09-09 11:30:23,16554287.5
2017-09-12 03:22:29,16559575
2017-09-14 08:53:03,16564887.5
2017-09-16 19:34:10,16570200
2017-09-19 14:48:17,16575462.5
2017-09-22 09:47:03,16580750
2017-09-25 07:03:28,16586025
2017-09-28 06:24:13,16591325
2017-09-30 21:26:51,16596587.5
2017-10-03 16:19:35,16601875
2017-10-06 16:20:46,16607200
2017-10-09 06:22:36,16612512.5
2017-10-12 00:28:10,16617812.5
2017-10-14 23:21:29,16623087.5
2017-10-17 07:03:21,16628375
2017-10-19 21:38:30,16633675
2017-10-22 08:22:04,16638950
2017-10-24 20:25:38,16644225
2017-10-27 08:02:45,16649525
2017-10-30 19:19:58,16654800
2017-11-02 14:22:56,16660087.5
2017-11-05 19:55:38,16665400
2017-11-08 17:28:50,16670662.5
2017-11-12 13:32:46,16675950
2017-11-15 18:40:20,16681250
2017-11-18 12:18:46,16686525
2017-11-21 02:08:30,16691837.5
2017-11-23 18:17:01,16697137.5
2017-11-26 13:06:17,16702450
2017-11-29 04:00:57,16707725
2017-12-01 15:35:33,16713025
2017-12-04 00:54:58,16718312.5
2017-12-06 08:45:01,16723625
2017-12-09 00:34:23,16728900
2017-12-11 12:45:44,16734225
2017-12-14 00:09:55,16739525
2017-12-16 10:38:05,16744825
2017-12-18 19:34:15,16750112.5
2017-12-21 17:46:48,16755387.5
2017-12-24 15:56:29,16760675
2017-12-27 14:35:14,16765975
2017-12-30 09:26:26,16771250
2018-01-02 00:55:26,16776537.5
2018-01-04 14:07:12,16781850
2018-01-07 06:40:32,16787112.5
2018-01-09 20:47:26,16792412.5
2018-01-12 04:36:20,16797700
2018-01-14 21:05:31,16802962.5
2018-01-17 11:07:04,16808250
2018-01-20 02:12:25,16813575
2018-01-22 10:02:13,16818850
2018-01-24 19:53:08,16824125
2018-01-27 11:06:17,16829400
2018-01-30 04:37:48,16834687.5
2018-02-02 03:19:57,16840012.5
2018-02-04 17:19:57,16845287.5
2018-02-07 01:39:21,16850575
2018-02-10 05:33:09,16855837.5
2018-02-12 22:37:18,16861162.5
2018-02-15 14:09:02,16866437.5
2018-02-18 07:33:26,16871725
2018-02-21 01:54:14,16877025
2018-02-23 19:09:36,16882287.5
2018-02-26 13:37:22,16887575
2018-03-01 07:10:35,16892875
2018-03-03 20:37:53,16898187.5
2018-03-06 14:05:35,16903450
2018-03-09 05:26:14,16908750
2018-03-12 04:51:23,16914050
2018-03-14 21:13:49,16919350
2018-03-17 17:05:12,16924612.5
2018-03-20 15:32:27,16929912.5
2018-03-23 15:16:43,16935187.5
2018-03-26 12:13:13,16940487.5
2018-03-29 09:59:36,16945800
2018-04-01 06:13:50,16951075
2018-04-03 22:05:07,16956362.5
2018-04-06 18:38:38,16961637.5
2018-04-09 07:20:35,16966937.5
2018-04-12 00:14:29,16972225
2018-04-14 16:14:22,16977500
2018-04-17 13:14:19,16982775
2018-04-20 01:17:43,16988050
2018-04-22 20:04:38,16993362.5
2018-04-25 16:37:09,16998637.5
2018-04-28 20:04:51,17003925
2018-05-01 13:36:27,17009200
2018-05-04 09:55:50,17014500
2018-05-07 07:49:15,17019812.5
2018-05-10 03:13:17,17025100
2018-05-13 00:41:27,17030425
2018-05-15 23:56:25,17035700
2018-05-18 19:16:20,17041012.5
2018-05-21 16:20:01,17046300
2018-05-24 07:29:34,17051587.5
2018-05-26 22:06:11,17056862.5
2018-05-29 13:22:44,17062150
2018-06-01 04:15:15,17067437.5
2018-06-03 18:50:22,17072725
2018-06-06 04:51:18,17077987.5
2018-06-09 02:42:04,17083275
2018-06-12 04:45:22,17088562.5
2018-06-15 03:06:53,17093850
2018-06-17 16:58:03,17099175
2018-06-20 11:41:29,17104437.5
2018-06-23 02:45:37,17109725
2018-06-25 15:48:16,17115062.5
2018-06-28 16:35:20,17120337.5
2018-07-01 14:12:04,17125650
2018-07-04 17:36:32,17130937.5
2018-07-07 14:43:30,17136250
2018-07-10 11:45:36,17141525
2018-07-13 10:44:58,17146875
2018-07-16 16:37:18,17152150
2018-07-19 08:37:25,17157475
2018-07-22 03:12:57,17162750
2018-07-24 13:49:24,17168050
2018-07-27 02:33:29,17173325
2018-07-29 17:13:46,17178650
2018-08-01 16:17:50,17183912.5
2018-08-04 07:19:33,17189187.5
2018-08-07 00:57:35,17194462.5
2018-08-09 20:27:23,17199750
2018-08-12 07:19:13,17205037.5
2018-08-15 04:36:35,17210312.5
2018-08-17 21:40:40,17215587.5
2018-08-20 16:54:42,17220875
2018-08-23 10:55:07,17226200
2018-08-26 07:37:55,17231475
2018-08-28 20:04:14,17236775
2018-08-31 17:43:28,17242037.5
2018-09-03 11:26:50,17247300
2018-09-06 13:25:00,17252562.5
2018-09-09 09:25:25,17257837.5
2018-09-12 06:29:43,17263125
2018-09-15 04:32:51,17268412.5
2018-09-18 05:19:17,17273687.5
2018-09-21 01:14:23,17279000
2018-09-23 20:15:51,17284287.5
2018-09-26 13:15:04,17289600
2018-09-29 11:08:22,17294887.5
2018-10-02 02:18:09,17300162.5
2018-10-05 02:35:02,17305450
2018-10-08 07:44:18,17310750
2018-10-11 07:54:21,17316025
2018-10-14 10:15:26,17321325
2018-10-17 09:49:03,17326600
2018-10-20 10:21:55,17331912.5
2018-10-23 05:32:36,17337175
2018-10-26 11:32:01,17342450
2018-10-29 09:54:14,17347725
2018-11-01 03:41:59,17353000
2018-11-03 23:10:10,17358300
2018-11-07 03:33:36,17363587.5
2018-11-10 11:36:17,17368850
2018-11-13 14:42:16,17374150
2018-11-16 21:07:29,17379425
2018-11-20 02:22:27,17384712.5
2018-11-23 14:50:48,17389987.5
2018-11-26 23:27:00,17395287.5
2018-11-30 15:52:36,17400562.5
2018-12-04 05:49:55,17405837.5
2018-12-07 11:34:02,17411125
2018-12-10 20:52:40,17416412.5
2018-12-14 03:56:14,17421712.5
2018-12-17 07:10:56,17426987.5
2018-12-20 04:47:32,17432250
2018-12-22 23:45:55,17437525
2018-12-25 14:18:15,17442837.5
2018-12-28 03:42:50,17448100
2018-12-30 19:24:44,17453387.5
2019-01-02 13:38:32,17458687.5
2019-01-05 07:07:42,17464000
2019-01-08 05:16:04,17469350
2019-01-10 20:45:21,17474687.5
2019-01-13 20:10:54,17479962.5
2019-01-16 21:05:38,17485250
2019-01-20 01:20:52,17490550
2019-01-22 23:36:23,17495837.5
2019-01-25 20:31:38,17501125
2019-01-28 19:23:17,17506450
2019-01-31 17:32:32,17511725
2019-02-03 13:50:34,17517012.5
2019-02-06 10:01:31,17522300
2019-02-08 21:55:42,17527575
2019-02-11 19:34:43,17532862.5
2019-02-14 19:29:00,17538162.5
2019-02-17 18:26:03,17543450
2019-02-20 14:44:23,17548737.5
2019-02-23 14:04:44,17554025
2019-02-26 13:40:16,17559312.5
2019-03-01 06:44:21,17564587.5
2019-03-04 05:11:10,17569875
2019-03-07 06:29:26,17575150
2019-03-10 07:18:21,17580475
2019-03-13 08:51:37,17585750
2019-03-16 05:16:56,17591037.5
2019-03-18 22:14:57,17596362.5
2019-03-21 14:59:21,17601675
2019-03-24 06:20:19,17606962.5
2019-03-27 05:47:41,17612250
2019-03-30 03:03:20,17617550
2019-04-02 05:28:34,17622812.5
2019-04-05 02:47:08,17628137.5
2019-04-08 00:10:18,17633412.5
2019-04-10 22:21:35,17638687.5
2019-04-13 19:35:58,17643950
2019-04-16 21:31:53,17649225
2019-04-19 19:16:32,17654537.5
2019-04-22 17:41:58,17659862.5
2019-04-25 18:47:03,17665150
2019-04-28 16:19:30,17670412.5
2019-05-01 07:32:09,17675725
2019-05-03 20:53:05,17681037.5
2019-05-06 22:06:38,17686325
2019-05-09 22:07:37,17691612.5
2019-05-12 22:59:33,17696937.5
2019-05-15 16:50:02,17702225
2019-05-18 12:05:32,17707512.5
2019-05-21 03:40:24,17712775
2019-05-23 18:43:49,17718050
2019-05-26 12:59:06,17723312.5
2019-05-29 04:01:29,17728650
2019-05-31 23:14:03,17733925
2019-06-04 02:53:01,17739212.5
2019-06-06 18:32:59,17744500
2019-06-09 17:36:12,17749800
2019-06-12 16:04:42,17755075
2019-06-15 09:10:36,17760350
2019-06-18 11:15:21,17765625
2019-06-21 02:11:00,17770887.5
2019-06-23 20:00:39,17776162.5
2019-06-26 11:36:28,17781450
2019-06-29 03:40:09,17786725
2019-07-01 19:42:43,17792000
2019-07-04 09:07:59,17797275
2019-07-06 17:53:23,17802550
2019-07-09 07:10:51,17807850
2019-07-12 09:01:30,17813150
2019-07-15 05:41:11,17818412.5
2019-07-18 03:58:17,17823700
2019-07-21 03:06:20,17828975
2019-07-23 23:41:22,17834262.5
2019-07-26 18:33:22,17839537.5
2019-07-29 08:25:34,17844812.5
2019-08-01 00:10:13,17850100
2019-08-03 16:14:56,17855387.5
2019-08-06 07:28:29,17860700
2019-08-09 04:11:22,17866000
2019-08-11 23:15:45,17871275
2019-08-14 20:37:55,17876587.5
2019-08-17 18:57:57,17881900
2019-08-20 15:39:28,17887200
2019-08-23 15:56:33,17892487.5
2019-08-26 09:08:31,17897775
2019-08-29 07:24:07,17903062.5
2019-08-31 22:30:48,17908350
2019-09-03 17:44:43,17913662.5
2019-09-06 10:13:30,17918937.5
2019-09-09 02:02:54,17924225
2019-09-11 15:14:01,17929512.5
2019-09-14 05:46:18,17934775
2019-09-16 23:02:30,17940075
2019-09-19 16:08:56,17945350
2019-09-22 08:49:35,17950637.5
2019-09-25 07:15:04,17955937.5
2019-09-28 00:53:29,17961250
2019-10-01 00:59:52,17966537.5
2019-10-03 22:38:25,17971825
2019-10-06 16:58:06,17977100
2019-10-09 09:45:24,17982400
2019-10-12 05:34:35,17987700
2019-10-15 06:55:34,17993000
2019-10-18 03:46:25,17998312.5
2019-10-21 00:09:36,18003612.5
2019-10-23 14:23:12,18008912.5
2019-10-26 13:15:41,18014175
2019-10-29 20:04:29,18019437.5
2019-11-02 01:14:48,18024725
2019-11-05 05:42:26,18030025
2019-11-08 07:17:08,18035300
2019-11-11 03:14:31,18040575
2019-11-14 02:17:59,18045837.5
2019-11-16 18:40:41,18051125
2019-11-19 17:09:12,18056412.5
2019-11-22 18:04:00,18061700
2019-11-25 14:41:18,18066987.5
2019-11-28 18:19:00,18072275
2019-12-01 19:51:08,18077600
2019-12-04 15:01:14,18082875
2019-12-07 12:13:42,18088162.5
2019-12-10 06:41:37,18093425
2019-12-13 06:42:13,18098700
2019-12-16 05:56:28,18103987.5
2019-12-19 04:56:39,18109262.5
2019-12-21 19:05:34,18114550
2019-12-24 15:19:27,18119825
2019-12-27 13:28:45,18125137.5
2019-12-30 08:24:02,18130412.5
2020-01-01 22:43:38,18135700
2020-01-04 15:32:25,18140987.5
2020-01-07 09:36:37,18146287.5
2020-01-10 00:56:16,18151550
2020-01-12 18:08:35,18156862.5
2020-01-15 15:08:38,18162125
2020-01-18 09:59:42,18167387.5
2020-01-21 23:55:17,18174025
2020-01-24 15:59:20,18179337.5
2020-01-27 13:11:01,18184612.5
2020-01-30 08:50:50,18189887.5
2020-02-02 05:26:31,18195162.5
2020-02-05 04:56:06,18200437.5
2020-02-08 03:52:50,18205725
2020-02-11 05:10:40,18211025
2020-02-14 03:11:53,18216312.5
2020-02-17 04:17:11,18221575
2020-02-20 01:03:20,18226887.5
2020-02-22 23:30:10,18232150
2020-02-25 22:37:55,18237437.5
2020-02-28 19:21:27,18242700
2020-03-02 12:01:53,18247975
2020-03-05 03:47:14,18253262.5
2020-03-07 20:07:43,18258550
2020-03-10 16:42:37,18263825
2020-03-13 22:25:28,18269137.5
2020-03-17 11:34:57,18274412.5
2020-03-21 05:17:49,18279687.5
2020-03-24 16:11:19,18284950
2020-03-27 19:42:37,18290237.5
2020-03-30 18:38:32,18295537.5
2020-04-02 12:09:48,18300825
2020-04-05 08:05:13,18306100
2020-04-08 01:47:10,18311375
2020-04-10 18:53:12,18316637.5
2020-04-13 11:23:10,18321925
2020-04-15 22:57:46,18327187.5
2020-04-18 19:57:39,18332462.5
2020-04-21 14:34:56,18337762.5
2020-04-24 13:49:29,18343037.5
2020-04-27 14:50:59,18348325
2020-04-30 15:46:41,18353612.5
2020-05-03 09:59:59,18358962.5
2020-05-06 02:42:03,18364225
2020-05-09 00:15:55,18369550
2020-05-11 16:50:13,18374850
2020-05-15 01:24:54,18377562.5
2020-05-18 14:09:14,18380200
2020-05-22 02:51:23,18382850
2020-05-25 16:08:07,18385481.25
2020-05-28 22:58:29,18388137.5
2020-05-31 20:19:01,18390775
2020-06-04 00:07:40,18393412.5
2020-06-06 11:07:31,18396062.5
2020-06-09 00:06:40,18398706.25
2020-06-11 14:58:30,18401343.75
2020-06-14 02:14:17,18403981.25
2020-06-16 19:25:29,18406637.5
2020-06-20 00:23:25,18409275
2020-06-22 23:57:32,18411925
2020-06-25 20:15:43,18414556.25
2020-06-28 17:02:27,18417200
2020-07-01 11:31:12,18419837.5
2020-07-04 02:20:16,18422481.25
2020-07-06 19:05:00,18425112.5
2020-07-09 11:14:32,18427775
2020-07-12 05:20:52,18430412.5
2020-07-14 23:37:21,18433050
2020-07-18 04:49:11,18435681.25
2020-07-21 08:38:39,18438325
2020-07-24 10:05:59,18440956.25
2020-07-27 03:09:30,18443600
2020-07-30 00:54:18,18446237.5
2020-08-02 00:12:45,18448868.75
2020-08-04 21:06:46,18451500
2020-08-07 17:22:07,18454137.5
2020-08-10 15:38:59,18456768.75
2020-08-13 08:27:43,18459400
2020-08-16 00:44:53,18462043.75
2020-08-19 01:39:21,18464687.5
2020-08-21 23:14:05,18467318.75
2020-08-24 20:51:30,18469962.5
2020-08-28 00:09:33,18472606.25
2020-08-30 22:04:11,18475243.75
2020-09-02 18:31:16,18477887.5
2020-09-05 21:10:07,18480531.25
2020-09-08 13:18:11,18483175
2020-09-11 08:32:17,18485812.5
2020-09-13 21:20:07,18488450
2020-09-16 12:14:24,18491087.5
2020-09-19 00:41:50,18493718.75
2020-09-21 21:35:18,18496350
2020-09-25 00:07:59,18498987.5
2020-09-27 17:44:56,18501656.25