Timestamp,transaction-fees-usd
2009-01-17 00:00:00,0
2009-01-20 00:00:00,0
2009-01-23 00:00:00,0
2009-01-26 00:00:00,0
2009-01-29 00:00:00,0
2009-02-01 00:00:00,0
2009-02-04 00:00:00,0
2009-02-07 00:00:00,0
2009-02-10 00:00:00,0
2009-02-13 00:00:00,0
2009-02-16 00:00:00,0
2009-02-19 00:00:00,0
2009-02-22 00:00:00,0
2009-02-25 00:00:00,0
2009-02-28 00:00:00,0
2009-03-03 00:00:00,0
2009-03-06 00:00:00,0
2009-03-09 00:00:00,0
2009-03-12 00:00:00,0
2009-03-15 00:00:00,0
2009-03-18 00:00:00,0
2009-03-21 00:00:00,0
2009-03-24 00:00:00,0
2009-03-27 00:00:00,0
2009-03-30 00:00:00,0
2009-04-02 00:00:00,0
2009-04-05 00:00:00,0
2009-04-08 00:00:00,0
2009-04-11 00:00:00,0
2009-04-14 00:00:00,0
2009-04-17 00:00:00,0
2009-04-20 00:00:00,0
2009-04-23 00:00:00,0
2009-04-26 00:00:00,0
2009-04-29 00:00:00,0
2009-05-02 00:00:00,0
2009-05-05 00:00:00,0
2009-05-08 00:00:00,0
2009-05-11 00:00:00,0
2009-05-14 00:00:00,0
2009-05-17 00:00:00,0
2009-05-20 00:00:00,0
2009-05-23 00:00:00,0
2009-05-26 00:00:00,0
2009-05-29 00:00:00,0
2009-06-01 00:00:00,0
2009-06-04 00:00:00,0
2009-06-07 00:00:00,0
2009-06-10 00:00:00,0
2009-06-13 00:00:00,0
2009-06-16 00:00:00,0
2009-06-19 00:00:00,0
2009-06-22 00:00:00,0
2009-06-25 00:00:00,0
2009-06-28 00:00:00,0
2009-07-01 00:00:00,0
2009-07-04 00:00:00,0
2009-07-07 00:00:00,0
2009-07-10 00:00:00,0
2009-07-13 00:00:00,0
2009-07-16 00:00:00,0
2009-07-19 00:00:00,0
2009-07-22 00:00:00,0
2009-07-25 00:00:00,0
2009-07-28 00:00:00,0
2009-07-31 00:00:00,0
2009-08-03 00:00:00,0
2009-08-06 00:00:00,0
2009-08-09 00:00:00,0
2009-08-12 00:00:00,0
2009-08-15 00:00:00,0
2009-08-18 00:00:00,0
2009-08-21 00:00:00,0
2009-08-24 00:00:00,0
2009-08-27 00:00:00,0
2009-08-30 00:00:00,0
2009-09-02 00:00:00,0
2009-09-05 00:00:00,0
2009-09-08 00:00:00,0
2009-09-11 00:00:00,0
2009-09-14 00:00:00,0
2009-09-17 00:00:00,0
2009-09-20 00:00:00,0
2009-09-23 00:00:00,0
2009-09-26 00:00:00,0
2009-09-29 00:00:00,0
2009-10-02 00:00:00,0
2009-10-05 00:00:00,0
2009-10-08 00:00:00,0
2009-10-11 00:00:00,0
2009-10-14 00:00:00,0
2009-10-17 00:00:00,0
2009-10-20 00:00:00,0
2009-10-23 00:00:00,0
2009-10-26 00:00:00,0
2009-10-29 00:00:00,0
2009-11-01 00:00:00,0
2009-11-04 00:00:00,0
2009-11-07 00:00:00,0
2009-11-10 00:00:00,0
2009-11-13 00:00:00,0
2009-11-16 00:00:00,0
2009-11-19 00:00:00,0
2009-11-22 00:00:00,0
2009-11-25 00:00:00,0
2009-11-28 00:00:00,0
2009-12-01 00:00:00,0
2009-12-04 00:00:00,0
2009-12-07 00:00:00,0
2009-12-10 00:00:00,0
2009-12-13 00:00:00,0
2009-12-16 00:00:00,0
2009-12-19 00:00:00,0
2009-12-22 00:00:00,0
2009-12-25 00:00:00,0
2009-12-28 00:00:00,0
2009-12-31 00:00:00,0
2010-01-03 00:00:00,0
2010-01-06 00:00:00,0
2010-01-09 00:00:00,0
2010-01-12 00:00:00,0
2010-01-15 00:00:00,0
2010-01-18 00:00:00,0
2010-01-21 00:00:00,0
2010-01-24 00:00:00,0
2010-01-27 00:00:00,0
2010-01-30 00:00:00,0
2010-02-02 00:00:00,0
2010-02-05 00:00:00,0
2010-02-08 00:00:00,0
2010-02-11 00:00:00,0
2010-02-14 00:00:00,0
2010-02-17 00:00:00,0
2010-02-20 00:00:00,0
2010-02-23 00:00:00,0
2010-02-26 00:00:00,0
2010-03-01 00:00:00,0
2010-03-04 00:00:00,0
2010-03-07 00:00:00,0
2010-03-10 00:00:00,0
2010-03-13 00:00:00,0
2010-03-16 00:00:00,0
2010-03-19 00:00:00,0
2010-03-22 00:00:00,0
2010-03-25 00:00:00,0
2010-03-28 00:00:00,0
2010-03-31 00:00:00,0
2010-04-03 00:00:00,0
2010-04-06 00:00:00,0
2010-04-09 00:00:00,0
2010-04-12 00:00:00,0
2010-04-15 00:00:00,0
2010-04-18 00:00:00,0
2010-04-21 00:00:00,0
2010-04-24 00:00:00,0
2010-04-27 00:00:00,0
2010-04-30 00:00:00,0
2010-05-03 00:00:00,0
2010-05-06 00:00:00,0
2010-05-09 00:00:00,0
2010-05-12 00:00:00,0
2010-05-15 00:00:00,0
2010-05-18 00:00:00,0
2010-05-21 00:00:00,0
2010-05-24 00:00:00,0
2010-05-27 00:00:00,0
2010-05-30 00:00:00,0
2010-06-02 00:00:00,0
2010-06-05 00:00:00,0
2010-06-08 00:00:00,0
2010-06-11 00:00:00,0
2010-06-14 00:00:00,0
2010-06-17 00:00:00,0
2010-06-20 00:00:00,0
2010-06-23 00:00:00,0
2010-06-26 00:00:00,0
2010-06-29 00:00:00,0
2010-07-02 00:00:00,0
2010-07-05 00:00:00,0
2010-07-08 00:00:00,0
2010-07-11 00:00:00,0
2010-07-14 00:00:00,0
2010-07-17 00:00:00,0
2010-07-20 00:00:00,0
2010-07-23 00:00:00,0
2010-07-26 00:00:00,0
2010-07-29 00:00:00,0
2010-08-01 00:00:00,0
2010-08-04 00:00:00,0
2010-08-07 00:00:00,0
2010-08-10 00:00:00,0
2010-08-13 00:00:00,0
2010-08-16 00:00:00,0
2010-08-19 00:00:00,0
2010-08-22 00:00:00,0
2010-08-25 00:00:00,0
2010-08-28 00:00:00,7.7e-8
2010-08-31 00:00:00,0.014000021
2010-09-03 00:00:00,0
2010-09-06 00:00:00,6e-9
2010-09-09 00:00:00,0.006600006
2010-09-12 00:00:00,0.009
2010-09-15 00:00:00,0
2010-09-18 00:00:00,0.0108
2010-09-21 00:00:00,6e-9
2010-09-24 00:00:00,0
2010-09-27 00:00:00,0.0012
2010-09-30 00:00:00,0
2010-10-03 00:00:00,0.000465975
2010-10-06 00:00:00,6.54e-8
2010-10-09 00:00:00,0
2010-10-12 00:00:00,0
2010-10-15 00:00:00,0
2010-10-18 00:00:00,0.002
2010-10-21 00:00:00,0.000776615
2010-10-24 00:00:00,0
2010-10-27 00:00:00,0
2010-10-30 00:00:00,0
2010-11-02 00:00:00,0
2010-11-05 00:00:00,0
2010-11-08 00:00:00,0.3901
2010-11-11 00:00:00,0
2010-11-14 00:00:00,0
2010-11-17 00:00:00,0
2010-11-20 00:00:00,0.2828
2010-11-23 00:00:00,0.1372
2010-11-26 00:00:00,0.1036
2010-11-29 00:00:00,0.0084
2010-12-02 00:00:00,0.0138
2010-12-05 00:00:00,0.0075
2010-12-08 00:00:00,0.0092
2010-12-11 00:00:00,0.0246220758
2010-12-14 00:00:00,0.0112523797
2010-12-17 00:00:00,0.058608235
2010-12-20 00:00:00,0.0174182242
2010-12-23 00:00:00,0.0156
2010-12-26 00:00:00,0.0264112975
2010-12-29 00:00:00,0.0393662443
2011-01-01 00:00:00,0.026745774
2011-01-04 00:00:00,0.009387273
2011-01-07 00:00:00,0.016057536
2011-01-10 00:00:00,0.0252303008
2011-01-13 00:00:00,0.0089779932
2011-01-16 00:00:00,0.03451144
2011-01-19 00:00:00,0.019
2011-01-22 00:00:00,0.206463026
2011-01-25 00:00:00,0.0567860436
2011-01-28 00:00:00,0.0258
2011-01-31 00:00:00,0.3648
2011-02-03 00:00:00,0.2855155868
2011-02-06 00:00:00,0.1114358096
2011-02-09 00:00:00,0.0596207248
2011-02-12 00:00:00,0.7641254202
2011-02-15 00:00:00,0.2629388844
2011-02-18 00:00:00,0.5565
2011-02-21 00:00:00,0.3854
2011-02-24 00:00:00,0.159309984
2011-02-27 00:00:00,1.0584
2011-03-02 00:00:00,0.448819
2011-03-05 00:00:00,2.2349760186
2011-03-08 00:00:00,3.6036000182
2011-03-11 00:00:00,5.85818394349999
2011-03-14 00:00:00,1.6620451575
2011-03-17 00:00:00,1.2365597166
2011-03-20 00:00:00,2.875804534
2011-03-23 00:00:00,15.627785787
2011-03-26 00:00:00,4.102989
2011-03-29 00:00:00,2.8728840084
2011-04-01 00:00:00,3.6
2011-04-04 00:00:00,7.77428377600001
2011-04-07 00:00:00,2.28015
2011-04-10 00:00:00,4.0530406917
2011-04-13 00:00:00,3.7357519908
2011-04-16 00:00:00,4.0121654784
2011-04-19 00:00:00,6.78153855599999
2011-04-22 00:00:00,6.5067
2011-04-25 00:00:00,16.4680725888
2011-04-28 00:00:00,14.05666
2011-05-01 00:00:00,47.7418479048
2011-05-04 00:00:00,22.3368932475
2011-05-07 00:00:00,24.0911831152
2011-05-10 00:00:00,35.07234296
2011-05-13 00:00:00,76.377733554
2011-05-16 00:00:00,125.069335048
2011-05-19 00:00:00,126.07551882
2011-05-22 00:00:00,124.5371738742
2011-05-25 00:00:00,151.5358166056
2011-05-28 00:00:00,127.8869034816
2011-05-31 00:00:00,188.3175006
2011-06-03 00:00:00,300.9835625082
2011-06-06 00:00:00,558.221239791
2011-06-09 00:00:00,1378.6824532423
2011-06-12 00:00:00,1284.628366656
2011-06-15 00:00:00,831.59990551
2011-06-18 00:00:00,534.6146466147
2011-06-21 00:00:00,305.2991482921
2011-06-24 00:00:00,265.3675719556
2011-06-27 00:00:00,467.6701533583
2011-06-30 00:00:00,307.0952429
2011-07-03 00:00:00,217.570246444
2011-07-06 00:00:00,261.2290020864
2011-07-09 00:00:00,200.9178427177
2011-07-12 00:00:00,192.6997289228
2011-07-15 00:00:00,238.501299042
2011-07-18 00:00:00,193.409897846
2011-07-21 00:00:00,126.204461395
2011-07-24 00:00:00,142.1395495667
2011-07-27 00:00:00,127.4809708326
2011-07-30 00:00:00,79.38036759
2011-08-02 00:00:00,101.1194156346
2011-08-05 00:00:00,73.340669365
2011-08-08 00:00:00,76.717104151
2011-08-11 00:00:00,80.437350672
2011-08-14 00:00:00,109.5817313624
2011-08-17 00:00:00,78.2991225104
2011-08-20 00:00:00,82.5467946551
2011-08-23 00:00:00,94.99453169
2011-08-26 00:00:00,50.9034845469
2011-08-29 00:00:00,50.7586847472
2011-09-01 00:00:00,50.2678747142
2011-09-04 00:00:00,86.4187767377001
2011-09-07 00:00:00,71.1246437175999
2011-09-10 00:00:00,40.1113950432
2011-09-13 00:00:00,30.011503248
2011-09-16 00:00:00,28.021912677
2011-09-19 00:00:00,30.5967360846
2011-09-22 00:00:00,23.9495763564
2011-09-25 00:00:00,20.1046259034
2011-09-28 00:00:00,22.3330326
2011-10-01 00:00:00,20.602892397
2011-10-04 00:00:00,19.038812925
2011-10-07 00:00:00,24.881644477
2011-10-10 00:00:00,14.6758660352
2011-10-13 00:00:00,19.3487599518
2011-10-16 00:00:00,13.4853683074
2011-10-19 00:00:00,9.3672570864
2011-10-22 00:00:00,8.0480098842
2011-10-25 00:00:00,9.2125109612
2011-10-28 00:00:00,9.435679467
2011-10-31 00:00:00,11.295407988
2011-11-03 00:00:00,9.9197847298
2011-11-06 00:00:00,7.6464973993
2011-11-09 00:00:00,15.3144725371
2011-11-12 00:00:00,11.1123628041
2011-11-15 00:00:00,8.590666208
2011-11-18 00:00:00,8.560163289
2011-11-21 00:00:00,8.1303146855
2011-11-24 00:00:00,9.858899616
2011-11-27 00:00:00,6.4803119724
2011-11-30 00:00:00,12.7389687256
2011-12-03 00:00:00,17.8013747896
2011-12-06 00:00:00,14.821199816
2011-12-09 00:00:00,9.4524496371
2011-12-12 00:00:00,597.5792686881
2011-12-15 00:00:00,25.6171347354
2011-12-18 00:00:00,10.5445188193
2011-12-21 00:00:00,26.4494079297
2011-12-24 00:00:00,9.420277738
2011-12-27 00:00:00,14.4537817775
2011-12-30 00:00:00,17.4063673872
2012-01-02 00:00:00,35.9893246422
2012-01-05 00:00:00,44.697203114
2012-01-08 00:00:00,28.2705345
2012-01-11 00:00:00,47.465340947
2012-01-14 00:00:00,92.0075160823
2012-01-17 00:00:00,64.5932587860001
2012-01-20 00:00:00,158.0544082663
2012-01-23 00:00:00,39.1342496315
2012-01-26 00:00:00,62.0184501225
2012-01-29 00:00:00,1270.0919331425
2012-02-01 00:00:00,28.9424641695
2012-02-04 00:00:00,54.5874048902
2012-02-07 00:00:00,38.946491404
2012-02-10 00:00:00,26.0232295059
2012-02-13 00:00:00,31.2476897652
2012-02-16 00:00:00,50.0380363868
2012-02-19 00:00:00,11.9155078438
2012-02-22 00:00:00,15.8260184052
2012-02-25 00:00:00,17.5957177451
2012-02-28 00:00:00,19.7653438576
2012-03-02 00:00:00,24.8110274022
2012-03-05 00:00:00,26.1906330359
2012-03-08 00:00:00,21.8754475395
2012-03-11 00:00:00,15.371567244
2012-03-14 00:00:00,29.1974228738
2012-03-17 00:00:00,20.624762916
2012-03-20 00:00:00,38.1316624332
2012-03-23 00:00:00,23.4589225614
2012-03-26 00:00:00,19.038893809
2012-03-29 00:00:00,23.511266333
2012-04-01 00:00:00,20.6729283514
2012-04-04 00:00:00,25.797735
2012-04-07 00:00:00,18.860483824
2012-04-10 00:00:00,40.8564852886
2012-04-13 00:00:00,22.6669971297
2012-04-16 00:00:00,30.6135979236
2012-04-19 00:00:00,32.2410504836
2012-04-22 00:00:00,27.5404409664
2012-04-25 00:00:00,32.0834134437
2012-04-28 00:00:00,38.0094018669
2012-05-01 00:00:00,36.71701085
2012-05-04 00:00:00,61.4873647752
2012-05-07 00:00:00,73.403499402
2012-05-10 00:00:00,46.347504345
2012-05-13 00:00:00,63.4083685
2012-05-16 00:00:00,68.2692837155
2012-05-19 00:00:00,175.8794089734
2012-05-22 00:00:00,66.055172369
2012-05-25 00:00:00,100.4357161791
2012-05-28 00:00:00,106.928692847
2012-05-31 00:00:00,74.5464433504
2012-06-03 00:00:00,107.8734839424
2012-06-06 00:00:00,65.8528786863
2012-06-09 00:00:00,134.8789519098
2012-06-12 00:00:00,71.5338319212
2012-06-15 00:00:00,253.52265708
2012-06-18 00:00:00,206.5184164155
2012-06-21 00:00:00,216.5651981226
2012-06-24 00:00:00,99.5157797672
2012-06-27 00:00:00,119.1823197192
2012-06-30 00:00:00,93.1776517431
2012-07-03 00:00:00,109.5101717625
2012-07-06 00:00:00,116.0856411312
2012-07-09 00:00:00,119.070992808
2012-07-12 00:00:00,126.6023417299
2012-07-15 00:00:00,180.3261875712
2012-07-18 00:00:00,263.6842126248
2012-07-21 00:00:00,202.9919809115
2012-07-24 00:00:00,155.624045769
2012-07-27 00:00:00,194.3394334002
2012-07-30 00:00:00,225.846056169
2012-08-02 00:00:00,211.381294656
2012-08-05 00:00:00,299.9988491129
2012-08-08 00:00:00,610.0866071172
2012-08-11 00:00:00,260.663355704
2012-08-14 00:00:00,265.3285044126
2012-08-17 00:00:00,472.2965388456
2012-08-20 00:00:00,356.2971238056
2012-08-23 00:00:00,255.3338318814
2012-08-26 00:00:00,261.415844829
2012-08-29 00:00:00,313.5933683946
2012-09-01 00:00:00,466.4914284066
2012-09-04 00:00:00,375.0823209704
2012-09-07 00:00:00,250.476841664
2012-09-10 00:00:00,308.2018074358
2012-09-13 00:00:00,328.698923681
2012-09-16 00:00:00,274.831091728
2012-09-19 00:00:00,347.6141609325
2012-09-22 00:00:00,270.756930345
2012-09-25 00:00:00,232.200784222
2012-09-28 00:00:00,848.0040377662
2012-10-01 00:00:00,254.8348911264
2012-10-04 00:00:00,1741.417559021
2012-10-07 00:00:00,652.8125744162
2012-10-10 00:00:00,319.99991805
2012-10-13 00:00:00,292.838353758
2012-10-16 00:00:00,387.0482234674
2012-10-19 00:00:00,215.0374645952
2012-10-22 00:00:00,323.13657903
2012-10-25 00:00:00,217.2946819824
2012-10-28 00:00:00,170.6380530932
2012-10-31 00:00:00,323.5277226636
2012-11-03 00:00:00,280.8960998228
2012-11-06 00:00:00,480.046399036
2012-11-09 00:00:00,278.1786895753
2012-11-12 00:00:00,213.03935774
2012-11-15 00:00:00,396.6134373684
2012-11-18 00:00:00,439.6283927356
2012-11-21 00:00:00,433.9547916249
2012-11-24 00:00:00,312.9097525246
2012-11-27 00:00:00,1085.7670416674
2012-11-30 00:00:00,327.2529633009
2012-12-03 00:00:00,301.2404370568
2012-12-06 00:00:00,526.5830296455
2012-12-09 00:00:00,391.513510029
2012-12-12 00:00:00,471.370340474
2012-12-15 00:00:00,353.7747456963
2012-12-18 00:00:00,573.8769439953
2012-12-21 00:00:00,531.009064912
2012-12-24 00:00:00,406.3898359112
2012-12-27 00:00:00,586.98492875
2012-12-30 00:00:00,501.0791108505
2013-01-02 00:00:00,447.2650628784
2013-01-05 00:00:00,434.2727439
2013-01-08 00:00:00,511.0109166342
2013-01-11 00:00:00,654.7932666896
2013-01-14 00:00:00,522.2836360575
2013-01-17 00:00:00,584.9782719976
2013-01-20 00:00:00,575.9872908945
2013-01-23 00:00:00,840.3826862379
2013-01-26 00:00:00,918.5601385116
2013-01-29 00:00:00,1002.1766423792
2013-02-01 00:00:00,1209.904179472
2013-02-04 00:00:00,951.476643316699
2013-02-07 00:00:00,1136.767053737
2013-02-10 00:00:00,1262.5764727674
2013-02-13 00:00:00,1435.1737737855
2013-02-16 00:00:00,1460.756415204
2013-02-19 00:00:00,1313.8110805786
2013-02-22 00:00:00,1646.7594692325
2013-02-25 00:00:00,2077.8356186071
2013-02-28 00:00:00,1966.3651353411
2013-03-03 00:00:00,1570.90149636
2013-03-06 00:00:00,6484.2848902425
2013-03-09 00:00:00,2317.32780928
2013-03-12 00:00:00,3354.771911882
2013-03-15 00:00:00,3182.678777718
2013-03-18 00:00:00,1882.7964433394
2013-03-21 00:00:00,3602.4641536843
2013-03-24 00:00:00,2678.9701089652
2013-03-27 00:00:00,4824.0080070966
2013-03-30 00:00:00,5822.758430645
2013-04-02 00:00:00,8699.60774904
2013-04-05 00:00:00,7954.78155612
2013-04-08 00:00:00,7652.727986549
2013-04-11 00:00:00,10307.213131992
2013-04-14 00:00:00,5471.672898
2013-04-17 00:00:00,5600.40909436
2013-04-20 00:00:00,5496.7350883512
2013-04-23 00:00:00,7921.0005537
2013-04-26 00:00:00,5822.6208630189
2013-04-29 00:00:00,6263.9453661692
2013-05-02 00:00:00,6288.7621563
2013-05-05 00:00:00,4135.508996268
2013-05-08 00:00:00,5956.667555164
2013-05-11 00:00:00,7397.023049608
2013-05-14 00:00:00,7107.12412563871
2013-05-17 00:00:00,6585.56071408
2013-05-20 00:00:00,5301.1339283463
2013-05-23 00:00:00,6998.01918393
2013-05-26 00:00:00,4186.0634716729
2013-05-29 00:00:00,6860.48119275
2013-06-01 00:00:00,5542.683040245
2013-06-04 00:00:00,6671.2994247467
2013-06-07 00:00:00,4659.0849411591
2013-06-10 00:00:00,3780.665586696
2013-06-13 00:00:00,4490.950830181
2013-06-16 00:00:00,3185.0291892027
2013-06-19 00:00:00,4017.306783338
2013-06-22 00:00:00,6184.41794766439
2013-06-25 00:00:00,3480.2852248756
2013-06-28 00:00:00,4988.2710715613
2013-07-01 00:00:00,2361.72029171
2013-07-04 00:00:00,1925.2658396909
2013-07-07 00:00:00,1343.2731251126
2013-07-10 00:00:00,2035.936091007
2013-07-13 00:00:00,3303.3594067773
2013-07-16 00:00:00,4308.697162536
2013-07-19 00:00:00,1930.521306059
2013-07-22 00:00:00,2978.92385778
2013-07-25 00:00:00,3284.0773836754
2013-07-28 00:00:00,2271.0567100572
2013-07-31 00:00:00,6157.638204102
2013-08-03 00:00:00,2804.853148955
2013-08-06 00:00:00,4448.159725712
2013-08-09 00:00:00,4599.4636285267
2013-08-12 00:00:00,2687.55584265
2013-08-15 00:00:00,7812.10575455309
2013-08-18 00:00:00,4590.1761405357
2013-08-21 00:00:00,4125.4123728936
2013-08-24 00:00:00,3907.2490631045
2013-08-27 00:00:00,4454.4288044725
2013-08-30 00:00:00,5275.83404892
2013-09-02 00:00:00,6400.0963692263
2013-09-05 00:00:00,4080.9777877246
2013-09-08 00:00:00,3163.5714849736
2013-09-11 00:00:00,2829.170990803
2013-09-14 00:00:00,3315.5268590184
2013-09-17 00:00:00,38292.561980414
2013-09-20 00:00:00,4171.813049033
2013-09-23 00:00:00,5002.8580321276
2013-09-26 00:00:00,3754.37165104
2013-09-29 00:00:00,3278.7408372066
2013-10-02 00:00:00,20932.3875647782
2013-10-05 00:00:00,3332.5026156968
2013-10-08 00:00:00,3316.19812230801
2013-10-11 00:00:00,3034.891697548
2013-10-14 00:00:00,4650.2513654502
2013-10-17 00:00:00,5133.2871601661
2013-10-20 00:00:00,5408.2478084382
2013-10-23 00:00:00,8884.28457543
2013-10-26 00:00:00,7472.3510991995
2013-10-29 00:00:00,7369.157273103
2013-11-01 00:00:00,7162.3864606346
2013-11-04 00:00:00,11004.909525892
2013-11-07 00:00:00,34311.583156422
2013-11-10 00:00:00,15279.5793282
2013-11-13 00:00:00,8716.205897763
2013-11-16 00:00:00,6272.2272350418
2013-11-19 00:00:00,21249.298402058
2013-11-22 00:00:00,17239.6491261634
2013-11-25 00:00:00,18207.3306058
2013-11-28 00:00:00,30631.8924977
2013-12-01 00:00:00,39829.00923624
2013-12-04 00:00:00,24226.9192079586
2013-12-07 00:00:00,31581.737448
2013-12-10 00:00:00,16743.707226
2013-12-13 00:00:00,14453.9322098864
2013-12-16 00:00:00,21344.6615700624
2013-12-19 00:00:00,8966.8062495
2013-12-22 00:00:00,7016.486889072
2013-12-25 00:00:00,8130.98770231
2013-12-28 00:00:00,9336.96806957999
2013-12-31 00:00:00,8741.37928677
2014-01-03 00:00:00,11606.4893975148
2014-01-06 00:00:00,28021.5124567206
2014-01-09 00:00:00,11757.013612241
2014-01-12 00:00:00,11070.2246953
2014-01-15 00:00:00,14605.9545048
2014-01-18 00:00:00,10511.7459084
2014-01-21 00:00:00,13783.2341148032
2014-01-24 00:00:00,14056.2050362106
2014-01-27 00:00:00,15617.8236914963
2014-01-30 00:00:00,11643.5262158
2014-02-02 00:00:00,9642.8685765588
2014-02-05 00:00:00,12855.5968994598
2014-02-08 00:00:00,10453.2785266014
2014-02-11 00:00:00,9527.3286813684
2014-02-14 00:00:00,11344.4592132
2014-02-17 00:00:00,20380.3305148548
2014-02-20 00:00:00,11582.504644073
2014-02-23 00:00:00,9130.3523074368
2014-02-26 00:00:00,10176.476518832
2014-03-01 00:00:00,8618.27176671999
2014-03-04 00:00:00,13895.866352772
2014-03-07 00:00:00,13015.81946043
2014-03-10 00:00:00,11569.032107442
2014-03-13 00:00:00,13032.619886349
2014-03-16 00:00:00,9856.0439922632
2014-03-19 00:00:00,8714.6459614402
2014-03-22 00:00:00,11172.1297936227
2014-03-25 00:00:00,8987.66910848399
2014-03-28 00:00:00,6788.803742904
2014-03-31 00:00:00,7008.0589239712
2014-04-03 00:00:00,6453.3377358472
2014-04-06 00:00:00,6256.89585422
2014-04-09 00:00:00,9943.59522249
2014-04-12 00:00:00,4287.14307217
2014-04-15 00:00:00,9674.244907924
2014-04-18 00:00:00,7357.99110293
2014-04-21 00:00:00,7648.142423103
2014-04-24 00:00:00,9329.6352350533
2014-04-27 00:00:00,7209.38352188921
2014-04-30 00:00:00,6323.6098464
2014-05-03 00:00:00,5028.310548115
2014-05-06 00:00:00,7467.44080909
2014-05-09 00:00:00,7633.6398877224
2014-05-12 00:00:00,7133.8058806154
2014-05-15 00:00:00,6501.343490218
2014-05-18 00:00:00,4876.24760662881
2014-05-21 00:00:00,7111.5275638948
2014-05-24 00:00:00,6606.702911286
2014-05-27 00:00:00,7345.3926869424
2014-05-30 00:00:00,6991.93140693451
2014-06-02 00:00:00,8438.5334710178
2014-06-05 00:00:00,8506.4339762052
2014-06-08 00:00:00,6295.8302301264
2014-06-11 00:00:00,8199.18704522751
2014-06-14 00:00:00,6485.3297569595
2014-06-17 00:00:00,8097.66274646
2014-06-20 00:00:00,7438.91602032
2014-06-23 00:00:00,7408.793623864
2014-06-26 00:00:00,6586.0653351096
2014-06-29 00:00:00,6068.69212740001
2014-07-02 00:00:00,8305.0591685425
2014-07-05 00:00:00,5374.92237504
2014-07-08 00:00:00,8056.9711827275
2014-07-11 00:00:00,7253.495600016
2014-07-14 00:00:00,7863.1381359808
2014-07-17 00:00:00,8012.7674286192
2014-07-20 00:00:00,6457.3725258
2014-07-23 00:00:00,7264.2702008
2014-07-26 00:00:00,5660.301081011
2014-07-29 00:00:00,6774.804857223
2014-08-01 00:00:00,7164.9064399104
2014-08-04 00:00:00,6760.5110953929
2014-08-07 00:00:00,6816.4725262273
2014-08-10 00:00:00,6782.659565352
2014-08-13 00:00:00,7541.5964723892
2014-08-16 00:00:00,7171.2189311972
2014-08-19 00:00:00,6853.541437638
2014-08-22 00:00:00,5806.4826143568
2014-08-25 00:00:00,8826.4047251132
2014-08-28 00:00:00,5817.4244516304
2014-08-31 00:00:00,4930.98310164
2014-09-03 00:00:00,6233.9052276485
2014-09-06 00:00:00,5475.2792931486
2014-09-09 00:00:00,7390.395481812
2014-09-12 00:00:00,5772.1652055298
2014-09-15 00:00:00,6589.445111438
2014-09-18 00:00:00,6033.262207623
2014-09-21 00:00:00,4207.6413034604
2014-09-24 00:00:00,5905.0261963733
2014-09-27 00:00:00,4444.5288907197
2014-09-30 00:00:00,4974.6203337656
2014-10-03 00:00:00,4795.692917499
2014-10-06 00:00:00,4354.7079855492
2014-10-09 00:00:00,5665.37320104
2014-10-12 00:00:00,4746.642066768
2014-10-15 00:00:00,5411.275370025
2014-10-18 00:00:00,4198.7992333274
2014-10-21 00:00:00,5726.2165899162
2014-10-24 00:00:00,4819.681932888
2014-10-27 00:00:00,4999.727939041
2014-10-30 00:00:00,4984.3199803099
2014-11-02 00:00:00,4280.485402767
2014-11-05 00:00:00,4718.8758616028
2014-11-08 00:00:00,3991.0132608591
2014-11-11 00:00:00,5033.293277804
2014-11-14 00:00:00,5718.2309056034
2014-11-17 00:00:00,6523.2447805265
2014-11-20 00:00:00,5312.438104386
2014-11-23 00:00:00,4513.8145825344
2014-11-26 00:00:00,5054.9869001808
2014-11-29 00:00:00,4712.9108911776
2014-12-02 00:00:00,6035.5263965086
2014-12-05 00:00:00,4698.4008604068
2014-12-08 00:00:00,7557.4526568158
2014-12-11 00:00:00,4704.5305270496
2014-12-14 00:00:00,4617.424972678
2014-12-17 00:00:00,5751.6364253544
2014-12-20 00:00:00,4318.7549254204
2014-12-23 00:00:00,4986.2391129738
2014-12-26 00:00:00,6476.3289167903
2014-12-29 00:00:00,5526.3149719675
2015-01-01 00:00:00,2989.225321836
2015-01-04 00:00:00,7189.9708804911
2015-01-07 00:00:00,3752.3005946492
2015-01-10 00:00:00,5046.4524344234
2015-01-13 00:00:00,4793.9339893224
2015-01-16 00:00:00,3691.6918359321
2015-01-19 00:00:00,3387.554752611
2015-01-22 00:00:00,3368.7669600934
2015-01-25 00:00:00,3665.6945465904
2015-01-28 00:00:00,3585.5429065344
2015-01-31 00:00:00,3439.6718552916
2015-02-03 00:00:00,3387.0337802465
2015-02-06 00:00:00,2937.4936833
2015-02-09 00:00:00,3836.6585724453
2015-02-12 00:00:00,2882.57856552
2015-02-15 00:00:00,3826.7798575
2015-02-18 00:00:00,4153.5037160809
2015-02-21 00:00:00,3414.9192459406
2015-02-24 00:00:00,3580.762454456
2015-02-27 00:00:00,3876.1262458791
2015-03-02 00:00:00,4755.540122413
2015-03-05 00:00:00,5028.883968486
2015-03-08 00:00:00,4290.9038829342
2015-03-11 00:00:00,5494.2516486
2015-03-14 00:00:00,3758.0834191419
2015-03-17 00:00:00,4352.7003273216
2015-03-20 00:00:00,4363.3787453391
2015-03-23 00:00:00,5186.3592930975
2015-03-26 00:00:00,3813.2259066276
2015-03-29 00:00:00,3435.866663376
2015-04-01 00:00:00,4566.2765605398
2015-04-04 00:00:00,4023.129044903
2015-04-07 00:00:00,4691.7546938316
2015-04-10 00:00:00,7251.63652566
2015-04-13 00:00:00,4507.91452837
2015-04-16 00:00:00,3494.7997374375
2015-04-19 00:00:00,3373.6190183982
2015-04-22 00:00:00,4109.936411378
2015-04-25 00:00:00,23285.7775355052
2015-04-28 00:00:00,4076.8165616619
2015-05-01 00:00:00,3450.0580613002
2015-05-04 00:00:00,3977.277103338
2015-05-07 00:00:00,3832.5113845857
2015-05-10 00:00:00,4126.0629308652
2015-05-13 00:00:00,4240.024600901
2015-05-16 00:00:00,3376.1090023437
2015-05-19 00:00:00,3782.7772204029
2015-05-22 00:00:00,3847.13747595
2015-05-25 00:00:00,3985.411014417
2015-05-28 00:00:00,3845.9651427722
2015-05-31 00:00:00,9280.371505693
2015-06-03 00:00:00,4324.1125151763
2015-06-06 00:00:00,3553.2664801932
2015-06-09 00:00:00,4332.2015410472
2015-06-12 00:00:00,4598.951601325
2015-06-15 00:00:00,5418.5689840716
2015-06-18 00:00:00,7373.6491213945
2015-06-21 00:00:00,3647.23668661
2015-06-24 00:00:00,4201.365944859
2015-06-27 00:00:00,4243.0585801366
2015-06-30 00:00:00,7919.3811912975
2015-07-03 00:00:00,6334.8793356312
2015-07-06 00:00:00,10635.9514811886
2015-07-09 00:00:00,11156.8532082605
2015-07-12 00:00:00,14062.9933788728
2015-07-15 00:00:00,7672.5030059464
2015-07-18 00:00:00,13370.2289053869
2015-07-21 00:00:00,7889.2431060954
2015-07-24 00:00:00,7565.6792182924
2015-07-27 00:00:00,10985.4098525622
2015-07-30 00:00:00,10259.16522922
2015-08-02 00:00:00,6406.81796352
2015-08-05 00:00:00,10939.00473945
2015-08-08 00:00:00,6656.3599602676
2015-08-11 00:00:00,7816.9296581543
2015-08-14 00:00:00,7055.2114157952
2015-08-17 00:00:00,6662.5058948826
2015-08-20 00:00:00,6518.78401756249
2015-08-23 00:00:00,5487.12071523
2015-08-26 00:00:00,6324.8146988232
2015-08-29 00:00:00,5193.112740192
2015-09-01 00:00:00,6144.6550709325
2015-09-04 00:00:00,6046.5753791092
2015-09-07 00:00:00,7446.737882262
2015-09-10 00:00:00,7783.607171787
2015-09-13 00:00:00,6353.1709350897
2015-09-16 00:00:00,6208.5589303356
2015-09-19 00:00:00,5283.49097232921
2015-09-22 00:00:00,6725.2540912766
2015-09-25 00:00:00,6942.8697339514
2015-09-28 00:00:00,6796.6281536653
2015-10-01 00:00:00,7555.7607305283
2015-10-04 00:00:00,4775.8696084703
2015-10-07 00:00:00,7023.7838990475
2015-10-10 00:00:00,6638.423270619
2015-10-13 00:00:00,6641.3630580233
2015-10-16 00:00:00,7817.0891501492
2015-10-19 00:00:00,8745.8010259621
2015-10-22 00:00:00,9023.40418724071
2015-10-25 00:00:00,9120.5005446702
2015-10-28 00:00:00,9622.7532178904
2015-10-31 00:00:00,9983.35910354134
2015-11-03 00:00:00,16426.6025670391
2015-11-06 00:00:00,13380.5064644113
2015-11-09 00:00:00,12419.871703006
2015-11-12 00:00:00,8835.44509502809
2015-11-15 00:00:00,8162.7776150458
2015-11-18 00:00:00,10730.9510899378
2015-11-21 00:00:00,8239.91844168513
2015-11-24 00:00:00,8486.06400846289
2015-11-27 00:00:00,9639.34134606601
2015-11-30 00:00:00,14242.4070360097
2015-12-03 00:00:00,11809.462699862
2015-12-06 00:00:00,12397.5490910312
2015-12-09 00:00:00,16634.3967787279
2015-12-12 00:00:00,16657.8328709254
2015-12-15 00:00:00,19605.406219709
2015-12-18 00:00:00,17531.4603517481
2015-12-21 00:00:00,19072.403709636
2015-12-24 00:00:00,17598.2503291491
2015-12-27 00:00:00,12210.7322196014
2015-12-30 00:00:00,14091.5908962925
2016-01-02 00:00:00,13798.467773381
2016-01-05 00:00:00,14331.0315327516
2016-01-08 00:00:00,16166.9303930398
2016-01-11 00:00:00,17251.0569841997
2016-01-14 00:00:00,14105.8054933542
2016-01-17 00:00:00,14340.4090563816
2016-01-20 00:00:00,18938.7762858548
2016-01-23 00:00:00,15254.6641692491
2016-01-26 00:00:00,19018.4829118397
2016-01-29 00:00:00,18397.4504063109
2016-02-01 00:00:00,21477.2027993069
2016-02-04 00:00:00,15305.1264824053
2016-02-07 00:00:00,15229.6520759672
2016-02-10 00:00:00,17340.7862322706
2016-02-13 00:00:00,14543.1228248229
2016-02-16 00:00:00,17988.0478840179
2016-02-19 00:00:00,19990.0761072607
2016-02-22 00:00:00,20973.0740151896
2016-02-25 00:00:00,19489.7516926411
2016-02-28 00:00:00,19986.4572402452
2016-03-02 00:00:00,39646.7711763309
2016-03-05 00:00:00,25266.6457760357
2016-03-08 00:00:00,18670.5777553879
2016-03-11 00:00:00,16729.2108508477
2016-03-14 00:00:00,17011.7421315318
2016-03-17 00:00:00,19676.3553550401
2016-03-20 00:00:00,14212.1563744043
2016-03-23 00:00:00,16301.6604054728
2016-03-26 00:00:00,14942.3413883505
2016-03-29 00:00:00,24392.9532661825
2016-04-01 00:00:00,22620.3237752225
2016-04-04 00:00:00,19334.9673185168
2016-04-07 00:00:00,19124.7217075689
2016-04-10 00:00:00,14104.5825464245
2016-04-13 00:00:00,19424.9977455249
2016-04-16 00:00:00,14710.7180732201
2016-04-19 00:00:00,19134.8626073556
2016-04-22 00:00:00,19815.8494609359
2016-04-25 00:00:00,20343.8976648361
2016-04-28 00:00:00,22214.5959055429
2016-05-01 00:00:00,15916.814312428
2016-05-04 00:00:00,22893.52811206
2016-05-07 00:00:00,17288.9686797979
2016-05-10 00:00:00,21900.7231795504
2016-05-13 00:00:00,22275.2404190491
2016-05-16 00:00:00,27622.1648764442
2016-05-19 00:00:00,25058.50799553
2016-05-22 00:00:00,19178.9244295079
2016-05-25 00:00:00,27088.3539446052
2016-05-28 00:00:00,26348.6651326883
2016-05-31 00:00:00,28795.3359508552
2016-06-03 00:00:00,30679.6205250204
2016-06-06 00:00:00,30835.3647367122
2016-06-09 00:00:00,31479.1419629276
2016-06-12 00:00:00,34503.1368128091
2016-06-15 00:00:00,57175.5065453682
2016-06-18 00:00:00,53013.0925837331
2016-06-21 00:00:00,55770.7832718823
2016-06-24 00:00:00,48766.2787491887
2016-06-27 00:00:00,39543.3084605855
2016-06-30 00:00:00,43145.9398139142
2016-07-03 00:00:00,31301.3390793632
2016-07-06 00:00:00,37558.3713446612
2016-07-09 00:00:00,31596.0301769353
2016-07-12 00:00:00,33704.2322899594
2016-07-15 00:00:00,36791.9733835198
2016-07-18 00:00:00,40298.0705282399
2016-07-21 00:00:00,40442.9447992527
2016-07-24 00:00:00,33859.1463461392
2016-07-27 00:00:00,49904.2244037415
2016-07-30 00:00:00,43676.1730627787
2016-08-02 00:00:00,48258.1930018101
2016-08-05 00:00:00,42375.1290705283
2016-08-08 00:00:00,51117.931431056
2016-08-11 00:00:00,47354.596959011
2016-08-14 00:00:00,35622.9564786607
2016-08-17 00:00:00,42998.4066450387
2016-08-20 00:00:00,35337.7163161925
2016-08-23 00:00:00,44394.9732154357
2016-08-26 00:00:00,36779.0241172892
2016-08-29 00:00:00,37743.0551483453
2016-09-01 00:00:00,36248.308980999
2016-09-04 00:00:00,28190.4271425622
2016-09-07 00:00:00,39131.803053895
2016-09-10 00:00:00,32537.364137596
2016-09-13 00:00:00,41221.7686122924
2016-09-16 00:00:00,39531.1045231661
2016-09-19 00:00:00,40170.0309705039
2016-09-22 00:00:00,37768.4157537908
2016-09-25 00:00:00,29797.2656271075
2016-09-28 00:00:00,39193.931916533
2016-10-01 00:00:00,36169.5234971879
2016-10-04 00:00:00,43218.0048134031
2016-10-07 00:00:00,44181.2116985448
2016-10-10 00:00:00,41705.9546685587
2016-10-13 00:00:00,44826.1895603027
2016-10-16 00:00:00,37505.9377424799
2016-10-19 00:00:00,39302.6381803463
2016-10-22 00:00:00,42765.312958532
2016-10-25 00:00:00,64703.4905016313
2016-10-28 00:00:00,56633.9756876709
2016-10-31 00:00:00,54194.484372746
2016-11-03 00:00:00,57175.2730622894
2016-11-06 00:00:00,49940.4114676865
2016-11-09 00:00:00,61031.7795638732
2016-11-12 00:00:00,46801.1340805275
2016-11-15 00:00:00,58000.9334973063
2016-11-18 00:00:00,62707.9247119842
2016-11-21 00:00:00,71519.6300307994
2016-11-24 00:00:00,101791.993229833
2016-11-27 00:00:00,59254.832745086
2016-11-30 00:00:00,73814.6951838237
2016-12-03 00:00:00,77608.6700486124
2016-12-06 00:00:00,90189.9660132897
2016-12-09 00:00:00,74907.5997327648
2016-12-12 00:00:00,72231.0190590798
2016-12-15 00:00:00,78062.8403428262
2016-12-18 00:00:00,65012.1920532956
2016-12-21 00:00:00,95798.7419892847
2016-12-24 00:00:00,75503.2395517369
2016-12-27 00:00:00,97504.7406375619
2016-12-30 00:00:00,96352.1334681864
2017-01-02 00:00:00,114872.988608787
2017-01-05 00:00:00,121958.044759229
2017-01-08 00:00:00,83380.7036458248
2017-01-11 00:00:00,94522.4708487502
2017-01-14 00:00:00,72980.3188068564
2017-01-17 00:00:00,98873.3995784105
2017-01-20 00:00:00,94202.1317988106
2017-01-23 00:00:00,100128.290432324
2017-01-26 00:00:00,111834.410345692
2017-01-29 00:00:00,112530.843129101
2017-02-01 00:00:00,150441.567752353
2017-02-04 00:00:00,141416.558783904
2017-02-07 00:00:00,179475.811119473
2017-02-10 00:00:00,138503.961123423
2017-02-13 00:00:00,136273.964270975
2017-02-16 00:00:00,173889.74581279
2017-02-19 00:00:00,141917.651450758
2017-02-22 00:00:00,204151.855455649
2017-02-25 00:00:00,232807.277539046
2017-02-28 00:00:00,270857.871246027
2017-03-03 00:00:00,331593.739397727
2017-03-06 00:00:00,306799.966237505
2017-03-09 00:00:00,278221.309889894
2017-03-12 00:00:00,229987.080871281
2017-03-15 00:00:00,302074.609605713
2017-03-18 00:00:00,226386.767937738
2017-03-21 00:00:00,271402.322753204
2017-03-24 00:00:00,229193.511157601
2017-03-27 00:00:00,195595.527269995
2017-03-30 00:00:00,214200.896080094
2017-04-02 00:00:00,198867.525756953
2017-04-05 00:00:00,274597.350905929
2017-04-08 00:00:00,207868.700942155
2017-04-11 00:00:00,277087.791711817
2017-04-14 00:00:00,283173.491550717
2017-04-17 00:00:00,225744.074968285
2017-04-20 00:00:00,281117.046687716
2017-04-23 00:00:00,223598.910438968
2017-04-26 00:00:00,331998.298824818
2017-04-29 00:00:00,346182.888042601
2017-05-02 00:00:00,394551.405650326
2017-05-05 00:00:00,414847.86643166
2017-05-08 00:00:00,534330.624363859
2017-05-11 00:00:00,512665.3127092
2017-05-14 00:00:00,560074.121573774
2017-05-17 00:00:00,884050.731096719
2017-05-20 00:00:00,773438.339689938
2017-05-23 00:00:00,1066192.03593239
2017-05-26 00:00:00,1139936.99605205
2017-05-29 00:00:00,1114427.04510492
2017-06-01 00:00:00,1363584.7277589
2017-06-04 00:00:00,1126248.42988557
2017-06-07 00:00:00,1889446.02387488
2017-06-10 00:00:00,1130401.72077919
2017-06-13 00:00:00,1300251.72424207
2017-06-16 00:00:00,912836.387919763
2017-06-19 00:00:00,1010154.48170922
2017-06-22 00:00:00,1217680.08596585
2017-06-25 00:00:00,661056.921609119
2017-06-28 00:00:00,987298.219841884
2017-07-01 00:00:00,629563.755648134
2017-07-04 00:00:00,762757.328956999
2017-07-07 00:00:00,612505.060885404
2017-07-10 00:00:00,505801.633750463
2017-07-13 00:00:00,497649.950987943
2017-07-16 00:00:00,322179.439381773
2017-07-19 00:00:00,464935.706630895
2017-07-22 00:00:00,481494.807773031
2017-07-25 00:00:00,453381.42453004
2017-07-28 00:00:00,518182.845760005
2017-07-31 00:00:00,543451.115084965
2017-08-03 00:00:00,344285.107793851
2017-08-06 00:00:00,283867.865993673
2017-08-09 00:00:00,534570.83656342
2017-08-12 00:00:00,797290.847985491
2017-08-15 00:00:00,1475001.5293553
2017-08-18 00:00:00,1433877.83708099
2017-08-21 00:00:00,1200404.69607832
2017-08-24 00:00:00,1697961.01052658
2017-08-27 00:00:00,1559972.01151143
2017-08-30 00:00:00,1809518.78954983
2017-09-02 00:00:00,1367183.37337861
2017-09-05 00:00:00,1232605.27005293
2017-09-08 00:00:00,990389.634588025
2017-09-11 00:00:00,673739.477943152
2017-09-14 00:00:00,569962.928543835
2017-09-17 00:00:00,364641.659759167
2017-09-20 00:00:00,578629.830555105
2017-09-23 00:00:00,373093.801119506
2017-09-26 00:00:00,592609.177594578
2017-09-29 00:00:00,478235.673119215
2017-10-02 00:00:00,793916.972561755
2017-10-05 00:00:00,703042.182222192
2017-10-08 00:00:00,511134.590048381
2017-10-11 00:00:00,721857.602298102
2017-10-14 00:00:00,1310093.78903519
2017-10-17 00:00:00,1195890.74672984
2017-10-20 00:00:00,946357.226968976
2017-10-23 00:00:00,1090236.02541525
2017-10-26 00:00:00,671986.848096686
2017-10-29 00:00:00,1656236.38165228
2017-11-01 00:00:00,1977416.51752933
2017-11-04 00:00:00,2002177.43249969
2017-11-07 00:00:00,2085777.29699265
2017-11-10 00:00:00,2226673.57449544
2017-11-13 00:00:00,4999532.24721179
2017-11-16 00:00:00,3762661.59828264
2017-11-19 00:00:00,1950293.49139473
2017-11-22 00:00:00,2114533.29714738
2017-11-25 00:00:00,1654673.31888089
2017-11-28 00:00:00,2422847.62826291
2017-12-01 00:00:00,2523605.5165762
2017-12-04 00:00:00,2628671.19487894
2017-12-07 00:00:00,5616087.21212116
2017-12-10 00:00:00,6991555.21904185
2017-12-13 00:00:00,10426814.1329204
2017-12-16 00:00:00,9962630.74029451
2017-12-19 00:00:00,12117323.339276
2017-12-22 00:00:00,21285645.3877237
2017-12-25 00:00:00,9798349.38333829
2017-12-28 00:00:00,11228111.8367905
2017-12-31 00:00:00,7307039.10502047
2018-01-03 00:00:00,11324841.6128776
2018-01-06 00:00:00,11572011.1365599
2018-01-09 00:00:00,11613675.7472945
2018-01-12 00:00:00,8444052.3487506
2018-01-15 00:00:00,7067805.76946109
2018-01-18 00:00:00,7636110.19048479
2018-01-21 00:00:00,4066809.78597951
2018-01-24 00:00:00,3107500.58856931
2018-01-27 00:00:00,1891789.4019741
2018-01-30 00:00:00,1723703.86380988
2018-02-02 00:00:00,2347594.242634
2018-02-05 00:00:00,1314099.47186097
2018-02-08 00:00:00,721166.982765556
2018-02-11 00:00:00,514636.550392491
2018-02-14 00:00:00,574753.705668146
2018-02-17 00:00:00,518618.330287271
2018-02-20 00:00:00,600792.581522344
2018-02-23 00:00:00,736940.178236701
2018-02-26 00:00:00,469262.203247795
2018-03-01 00:00:00,571658.030179525
2018-03-04 00:00:00,376575.397663029
2018-03-07 00:00:00,362763.413064963
2018-03-10 00:00:00,373957.849722365
2018-03-13 00:00:00,562265.201137159
2018-03-16 00:00:00,246331.386641185
2018-03-19 00:00:00,257964.538041811
2018-03-22 00:00:00,243433.397605638
2018-03-25 00:00:00,172790.98496436
2018-03-28 00:00:00,191960.62037316
2018-03-31 00:00:00,141903.567837474
2018-04-03 00:00:00,184306.183693692
2018-04-06 00:00:00,232442.647113699
2018-04-09 00:00:00,154038.389414718
2018-04-12 00:00:00,266496.022480929
2018-04-15 00:00:00,200151.720830125
2018-04-18 00:00:00,204008.0193652
2018-04-21 00:00:00,256724.378217089
2018-04-24 00:00:00,611131.000327029
2018-04-27 00:00:00,513813.606966268
2018-04-30 00:00:00,341436.854040725
2018-05-03 00:00:00,370633.57115484
2018-05-06 00:00:00,302058.507925822
2018-05-09 00:00:00,295323.127549282
2018-05-12 00:00:00,240517.78796073
2018-05-15 00:00:00,326596.529517555
2018-05-18 00:00:00,567346.296835895
2018-05-21 00:00:00,265937.08200591
2018-05-24 00:00:00,224856.200639036
2018-05-27 00:00:00,142632.374167849
2018-05-30 00:00:00,169206.671777695
2018-06-02 00:00:00,123728.535983432
2018-06-05 00:00:00,138693.08270385
2018-06-08 00:00:00,138039.547766099
2018-06-11 00:00:00,166594.389707846
2018-06-14 00:00:00,181353.587719954
2018-06-17 00:00:00,153476.98211175
2018-06-20 00:00:00,1375763.60886518
2018-06-23 00:00:00,201681.165588916
2018-06-26 00:00:00,200646.150853391
2018-06-29 00:00:00,161852.012566865
2018-07-02 00:00:00,152027.821771764
2018-07-05 00:00:00,130297.514746554
2018-07-08 00:00:00,106173.208280658
2018-07-11 00:00:00,131280.700647625
2018-07-14 00:00:00,93542.57929175
2018-07-17 00:00:00,176467.306839205
2018-07-20 00:00:00,171414.148696295
2018-07-23 00:00:00,201960.095250576
2018-07-26 00:00:00,196939.64725169
2018-07-29 00:00:00,128632.064382893
2018-08-01 00:00:00,161214.41249393
2018-08-04 00:00:00,125027.929135194
2018-08-07 00:00:00,131492.040602105
2018-08-10 00:00:00,130895.7935981
2018-08-13 00:00:00,128277.978463075
2018-08-16 00:00:00,152509.179387397
2018-08-19 00:00:00,109303.826815916
2018-08-22 00:00:00,161682.059575095
2018-08-25 00:00:00,141286.195319345
2018-08-28 00:00:00,315293.354754515
2018-08-31 00:00:00,176232.417610505
2018-09-03 00:00:00,144667.409790355
2018-09-06 00:00:00,200958.4502189
2018-09-09 00:00:00,117282.3585849
2018-09-12 00:00:00,150980.541990679
2018-09-15 00:00:00,102279.192429919
2018-09-18 00:00:00,120983.454192985
2018-09-21 00:00:00,171010.969391005
2018-09-24 00:00:00,104869.198440365
2018-09-27 00:00:00,154145.691517297
2018-09-30 00:00:00,101669.200418012
2018-10-03 00:00:00,138393.761514691
2018-10-06 00:00:00,115700.46483046
2018-10-09 00:00:00,109822.912384475
2018-10-12 00:00:00,114373.632294055
2018-10-15 00:00:00,148939.20585919
2018-10-18 00:00:00,117209.21854353
2018-10-21 00:00:00,80181.97305486
2018-10-24 00:00:00,108885.39055766
2018-10-27 00:00:00,85334.11388334
2018-10-30 00:00:00,118280.910952005
2018-11-02 00:00:00,118011.23135497
2018-11-05 00:00:00,118822.420313897
2018-11-08 00:00:00,135561.543332685
2018-11-11 00:00:00,89656.272250955
2018-11-14 00:00:00,157433.389744168
2018-11-17 00:00:00,120442.478506185
2018-11-20 00:00:00,319205.96282372
2018-11-23 00:00:00,158280.31328676
2018-11-26 00:00:00,146444.342784033
2018-11-29 00:00:00,190219.863248574
2018-12-02 00:00:00,95712.92689432
2018-12-05 00:00:00,100121.37095126
2018-12-08 00:00:00,66812.7644208559
2018-12-11 00:00:00,78284.401270355
2018-12-14 00:00:00,81167.265855545
2018-12-17 00:00:00,70170.60593796
2018-12-20 00:00:00,108908.82294331
2018-12-23 00:00:00,61586.79743681
2018-12-26 00:00:00,61224.992293185
2018-12-29 00:00:00,59331.217858355
2019-01-01 00:00:00,41541.14869832
2019-01-04 00:00:00,74019.968988175
2019-01-07 00:00:00,96377.3178312849
2019-01-10 00:00:00,99192.1059430529
2019-01-13 00:00:00,50842.92080623
2019-01-16 00:00:00,90360.76253915
2019-01-19 00:00:00,66289.113919865
2019-01-22 00:00:00,74224.191078255
2019-01-25 00:00:00,88476.172812655
2019-01-28 00:00:00,82838.08135573
2019-01-31 00:00:00,99308.573223475
2019-02-03 00:00:00,50881.463085955
2019-02-06 00:00:00,73427.777739637
2019-02-09 00:00:00,64210.598196605
2019-02-12 00:00:00,126939.55755758
2019-02-15 00:00:00,94454.66641078
2019-02-18 00:00:00,113419.108518855
2019-02-21 00:00:00,138165.985581815
2019-02-24 00:00:00,118261.491725949
2019-02-27 00:00:00,123971.346626385
2019-03-02 00:00:00,99021.205453925
2019-03-05 00:00:00,109344.601766855
2019-03-08 00:00:00,133717.826387705
2019-03-11 00:00:00,118893.62654973
2019-03-14 00:00:00,144536.09424684
2019-03-17 00:00:00,66480.58901329
2019-03-20 00:00:00,113634.443928061
2019-03-23 00:00:00,72427.901112635
2019-03-26 00:00:00,143682.837536205
2019-03-29 00:00:00,262812.60003831
2019-04-01 00:00:00,254946.549430344
2019-04-04 00:00:00,793922.274598044
2019-04-07 00:00:00,437895.499626728
2019-04-10 00:00:00,588501.835505562
2019-04-13 00:00:00,336535.182673185
2019-04-16 00:00:00,390243.55527819
2019-04-19 00:00:00,413578.621122323
2019-04-22 00:00:00,377961.8267204
2019-04-25 00:00:00,512617.28504571
2019-04-28 00:00:00,247870.94859326
2019-05-01 00:00:00,355112.39319592
2019-05-04 00:00:00,355778.377034773
2019-05-07 00:00:00,550568.76084536
2019-05-10 00:00:00,786365.15324744
2019-05-13 00:00:00,840292.0937122
2019-05-16 00:00:00,1853649.07416285
2019-05-19 00:00:00,996544.122010446
2019-05-22 00:00:00,1416401.39704072
2019-05-25 00:00:00,1031523.88459694
2019-05-28 00:00:00,1735508.55352325
2019-05-31 00:00:00,1713611.62299618
2019-06-03 00:00:00,1693015.42862659
2019-06-06 00:00:00,959903.722605092
2019-06-09 00:00:00,498962.708959555
2019-06-12 00:00:00,874622.13832975
2019-06-15 00:00:00,686185.09923132
2019-06-18 00:00:00,1069445.10156704
2019-06-21 00:00:00,1237370.87558488
2019-06-24 00:00:00,1120601.172317
2019-06-27 00:00:00,2392393.92450737
2019-06-30 00:00:00,1211030.04519003
2019-07-03 00:00:00,1072672.23297331
2019-07-06 00:00:00,591338.791661809
2019-07-09 00:00:00,892835.558041145
2019-07-12 00:00:00,785807.997424085
2019-07-15 00:00:00,664514.691084682
2019-07-18 00:00:00,724678.519566523
2019-07-21 00:00:00,396537.032389333
2019-07-24 00:00:00,484498.810267531
2019-07-27 00:00:00,321163.797224231
2019-07-30 00:00:00,575915.399547729
2019-08-02 00:00:00,468543.095737674
2019-08-05 00:00:00,505603.57497006
2019-08-08 00:00:00,832669.063714055
2019-08-11 00:00:00,348662.346249778
2019-08-14 00:00:00,615428.02705366
2019-08-17 00:00:00,364588.770434759
2019-08-20 00:00:00,511446.420869311
2019-08-23 00:00:00,429816.506458361
2019-08-26 00:00:00,343236.6536065
2019-08-29 00:00:00,327068.752371414
2019-09-01 00:00:00,192857.491518899
2019-09-04 00:00:00,394343.837806005
2019-09-07 00:00:00,280519.62622398
2019-09-10 00:00:00,382099.32054375
2019-09-13 00:00:00,284160.60451526
2019-09-16 00:00:00,300774.59147465
2019-09-19 00:00:00,372578.711265455
2019-09-22 00:00:00,205263.068586035
2019-09-25 00:00:00,365233.861125324
2019-09-28 00:00:00,188936.07082534
2019-10-01 00:00:00,403337.23901577
2019-10-04 00:00:00,226393.664453062
2019-10-07 00:00:00,198859.453202018
2019-10-10 00:00:00,287692.428761435
2019-10-13 00:00:00,137194.612373259
2019-10-16 00:00:00,234620.7162171
2019-10-19 00:00:00,146309.781508489
2019-10-22 00:00:00,182479.604364675
2019-10-25 00:00:00,286760.518676085
2019-10-28 00:00:00,359930.913188018
2019-10-31 00:00:00,325657.552920955
2019-11-03 00:00:00,241157.743836065
2019-11-06 00:00:00,361228.763443005
2019-11-09 00:00:00,259400.115939804
2019-11-12 00:00:00,250157.402188155
2019-11-15 00:00:00,254521.850697922
2019-11-18 00:00:00,233181.518608715
2019-11-21 00:00:00,288483.995467707
2019-11-24 00:00:00,121515.702754575
2019-11-27 00:00:00,245831.557247821
2019-11-30 00:00:00,208511.820185835
2019-12-03 00:00:00,186384.614615595
2019-12-06 00:00:00,185216.821433886
2019-12-09 00:00:00,162681.966484135
2019-12-12 00:00:00,161743.952500285
2019-12-15 00:00:00,144956.049736998
2019-12-18 00:00:00,187707.777228705
2019-12-21 00:00:00,118710.31831236
2019-12-24 00:00:00,128678.07161855
2019-12-27 00:00:00,125276.93713638
2019-12-30 00:00:00,116649.654471028
2020-01-02 00:00:00,97556.22325633
2020-01-05 00:00:00,88532.5113295912
2020-01-08 00:00:00,253639.224523445
2020-01-11 00:00:00,149746.64073864
2020-01-14 00:00:00,224956.373426505
2020-01-17 00:00:00,215116.699962192
2020-01-20 00:00:00,146878.042932375
2020-01-23 00:00:00,178026.067869385
2020-01-26 00:00:00,90371.85278697
2020-01-29 00:00:00,190781.284329835
2020-02-01 00:00:00,163807.06832045
2020-02-04 00:00:00,218242.472432848
2020-02-07 00:00:00,308132.36494327
2020-02-10 00:00:00,279935.034812314
2020-02-13 00:00:00,364422.754256368
2020-02-16 00:00:00,213823.583470045
2020-02-19 00:00:00,321939.09125211
2020-02-22 00:00:00,177059.21594133
2020-02-25 00:00:00,241495.287671946
2020-02-28 00:00:00,228249.806726255
2020-03-02 00:00:00,201941.75478917
2020-03-05 00:00:00,220221.476485165
2020-03-08 00:00:00,139865.50707628
2020-03-11 00:00:00,231568.26789909
2020-03-14 00:00:00,286980.174486856
2020-03-17 00:00:00,330277.543553364
2020-03-20 00:00:00,517762.907913405
2020-03-23 00:00:00,317062.669366249
2020-03-26 00:00:00,366817.285029733
2020-03-29 00:00:00,129282.041117055
2020-04-01 00:00:00,169072.93673951
2020-04-04 00:00:00,113034.25148237
2020-04-07 00:00:00,186825.764900079
2020-04-10 00:00:00,144680.59318499
2020-04-13 00:00:00,114113.232737325
2020-04-16 00:00:00,198528.97918529
2020-04-19 00:00:00,111572.46401451
2020-04-22 00:00:00,178220.413801023
2020-04-25 00:00:00,209882.174790355
2020-04-28 00:00:00,214812.785011675
2020-05-01 00:00:00,997350.01386165
2020-05-04 00:00:00,588614.779659312
2020-05-07 00:00:00,840525.08231752
2020-05-10 00:00:00,555622.759303741
2020-05-13 00:00:00,997849.367271426
2020-05-16 00:00:00,1018775.6908057
2020-05-19 00:00:00,1803715.02037417
2020-05-22 00:00:00,1447001.42415917
2020-05-25 00:00:00,812882.458533699
2020-05-28 00:00:00,826468.01321037
2020-05-31 00:00:00,582754.267796826
2020-06-03 00:00:00,784999.11860107
2020-06-06 00:00:00,310840.27498877
2020-06-09 00:00:00,343909.918917795
2020-06-12 00:00:00,281531.456330825
2020-06-15 00:00:00,317051.224608405
2020-06-18 00:00:00,421236.57968918
2020-06-21 00:00:00,239065.2058985
2020-06-24 00:00:00,398689.9593605
2020-06-27 00:00:00,213082.68396448
2020-06-30 00:00:00,392985.46204946
2020-07-03 00:00:00,498172.581762145
2020-07-06 00:00:00,349099.4013014
2020-07-09 00:00:00,518086.103640047
2020-07-12 00:00:00,227342.071313755
2020-07-15 00:00:00,593077.084228825
2020-07-18 00:00:00,702713.66922192
2020-07-21 00:00:00,952835.609468845
2020-07-24 00:00:00,1189465.04264751
2020-07-27 00:00:00,1286923.31716324
2020-07-30 00:00:00,1987589.69845539
2020-08-02 00:00:00,1207471.72131422
2020-08-05 00:00:00,1571054.89168858
2020-08-08 00:00:00,923272.89716504
2020-08-11 00:00:00,1762181.82905809
2020-08-14 00:00:00,1278361.99223642
2020-08-17 00:00:00,991647.71750867
2020-08-20 00:00:00,1542784.7669190455
2020-08-23 00:00:00,698530.3493479552
2020-08-26 00:00:00,1236888.4032348553
2020-08-29 00:00:00,757703.1379612649
2020-09-01 00:00:00,1498947.0520710347
2020-09-04 00:00:00,1625864.517255361
2020-09-07 00:00:00,988468.9795823685
2020-09-10 00:00:00,1140820.8021463135
2020-09-13 00:00:00,509032.02982522396
2020-09-16 00:00:00,847678.0897720396
2020-09-19 00:00:00,523699.8649147499
2020-09-22 00:00:00,776069.7873603869
2020-09-25 00:00:00,837679.47297812