Timestamp,transactions-per-second
2016-06-11 00:00:00,1.98333333333333
2016-06-12 01:00:00,2.03333333333333
2016-06-13 02:00:00,2.5
2016-06-14 03:00:00,3
2016-06-15 04:00:00,2.43333333333333
2016-06-16 05:00:00,2.73333333333333
2016-06-17 06:00:00,2.7
2016-06-18 07:00:00,2.66666666666667
2016-06-19 08:00:00,2.61666666666667
2016-06-20 09:00:00,3.05
2016-06-21 10:00:00,2.76666666666667
2016-06-22 11:00:00,3.03333333333333
2016-06-23 12:00:00,2.7
2016-06-24 13:00:00,2.96666666666667
2016-06-25 14:00:00,2.5
2016-06-26 15:00:00,2.36666666666667
2016-06-27 16:00:00,2.83333333333333
2016-06-28 17:00:00,2.56666666666667
2016-06-29 18:00:00,2.25
2016-06-30 19:00:00,2.65
2016-07-01 20:00:00,2.23333333333333
2016-07-02 21:00:00,1.68333333333333
2016-07-03 22:00:00,1.8
2016-07-04 23:00:00,2.03333333333333
2016-07-06 00:00:00,1.78333333333333
2016-07-07 01:00:00,2.31666666666667
2016-07-08 02:00:00,2.48333333333333
2016-07-09 03:00:00,1.91666666666667
2016-07-10 04:00:00,1.71666666666667
2016-07-11 05:00:00,1.9
2016-07-12 06:00:00,2
2016-07-13 07:00:00,1.96666666666667
2016-07-14 08:00:00,2.01666666666667
2016-07-15 09:00:00,3.15
2016-07-16 10:00:00,1.81666666666667
2016-07-17 11:00:00,1.85
2016-07-18 12:00:00,2.4
2016-07-19 13:00:00,3.05
2016-07-20 14:00:00,2.7
2016-07-21 15:00:00,3.2
2016-07-22 16:00:00,2.93333333333333
2016-07-23 17:00:00,2.08333333333333
2016-07-24 18:00:00,2.18333333333333
2016-07-25 19:00:00,2.7
2016-07-26 20:00:00,2.78333333333333
2016-07-27 21:00:00,2.13333333333333
2016-07-28 22:00:00,1.98333333333333
2016-07-29 23:00:00,1.6
2016-07-31 00:00:00,1.85
2016-08-01 01:00:00,1.75
2016-08-02 02:00:00,2.51666666666667
2016-08-03 03:00:00,2.26666666666667
2016-08-04 04:00:00,2.18333333333333
2016-08-05 05:00:00,1.95
2016-08-06 06:00:00,2.48333333333333
2016-08-07 07:00:00,1.76666666666667
2016-08-08 08:00:00,2.05
2016-08-09 09:00:00,2.66666666666667
2016-08-10 10:00:00,2.65
2016-08-11 11:00:00,2.53333333333333
2016-08-12 12:00:00,2.93333333333333
2016-08-13 13:00:00,2.26666666666667
2016-08-14 14:00:00,2.76666666666667
2016-08-15 15:00:00,3.43333333333333
2016-08-16 16:00:00,3.66666666666667
2016-08-17 17:00:00,3.05
2016-08-18 18:00:00,2.73333333333333
2016-08-19 19:00:00,2.83333333333333
2016-08-20 20:00:00,2.01666666666667
2016-08-21 21:00:00,1.85
2016-08-22 22:00:00,2.38333333333333
2016-08-23 23:00:00,2.23333333333333
2016-08-25 00:00:00,2.41666666666667
2016-08-26 01:00:00,2.36666666666667
2016-08-27 02:00:00,1.76666666666667
2016-08-28 03:00:00,1.61666666666667
2016-08-29 04:00:00,2.03333333333333
2016-08-30 05:00:00,2.4
2016-08-31 06:00:00,2.2
2016-09-01 07:00:00,2.73333333333333
2016-09-02 08:15:00,2.58333333333333
2016-09-03 09:15:00,1.76666666666667
2016-09-04 10:15:00,2.03333333333333
2016-09-05 11:15:00,2.55
2016-09-06 12:15:00,2.55
2016-09-07 13:15:00,3.15
2016-09-08 14:15:00,3.21666666666667
2016-09-09 15:15:00,3.31666666666667
2016-09-10 16:15:00,2.6
2016-09-11 17:15:00,2.4
2016-09-12 18:15:00,2.51666666666667
2016-09-13 19:15:00,2.36666666666667
2016-09-14 20:15:00,2.38333333333333
2016-09-15 21:15:00,2.56666666666667
2016-09-16 22:15:00,1.78333333333333
2016-09-17 23:15:00,1.58333333333333
2016-09-19 00:15:00,1.73333333333333
2016-09-20 01:15:00,2.2
2016-09-21 02:15:00,2.26666666666667
2016-09-22 03:15:00,2.18333333333333
2016-09-23 04:15:00,2.08333333333333
2016-09-24 05:15:00,1.76666666666667
2016-09-25 06:15:00,1.7
2016-09-26 07:15:00,2.3
2016-09-27 08:15:00,2.51666666666667
2016-09-28 09:15:00,2.41666666666667
2016-09-29 10:15:00,2.85
2016-09-30 11:15:00,3.01666666666667
2016-10-01 12:15:00,2.61666666666667
2016-10-02 13:15:00,2.7
2016-10-03 14:15:00,3.7
2016-10-04 15:15:00,3.68333333333333
2016-10-05 16:15:00,4.2
2016-10-06 17:15:00,3.73333333333333
2016-10-07 18:15:00,3.85
2016-10-08 19:15:00,3.16666666666667
2016-10-09 20:15:00,2.63333333333333
2016-10-10 21:15:00,2.25
2016-10-11 22:15:00,2.08333333333333
2016-10-12 23:15:00,2.4
2016-10-14 00:15:00,2.15
2016-10-15 01:15:00,1.95
2016-10-16 02:15:00,1.8
2016-10-17 03:15:00,1.8
2016-10-18 04:15:00,1.91666666666667
2016-10-19 05:15:00,2.2
2016-10-20 06:15:00,2.25
2016-10-21 07:15:00,2.88333333333333
2016-10-22 08:15:00,2.28333333333333
2016-10-23 09:15:00,1.83333333333333
2016-10-24 10:15:00,2.85
2016-10-25 11:15:00,3.53333333333333
2016-10-26 12:15:00,2.5
2016-10-27 13:15:00,3.26666666666667
2016-10-28 14:15:00,3.33333333333333
2016-10-29 15:15:00,3.6
2016-10-30 16:15:00,2.9
2016-10-31 17:15:00,3.53333333333333
2016-11-01 18:15:00,3.15
2016-11-02 19:15:00,3.35
2016-11-03 20:15:00,3.48333333333333
2016-11-04 21:15:00,2.61666666666667
2016-11-05 22:15:00,2.5
2016-11-06 23:15:00,2.26666666666667
2016-11-08 00:15:00,3.18333333333333
2016-11-09 01:15:00,3.05
2016-11-10 02:15:00,2.55
2016-11-11 03:15:00,2.51666666666667
2016-11-12 04:15:00,1.75
2016-11-13 05:15:00,1.88333333333333
2016-11-14 06:15:00,2.11666666666667
2016-11-15 07:15:00,2.6
2016-11-16 08:15:00,3.01666666666667
2016-11-17 09:15:00,2.93333333333333
2016-11-18 10:15:00,3.3
2016-11-19 11:15:00,3.05
2016-11-20 12:15:00,2.61666666666667
2016-11-21 13:15:00,3.61666666666667
2016-11-22 14:15:00,4.63333333333333
2016-11-23 15:15:00,3.75
2016-11-24 16:15:00,4.11666666666667
2016-11-25 17:15:00,4
2016-11-26 18:15:00,3.31666666666667
2016-11-27 19:15:00,2.93333333333333
2016-11-28 20:15:00,3.53333333333333
2016-11-29 21:15:00,3.01666666666667
2016-11-30 22:15:00,3.38333333333333
2016-12-01 23:15:00,2.41666666666667
2016-12-03 00:15:00,2.63333333333333
2016-12-04 01:15:00,2.4
2016-12-05 02:15:00,2.3
2016-12-06 03:15:00,2.51666666666667
2016-12-07 04:15:00,3.05
2016-12-08 05:15:00,2.63333333333333
2016-12-09 06:15:00,2.56666666666667
2016-12-10 07:15:00,2.46666666666667
2016-12-11 08:15:00,3.13333333333333
2016-12-12 09:15:00,3
2016-12-13 10:15:00,3.48333333333333
2016-12-14 11:15:00,4.41666666666667
2016-12-15 12:15:00,3.43333333333333
2016-12-16 13:15:00,3.58333333333333
2016-12-17 14:15:00,3.13333333333333
2016-12-18 15:15:00,3.15
2016-12-19 16:15:00,4.86666666666667
2016-12-20 17:15:00,3.71666666666667
2016-12-21 18:15:00,3.65
2016-12-22 19:15:00,3.5
2016-12-23 20:15:00,3.43333333333333
2016-12-24 21:15:00,2.65
2016-12-25 22:15:00,2.18333333333333
2016-12-26 23:15:00,2.73333333333333
2016-12-28 00:15:00,2.86666666666667
2016-12-29 01:15:00,2.86666666666667
2016-12-30 02:15:00,2.78333333333333
2016-12-31 03:15:00,2.6
2017-01-01 04:15:00,1.65
2017-01-02 05:15:00,2.58333333333333
2017-01-03 06:15:00,2.65
2017-01-04 07:15:00,3.66666666666667
2017-01-05 08:15:00,3.48333333333333
2017-01-06 09:15:00,3.46666666666667
2017-01-07 10:15:00,2.95
2017-01-08 11:15:00,2.95
2017-01-09 12:15:00,3.45
2017-01-10 13:15:00,4.1
2017-01-11 14:15:00,3.76666666666667
2017-01-12 15:15:00,4.06666666666667
2017-01-13 16:15:00,3.83333333333333
2017-01-14 17:15:00,3.1
2017-01-15 18:15:00,3.36666666666667
2017-01-16 19:15:00,3.51666666666667
2017-01-17 20:15:00,3.61666666666667
2017-01-18 21:15:00,3.28333333333333
2017-01-19 22:15:00,3.23333333333333
2017-01-20 23:15:00,2.75
2017-01-22 00:15:00,2.38333333333333
2017-01-23 01:15:00,2.63333333333333
2017-01-24 02:15:00,1.98333333333333
2017-01-25 03:15:00,2.33333333333333
2017-01-26 04:15:00,2.93333333333333
2017-01-27 05:15:00,1.9
2017-01-28 06:15:00,2.33333333333333
2017-01-29 07:15:00,2.13333333333333
2017-01-30 08:15:00,3.05
2017-01-31 09:15:00,3.53333333333333
2017-02-01 10:15:00,3.75
2017-02-02 11:15:00,3.58333333333333
2017-02-03 12:15:00,3.43333333333333
2017-02-04 13:15:00,3.41666666666667
2017-02-05 14:15:00,3.45
2017-02-06 15:15:00,3.25
2017-02-07 16:15:00,3.83333333333333
2017-02-08 17:15:00,4.13333333333333
2017-02-09 18:15:00,4.08333333333333
2017-02-10 19:15:00,3.8
2017-02-11 20:15:00,2.9
2017-02-12 21:15:00,3.23333333333333
2017-02-13 22:15:00,3.21666666666667
2017-02-14 23:15:00,2.91666666666667
2017-02-16 00:15:00,2.46666666666667
2017-02-17 01:15:00,2.55
2017-02-18 02:15:00,2.3
2017-02-19 03:15:00,2.01666666666667
2017-02-20 04:15:00,2.4
2017-02-21 05:15:00,2.55
2017-02-22 06:15:00,2.75
2017-02-23 07:15:00,2.71666666666667
2017-02-24 08:15:00,3.28333333333333
2017-02-25 09:15:00,3.25
2017-02-26 10:15:00,2.85
2017-02-27 11:15:00,3.58333333333333
2017-02-28 12:15:00,4.13333333333333
2017-03-01 13:15:00,3.96666666666667
2017-03-02 14:15:00,4.46666666666667
2017-03-03 15:15:00,3.85
2017-03-04 16:15:00,3.78333333333333
2017-03-05 17:15:00,3.4
2017-03-06 18:15:00,4.61666666666667
2017-03-07 19:15:00,5.11666666666667
2017-03-08 20:15:00,3.45
2017-03-09 21:15:00,3.3
2017-03-10 22:15:00,3.96666666666667
2017-03-11 23:15:00,2.51666666666667
2017-03-13 00:15:00,2.81666666666667
2017-03-14 01:15:00,3.21666666666667
2017-03-15 02:15:00,2.13333333333333
2017-03-16 03:15:00,2.53333333333333
2017-03-17 04:15:00,2.96666666666667
2017-03-18 05:15:00,2.3
2017-03-19 06:15:00,2.31666666666667
2017-03-20 07:15:00,2.56666666666667
2017-03-21 08:15:00,2.78333333333333
2017-03-22 09:15:00,2.98333333333333
2017-03-23 10:15:00,3.43333333333333
2017-03-24 11:15:00,2.88333333333333
2017-03-25 12:15:00,2.6
2017-03-26 13:15:00,2.45
2017-03-27 14:15:00,3.98333333333333
2017-03-28 15:15:00,4.31666666666667
2017-03-29 16:15:00,3.18333333333333
2017-03-30 17:15:00,3.18333333333333
2017-03-31 18:15:00,2.9
2017-04-01 19:15:00,3.08333333333333
2017-04-02 20:15:00,3.23333333333333
2017-04-03 21:15:00,3.38333333333333
2017-04-04 22:15:00,2.76666666666667
2017-04-05 23:15:00,3.08333333333333
2017-04-07 00:15:00,2.58333333333333
2017-04-08 01:15:00,2.26666666666667
2017-04-09 02:15:00,2.15
2017-04-10 03:15:00,2.7
2017-04-11 04:15:00,2.81666666666667
2017-04-12 05:15:00,2.5
2017-04-13 06:15:00,2.6
2017-04-14 07:15:00,3.18333333333333
2017-04-15 08:15:00,2.63333333333333
2017-04-16 09:15:00,1.83333333333333
2017-04-17 10:15:00,2.65
2017-04-18 11:15:00,3.13333333333333
2017-04-19 12:15:00,3.51666666666667
2017-04-20 13:15:00,2.91666666666667
2017-04-21 14:15:00,3.53333333333333
2017-04-22 15:15:00,3.96666666666667
2017-04-23 16:15:00,3.8
2017-04-24 17:15:00,3.36666666666667
2017-04-25 18:15:00,4.66666666666667
2017-04-26 19:15:00,4.11666666666667
2017-04-27 20:15:00,4.55
2017-04-28 21:15:00,3.76666666666667
2017-04-29 22:15:00,4.03333333333333
2017-04-30 23:15:00,2.88333333333333
2017-05-02 00:15:00,2.96666666666667
2017-05-03 01:15:00,2.96666666666667
2017-05-04 02:15:00,3.16666666666667
2017-05-05 03:15:00,2.83333333333333
2017-05-06 04:15:00,2.68333333333333
2017-05-07 05:15:00,2.43333333333333
2017-05-08 06:15:00,2.86666666666667
2017-05-09 07:15:00,3.66666666666667
2017-05-10 08:15:00,3.01666666666667
2017-05-11 09:15:00,3.15
2017-05-12 10:15:00,2.91666666666667
2017-05-13 11:30:00,2.78333333333333
2017-05-14 12:30:00,2.58333333333333
2017-05-15 13:30:00,3.65
2017-05-16 14:30:00,3.6
2017-05-17 15:30:00,4.03333333333333
2017-05-18 16:30:00,3.11666666666667
2017-05-19 17:30:00,3.66666666666667
2017-05-20 18:30:00,2.83333333333333
2017-05-21 19:30:00,3.21666666666667
2017-05-22 20:30:00,4
2017-05-23 21:30:00,2.4
2017-05-24 22:30:00,2.81666666666667
2017-05-25 23:30:00,3.9
2017-05-27 00:30:00,2.53333333333333
2017-05-28 01:30:00,2.63333333333333
2017-05-29 02:30:00,2.71666666666667
2017-05-30 03:30:00,2.95
2017-05-31 04:30:00,2.78333333333333
2017-06-01 05:30:00,3.11666666666667
2017-06-02 06:30:00,2.56666666666667
2017-06-03 07:30:00,2.61666666666667
2017-06-04 08:30:00,2.63333333333333
2017-06-05 09:30:00,3.08333333333333
2017-06-06 10:30:00,3.96666666666667
2017-06-07 11:30:00,3.58333333333333
2017-06-08 12:30:00,3.46666666666667
2017-06-09 13:30:00,2.65
2017-06-10 14:30:00,3.63333333333333
2017-06-11 15:30:00,3.11666666666667
2017-06-12 16:30:00,3.96666666666667
2017-06-13 17:30:00,4.05
2017-06-14 18:30:00,3.08333333333333
2017-06-15 19:30:00,3.7
2017-06-16 20:30:00,3.33333333333333
2017-06-17 21:30:00,2.08333333333333
2017-06-18 22:30:00,1.9
2017-06-19 23:30:00,2.36666666666667
2017-06-21 00:30:00,2.85
2017-06-22 01:30:00,2.23333333333333
2017-06-23 02:30:00,2.98333333333333
2017-06-24 03:30:00,1.98333333333333
2017-06-25 04:45:00,1.81666666666667
2017-06-26 05:45:00,2.2
2017-06-27 06:45:00,2.58333333333333
2017-06-28 07:45:00,2.65
2017-06-29 08:45:00,2.86666666666667
2017-06-30 09:45:00,2.36666666666667
2017-07-01 10:45:00,2.43333333333333
2017-07-02 11:45:00,2.05
2017-07-03 12:45:00,3.3
2017-07-04 13:45:00,3.41666666666667
2017-07-05 14:45:00,3.4
2017-07-06 15:45:00,3.18333333333333
2017-07-07 16:45:00,2.58333333333333
2017-07-08 17:45:00,2.43333333333333
2017-07-09 18:45:00,2.4
2017-07-10 19:45:00,3.15
2017-07-11 20:45:00,3.26666666666667
2017-07-12 21:45:00,3.01666666666667
2017-07-13 22:45:00,2.86666666666667
2017-07-14 23:45:00,1.76666666666667
2017-07-16 00:45:00,2.01666666666667
2017-07-17 01:45:00,1.56666666666667
2017-07-18 02:45:00,2.6
2017-07-19 03:45:00,2.71666666666667
2017-07-20 04:45:00,2.08333333333333
2017-07-21 05:45:00,2.51666666666667
2017-07-22 06:45:00,1.78333333333333
2017-07-23 07:45:00,1.61666666666667
2017-07-24 08:45:00,2.48333333333333
2017-07-25 09:45:00,2.5
2017-07-26 10:45:00,2.6
2017-07-27 11:45:00,2.96666666666667
2017-07-28 12:45:00,3.1
2017-07-29 13:45:00,2.23333333333333
2017-07-30 14:45:00,2.33333333333333
2017-07-31 15:45:00,3.13333333333333
2017-08-01 16:45:00,1.58333333333333
2017-08-02 17:45:00,3.03333333333333
2017-08-03 18:45:00,2.73333333333333
2017-08-04 19:45:00,2.86666666666667
2017-08-05 20:45:00,2.88333333333333
2017-08-06 21:45:00,2.35
2017-08-07 22:45:00,2.91666666666667
2017-08-08 23:45:00,2.45
2017-08-10 00:45:00,2.26666666666667
2017-08-11 01:45:00,2.53333333333333
2017-08-12 02:45:00,2.51666666666667
2017-08-13 03:45:00,2.75
2017-08-14 04:45:00,2.5
2017-08-15 05:45:00,3
2017-08-16 06:45:00,2.35
2017-08-17 07:45:00,2.98333333333333
2017-08-18 08:45:00,2.85
2017-08-19 09:45:00,2.6
2017-08-20 10:45:00,2.31666666666667
2017-08-21 11:45:00,3.4
2017-08-22 12:45:00,2.68333333333333
2017-08-23 13:45:00,3.8
2017-08-24 14:45:00,3.63333333333333
2017-08-25 15:45:00,2.65
2017-08-26 16:45:00,2.1
2017-08-27 17:45:00,2.33333333333333
2017-08-28 18:45:00,2.33333333333333
2017-08-29 19:45:00,2.95
2017-08-30 20:45:00,3.36666666666667
2017-08-31 21:45:00,3.25
2017-09-01 22:45:00,2.7
2017-09-02 23:45:00,2
2017-09-04 00:45:00,1.83333333333333
2017-09-05 01:45:00,2.68333333333333
2017-09-06 02:45:00,2.81666666666667
2017-09-07 03:45:00,2.61666666666667
2017-09-08 04:45:00,2.13333333333333
2017-09-09 05:45:00,2.03333333333333
2017-09-10 06:45:00,2.15
2017-09-11 07:45:00,2.31666666666667
2017-09-12 08:45:00,2.78333333333333
2017-09-13 09:45:00,2.83333333333333
2017-09-14 10:45:00,3.01666666666667
2017-09-15 11:45:00,4.2
2017-09-16 12:45:00,2.55
2017-09-17 13:45:00,2.56666666666667
2017-09-18 14:45:00,3.68333333333333
2017-09-19 15:45:00,3.61666666666667
2017-09-20 16:45:00,2.65
2017-09-21 17:45:00,3.6
2017-09-22 18:45:00,2.85
2017-09-23 19:45:00,2.73333333333333
2017-09-24 20:45:00,2.06666666666667
2017-09-25 21:45:00,2.96666666666667
2017-09-26 22:45:00,2.58333333333333
2017-09-27 23:45:00,2.65
2017-09-29 03:00:00,2.08333333333333
2017-09-30 04:00:00,2.13333333333333
2017-10-01 05:00:00,1.9
2017-10-02 06:00:00,3.23333333333333
2017-10-03 07:00:00,2.71666666666667
2017-10-04 08:00:00,2.51666666666667
2017-10-05 09:00:00,3.08333333333333
2017-10-06 10:00:00,3.13333333333333
2017-10-07 11:00:00,2.5
2017-10-08 12:00:00,2.66666666666667
2017-10-09 13:00:00,4.03333333333333
2017-10-10 14:00:00,3.78333333333333
2017-10-11 15:00:00,3.65
2017-10-12 16:00:00,4.21666666666667
2017-10-13 17:00:00,4.33333333333333
2017-10-14 18:00:00,3.8
2017-10-15 19:00:00,4.13333333333333
2017-10-16 20:00:00,3.38333333333333
2017-10-17 21:00:00,4.06666666666667
2017-10-18 22:00:00,3.66666666666667
2017-10-19 23:00:00,3.55
2017-10-21 00:00:00,3.41666666666667
2017-10-22 01:00:00,2.61666666666667
2017-10-23 02:00:00,2.51666666666667
2017-10-24 03:00:00,3.23333333333333
2017-10-25 04:00:00,2.96666666666667
2017-10-27 02:15:00,1.75
2017-10-28 03:15:00,2.55
2017-10-29 04:15:00,2.08333333333333
2017-10-30 05:15:00,2.66666666666667
2017-10-31 06:15:00,2.7
2017-11-01 07:15:00,2.83333333333333
2017-11-02 08:15:00,3.43333333333333
2017-11-03 09:15:00,3.83333333333333
2017-11-04 10:15:00,2.55
2017-11-05 11:15:00,2.68333333333333
2017-11-06 12:15:00,4.2
2017-11-07 13:15:00,3.78333333333333
2017-11-08 14:15:00,3.31666666666667
2017-11-09 15:15:00,4.8
2017-11-10 16:15:00,4.76666666666667
2017-11-11 17:15:00,3.2
2017-11-12 18:15:00,1.18333333333333
2017-11-13 19:15:00,3.58333333333333
2017-11-14 20:15:00,3.4
2017-11-15 21:15:00,3.65
2017-11-16 22:15:00,3.85
2017-11-17 23:15:00,2.65
2017-11-19 00:15:00,1.71666666666667
2017-11-20 01:15:00,2.5
2017-11-21 02:15:00,3.66666666666667
2017-11-22 03:15:00,3.3
2017-11-23 04:15:00,3.01666666666667
2017-11-24 05:15:00,2.96666666666667
2017-11-25 06:15:00,2.6
2017-11-26 07:15:00,3.75
2017-11-27 08:15:00,4.51666666666667
2017-11-28 09:15:00,3.71666666666667
2017-11-29 10:15:00,4.21666666666667
2017-11-30 11:15:00,4.1
2017-12-01 12:15:00,3.96666666666667
2017-12-02 13:15:00,3.5
2017-12-03 14:15:00,4.26666666666667
2017-12-04 15:15:00,5.61666666666667
2017-12-05 16:15:00,5.56666666666667
2017-12-06 17:15:00,5.25
2017-12-07 19:15:00,3.88333333333333
2017-12-08 20:15:00,3.86666666666667
2017-12-09 21:15:00,3.9
2017-12-10 22:15:00,3.55
2017-12-11 23:15:00,3.08333333333333
2017-12-13 00:15:00,3.48333333333333
2017-12-14 01:15:00,6.98333333333333
2017-12-15 02:15:00,2.66666666666667
2017-12-16 03:15:00,3.9
2017-12-17 04:15:00,3.7
2017-12-18 05:15:00,3.58333333333333
2017-12-19 06:15:00,6.5
2017-12-20 07:15:00,2.58333333333333
2017-12-21 08:15:00,3.43333333333333
2017-12-22 09:15:00,3.71666666666667
2017-12-23 10:15:00,3.33333333333333
2017-12-24 11:15:00,2.41666666666667
2017-12-25 12:15:00,2.6
2017-12-26 13:15:00,2.43333333333333
2017-12-27 14:15:00,3.95
2017-12-28 15:15:00,3.83333333333333
2017-12-29 16:15:00,5.15
2017-12-30 17:15:00,4.5
2017-12-31 18:15:00,3.21666666666667
2018-01-01 19:15:00,3.36666666666667
2018-01-02 20:15:00,2.95
2018-01-03 21:15:00,6.83333333333333
2018-01-04 22:15:00,5.76666666666667
2018-01-05 23:15:00,3.36666666666667
2018-01-07 00:15:00,3.7
2018-01-08 01:15:00,3.7
2018-01-09 02:15:00,4.25
2018-01-10 03:15:00,2.08333333333333
2018-01-11 04:15:00,4.51666666666667
2018-01-12 05:15:00,2.16666666666667
2018-01-13 06:15:00,6.16666666666667
2018-01-14 07:15:00,2.11666666666667
2018-01-15 08:15:00,3
2018-01-16 09:15:00,3.33333333333333
2018-01-17 10:15:00,3
2018-01-18 11:15:00,3.36666666666667
2018-01-19 12:15:00,2.85
2018-01-20 13:15:00,2.9
2018-01-21 14:15:00,2.03333333333333
2018-01-22 15:15:00,3.73333333333333
2018-01-23 16:15:00,3.13333333333333
2018-01-24 17:30:00,2.98333333333333
2018-01-25 18:30:00,2.93333333333333
2018-01-26 19:30:00,2.55
2018-01-27 20:30:00,2.51666666666667
2018-01-28 21:30:00,1.78333333333333
2018-01-29 22:30:00,2.51666666666667
2018-01-30 23:30:00,2.41666666666667
2018-02-01 00:30:00,2.21666666666667
2018-02-02 01:30:00,2.61666666666667
2018-02-03 02:30:00,1.76666666666667
2018-02-04 03:30:00,1.43333333333333
2018-02-05 04:30:00,2.08333333333333
2018-02-06 05:30:00,2.23333333333333
2018-02-07 06:30:00,1.93333333333333
2018-02-08 07:30:00,1.45
2018-02-09 08:30:00,1.86666666666667
2018-02-10 09:30:00,1.85
2018-02-11 10:30:00,1.5
2018-02-12 11:30:00,2.06666666666667
2018-02-13 12:30:00,2.05
2018-02-14 15:45:00,2.73333333333333
2018-02-15 16:45:00,2.06666666666667
2018-02-16 17:45:00,2.58333333333333
2018-02-17 18:45:00,2.23333333333333
2018-02-18 19:45:00,1.85
2018-02-19 20:45:00,2.65
2018-02-20 21:45:00,2.55
2018-02-21 22:45:00,2.43333333333333
2018-02-22 23:45:00,1.95
2018-02-24 00:45:00,1.71666666666667
2018-02-25 01:45:00,1.35
2018-02-26 02:45:00,1.5
2018-02-27 03:45:00,1.96666666666667
2018-02-28 04:45:00,3.15
2018-03-01 05:45:00,1.61666666666667
2018-03-02 06:45:00,1.71666666666667
2018-03-03 07:45:00,1.8
2018-03-04 08:45:00,1.56666666666667
2018-03-05 09:45:00,2.23333333333333
2018-03-06 10:45:00,2.33333333333333
2018-03-07 11:45:00,2.15
2018-03-08 12:45:00,2.03333333333333
2018-03-09 13:45:00,2.31666666666667
2018-03-10 14:45:00,2.25
2018-03-11 15:45:00,2.11666666666667
2018-03-12 16:45:00,2.63333333333333
2018-03-13 17:45:00,2.73333333333333
2018-03-14 18:45:00,2.55
2018-03-15 19:45:00,2.4
2018-03-16 20:45:00,2.16666666666667
2018-03-17 21:45:00,1.71666666666667
2018-03-18 22:45:00,1.71666666666667
2018-03-19 23:45:00,2.1
2018-03-21 00:45:00,1.76666666666667
2018-03-22 01:45:00,2.18333333333333
2018-03-23 02:45:00,1.86666666666667
2018-03-24 03:45:00,1.4
2018-03-25 04:45:00,1.06666666666667
2018-03-26 05:45:00,1.43333333333333
2018-03-27 06:45:00,1.78333333333333
2018-03-28 07:45:00,1.58333333333333
2018-03-29 08:45:00,2.13333333333333
2018-03-30 09:45:00,1.78333333333333
2018-03-31 10:45:00,1.63333333333333
2018-04-01 11:45:00,1.23333333333333
2018-04-02 12:45:00,2.11666666666667
2018-04-03 13:45:00,2.45
2018-04-04 14:45:00,2.28333333333333
2018-04-05 15:45:00,2.45
2018-04-06 16:45:00,2.25
2018-04-07 17:45:00,2.1
2018-04-08 18:45:00,2.01666666666667
2018-04-09 19:45:00,2.13333333333333
2018-04-10 20:45:00,2.15
2018-04-11 21:45:00,1.88333333333333
2018-04-12 22:45:00,2.28333333333333
2018-04-13 23:45:00,1.85
2018-04-15 00:45:00,1.6
2018-04-16 01:45:00,1.58333333333333
2018-04-17 02:45:00,1.81666666666667
2018-04-18 03:45:00,1.58333333333333
2018-04-19 04:45:00,1.76666666666667
2018-04-20 05:45:00,1.88333333333333
2018-04-21 06:45:00,1.88333333333333
2018-04-22 07:45:00,1.71666666666667
2018-04-23 08:45:00,2.9
2018-04-24 09:45:00,2.41666666666667
2018-04-25 10:45:00,2.73333333333333
2018-04-26 11:45:00,2.48333333333333
2018-04-27 12:45:00,3.26666666666667
2018-04-28 13:45:00,2.8
2018-04-29 14:45:00,2.16666666666667
2018-04-30 15:45:00,2.93333333333333
2018-05-01 16:45:00,2.86666666666667
2018-05-02 17:45:00,2.66666666666667
2018-05-03 18:45:00,2.83333333333333
2018-05-04 19:45:00,2.73333333333333
2018-05-05 20:45:00,2.15
2018-05-06 21:45:00,1.8
2018-05-07 22:45:00,1.98333333333333
2018-05-08 23:45:00,1.88333333333333
2018-05-10 00:45:00,1.9
2018-05-11 01:45:00,1.95
2018-05-12 02:45:00,1.58333333333333
2018-05-13 03:45:00,1.21666666666667
2018-05-14 04:45:00,1.45
2018-05-15 05:45:00,1.95
2018-05-16 06:45:00,1.91666666666667
2018-05-17 07:45:00,2.16666666666667
2018-05-18 08:45:00,2.21666666666667
2018-05-19 09:45:00,2.06666666666667
2018-05-20 10:45:00,1.78333333333333
2018-05-21 11:45:00,2.75
2018-05-22 12:45:00,2.66666666666667
2018-05-23 13:45:00,2.76666666666667
2018-05-24 14:45:00,3.06666666666667
2018-05-25 15:45:00,3.01666666666667
2018-05-26 16:45:00,2.05
2018-05-27 17:45:00,1.93333333333333
2018-05-28 18:45:00,2.43333333333333
2018-05-29 19:45:00,2.43333333333333
2018-05-30 20:45:00,2.5
2018-05-31 21:45:00,2.3
2018-06-01 22:45:00,1.93333333333333
2018-06-02 23:45:00,1.58333333333333
2018-06-04 00:45:00,1.7
2018-06-05 01:45:00,1.93333333333333
2018-06-06 02:45:00,1.66666666666667
2018-06-07 03:45:00,1.36666666666667
2018-06-08 04:45:00,1.66666666666667
2018-06-09 05:45:00,1.58333333333333
2018-06-10 06:45:00,1.63333333333333
2018-06-11 07:45:00,2.16666666666667
2018-06-12 08:45:00,2.31666666666667
2018-06-13 09:45:00,2.73333333333333
2018-06-14 10:45:00,2.61666666666667
2018-06-15 11:45:00,2.61666666666667
2018-06-16 12:45:00,2.01666666666667
2018-06-17 13:45:00,1.91666666666667
2018-06-18 14:45:00,2.83333333333333
2018-06-19 15:45:00,2.63333333333333
2018-06-20 16:45:00,2.55
2018-06-21 17:45:00,2.66666666666667
2018-06-22 18:45:00,2.63333333333333
2018-06-23 19:45:00,1.66666666666667
2018-06-24 20:45:00,1.86666666666667
2018-06-25 21:45:00,2.18333333333333
2018-06-26 22:45:00,2.01666666666667
2018-06-27 23:45:00,1.6
2018-06-29 00:45:00,1.75
2018-06-30 01:45:00,1.93333333333333
2018-07-01 02:45:00,1.21666666666667
2018-07-02 03:45:00,1.88333333333333
2018-07-03 04:45:00,2.18333333333333
2018-07-04 05:45:00,1.93333333333333
2018-07-05 06:45:00,1.7
2018-07-06 07:45:00,2.01666666666667
2018-07-07 08:45:00,2.05
2018-07-08 09:45:00,1.8
2018-07-09 10:45:00,2.38333333333333
2018-07-10 11:45:00,3.11666666666667
2018-07-11 12:45:00,2.91666666666667
2018-07-12 13:45:00,2.71666666666667
2018-07-13 14:45:00,2.93333333333333
2018-07-14 15:45:00,2.56666666666667
2018-07-15 16:45:00,2.08333333333333
2018-07-16 17:45:00,3.06666666666667
2018-07-17 18:45:00,4.06666666666667
2018-07-18 19:45:00,3.08333333333333
2018-07-19 20:45:00,2.68333333333333
2018-07-20 21:45:00,2.26666666666667
2018-07-21 22:45:00,1.61666666666667
2018-07-22 23:45:00,1.53333333333333
2018-07-24 00:45:00,2.05
2018-07-25 01:45:00,2.51666666666667
2018-07-26 02:45:00,2.18333333333333
2018-07-27 03:45:00,1.86666666666667
2018-07-28 04:45:00,1.53333333333333
2018-07-29 05:45:00,1.4
2018-07-30 06:45:00,2.31666666666667
2018-07-31 07:45:00,2.35
2018-08-01 08:45:00,2.68333333333333
2018-08-02 09:45:00,2.73333333333333
2018-08-03 10:45:00,2.71666666666667
2018-08-04 11:45:00,2.36666666666667
2018-08-05 12:45:00,2.26666666666667
2018-08-06 13:45:00,3.43333333333333
2018-08-07 14:45:00,3.28333333333333
2018-08-08 15:45:00,3.76666666666667
2018-08-09 16:45:00,3.15
2018-08-10 17:45:00,3.21666666666667
2018-08-11 18:45:00,2.53333333333333
2018-08-12 19:45:00,2.13333333333333
2018-08-13 20:45:00,2.65
2018-08-14 21:45:00,2.68333333333333
2018-08-15 22:45:00,2.28333333333333
2018-08-16 23:45:00,1.95
2018-08-18 00:45:00,1.86666666666667
2018-08-19 01:45:00,1.58333333333333
2018-08-20 02:45:00,1.71666666666667
2018-08-21 03:45:00,2.53333333333333
2018-08-22 04:45:00,1.88333333333333
2018-08-23 05:45:00,1.6
2018-08-24 06:45:00,2.21666666666667
2018-08-25 07:45:00,2.16666666666667
2018-08-26 08:45:00,1.73333333333333
2018-08-27 09:45:00,2.61666666666667
2018-08-28 10:45:00,2.91666666666667
2018-08-29 11:45:00,3.01666666666667
2018-08-30 12:45:00,3.4
2018-08-31 13:45:00,2.93333333333333
2018-09-01 14:45:00,3.63333333333333
2018-09-02 15:45:00,2.3
2018-09-03 16:45:00,3.11666666666667
2018-09-04 17:45:00,2.88333333333333
2018-09-05 18:45:00,3.05
2018-09-06 19:45:00,2.81666666666667
2018-09-07 20:45:00,2.6
2018-09-08 21:45:00,1.95
2018-09-09 22:45:00,1.71666666666667
2018-09-10 23:45:00,1.95
2018-09-12 00:45:00,1.75
2018-09-13 01:45:00,2.43333333333333
2018-09-14 02:45:00,2.16666666666667
2018-09-15 03:45:00,1.86666666666667
2018-09-16 04:45:00,1.35
2018-09-17 05:45:00,1.81666666666667
2018-09-18 06:45:00,2.51666666666667
2018-09-19 07:45:00,2.4
2018-09-20 08:45:00,2.48333333333333
2018-09-21 09:45:00,3.03333333333333
2018-09-22 10:45:00,2.53333333333333
2018-09-23 11:45:00,2.53333333333333
2018-09-24 12:45:00,3.31666666666667
2018-09-25 13:45:00,2.98333333333333
2018-09-26 14:45:00,3.5
2018-09-27 15:45:00,3.5
2018-09-28 16:45:00,3.45
2018-09-29 17:45:00,2.58333333333333
2018-09-30 18:45:00,2.7
2018-10-01 19:45:00,2.78333333333333
2018-10-02 20:45:00,2.63333333333333
2018-10-03 21:45:00,2.33333333333333
2018-10-04 22:45:00,2.31666666666667
2018-10-05 23:45:00,2.26666666666667
2018-10-07 00:45:00,1.78333333333333
2018-10-08 01:45:00,2.15
2018-10-09 02:45:00,2.38333333333333
2018-10-10 03:45:00,1.93333333333333
2018-10-11 04:45:00,2.08333333333333
2018-10-12 05:45:00,1.98333333333333
2018-10-13 06:45:00,1.71666666666667
2018-10-14 07:45:00,1.7
2018-10-15 08:45:00,3.23333333333333
2018-10-16 09:45:00,3.21666666666667
2018-10-17 10:45:00,3.28333333333333
2018-10-18 11:45:00,3.16666666666667
2018-10-19 12:45:00,3.31666666666667
2018-10-20 13:45:00,2.83333333333333
2018-10-21 14:45:00,3.35
2018-10-22 15:45:00,3.85
2018-10-23 16:45:00,3.38333333333333
2018-10-24 17:45:00,3.43333333333333
2018-10-25 18:45:00,3.11666666666667
2018-10-26 19:45:00,3.06666666666667
2018-10-27 20:45:00,2.9
2018-10-28 21:45:00,2.33333333333333
2018-10-29 22:45:00,3.1
2018-10-30 23:45:00,2.43333333333333
2018-11-01 00:45:00,2.56666666666667
2018-11-02 01:45:00,2.3
2018-11-03 02:45:00,2.76666666666667
2018-11-04 03:45:00,2.01666666666667
2018-11-05 04:45:00,2.26666666666667
2018-11-06 05:45:00,2.91666666666667
2018-11-07 06:45:00,3.01666666666667
2018-11-08 07:45:00,3.01666666666667
2018-11-09 08:45:00,2.78333333333333
2018-11-10 09:45:00,3.13333333333333
2018-11-11 10:45:00,3.1
2018-11-12 11:45:00,3.31666666666667
2018-11-13 12:45:00,3.45
2018-11-14 13:45:00,2.85
2018-11-15 14:45:00,3.83333333333333
2018-11-16 15:45:00,3.51666666666667
2018-11-17 16:45:00,4.41666666666667
2018-11-18 17:45:00,3.31666666666667
2018-11-19 18:45:00,3.68333333333333
2018-11-20 19:45:00,3.01666666666667
2018-11-21 20:45:00,3.08333333333333
2018-11-22 21:45:00,1.53333333333333
2018-11-23 22:45:00,2.15
2018-11-24 23:45:00,3.35
2018-11-26 00:45:00,2.36666666666667
2018-11-27 01:45:00,2.76666666666667
2018-11-28 02:45:00,3.08333333333333
2018-11-29 03:45:00,2.1
2018-11-30 04:45:00,1.53333333333333
2018-12-01 05:45:00,1.51666666666667
2018-12-02 06:45:00,1.45
2018-12-03 07:45:00,2.88333333333333
2018-12-04 08:45:00,2.53333333333333
2018-12-05 09:45:00,2.83333333333333
2018-12-06 10:45:00,3.26666666666667
2018-12-07 11:45:00,3.05
2018-12-08 12:45:00,2.43333333333333
2018-12-09 13:45:00,2.66666666666667
2018-12-10 14:45:00,2.73333333333333
2018-12-11 15:45:00,3.36666666666667
2018-12-12 16:45:00,3.06666666666667
2018-12-13 17:45:00,3.11666666666667
2018-12-14 18:45:00,3.81666666666667
2018-12-15 19:45:00,2.95
2018-12-16 20:45:00,3.56666666666667
2018-12-17 21:45:00,3.56666666666667
2018-12-18 22:45:00,2.35
2018-12-19 23:45:00,2.78333333333333
2018-12-21 00:45:00,3.45
2018-12-22 01:45:00,2.7
2018-12-23 02:45:00,2.15
2018-12-24 03:45:00,2.88333333333333
2018-12-25 04:45:00,2.16666666666667
2018-12-26 05:45:00,2.76666666666667
2018-12-27 06:45:00,2.48333333333333
2018-12-28 07:45:00,3.66666666666667
2018-12-29 08:45:00,2.58333333333333
2018-12-30 09:45:00,2.85
2018-12-31 10:45:00,3.33333333333333
2019-01-01 11:45:00,1.95
2019-01-02 12:45:00,3.11666666666667
2019-01-03 13:45:00,2.48333333333333
2019-01-04 14:45:00,3.38333333333333
2019-01-05 15:45:00,3.65
2019-01-06 16:45:00,3.01666666666667
2019-01-07 17:45:00,4.48333333333333
2019-01-08 18:45:00,3.65
2019-01-09 19:45:00,3.61666666666667
2019-01-10 20:45:00,4.38333333333333
2019-01-11 21:45:00,3.9
2019-01-12 22:45:00,2.86666666666667
2019-01-13 23:45:00,2.78333333333333
2019-01-15 00:45:00,4.08333333333333
2019-01-16 01:45:00,2.5
2019-01-17 02:45:00,2.13333333333333
2019-01-18 03:45:00,2.3
2019-01-19 04:45:00,3.11666666666667
2019-01-20 05:45:00,2.73333333333333
2019-01-21 06:45:00,2.33333333333333
2019-01-22 07:45:00,2.76666666666667
2019-01-23 08:45:00,3.58333333333333
2019-01-24 09:45:00,3.21666666666667
2019-01-25 10:45:00,3.6
2019-01-26 11:45:00,3
2019-01-27 12:45:00,3.18333333333333
2019-01-28 13:45:00,3.53333333333333
2019-01-29 14:45:00,3.58333333333333
2019-01-30 15:45:00,3.71666666666667
2019-01-31 16:45:00,3.98333333333333
2019-02-01 19:45:00,3.61666666666667
2019-02-02 20:45:00,2.96666666666667
2019-02-03 21:45:00,3.05
2019-02-04 22:45:00,3.71666666666667
2019-02-05 23:45:00,2.86666666666667
2019-02-07 00:45:00,4.45
2019-02-08 01:45:00,4.61666666666667
2019-02-09 02:45:00,3.23333333333333
2019-02-10 03:45:00,2.06666666666667
2019-02-11 04:45:00,2.83333333333333
2019-02-12 05:45:00,2.6
2019-02-13 06:45:00,2.98333333333333
2019-02-14 07:45:00,3.73333333333333
2019-02-15 08:45:00,3.35
2019-02-16 09:45:00,2.61666666666667
2019-02-17 10:45:00,2.58333333333333
2019-02-18 11:45:00,4.06666666666667
2019-02-19 12:45:00,3.6
2019-02-20 13:45:00,2.8
2019-02-21 14:45:00,3.28333333333333
2019-02-22 15:45:00,3.65
2019-02-23 16:45:00,3.48333333333333
2019-02-24 17:45:00,3.2
2019-02-25 18:45:00,3.66666666666667
2019-02-26 19:45:00,3.51666666666667
2019-02-27 20:45:00,3.98333333333333
2019-02-28 21:45:00,4.16666666666667
2019-03-01 22:45:00,5.01666666666667
2019-03-02 23:45:00,3.66666666666667
2019-03-04 00:45:00,6.25
2019-03-05 01:45:00,2.71666666666667
2019-03-06 02:45:00,2.65
2019-03-07 03:45:00,2.8
2019-03-08 04:45:00,2.41666666666667
2019-03-09 05:45:00,2.3
2019-03-10 06:45:00,1.93333333333333
2019-03-11 07:45:00,2.96666666666667
2019-03-12 08:45:00,2.93333333333333
2019-03-13 09:45:00,3.33333333333333
2019-03-14 10:45:00,3.31666666666667
2019-03-15 11:45:00,3.46666666666667
2019-03-16 12:45:00,2.9
2019-03-17 13:45:00,2.9
2019-03-18 14:45:00,4.93333333333333
2019-03-19 15:45:00,3.76666666666667
2019-03-20 16:45:00,4.06666666666667
2019-03-21 17:45:00,3.91666666666667
2019-03-22 18:45:00,2.58333333333333
2019-03-23 19:45:00,2.83333333333333
2019-03-24 20:45:00,2.63333333333333
2019-03-25 21:45:00,5.76666666666667
2019-03-26 22:45:00,3.41666666666667
2019-03-27 23:45:00,4.06666666666667
2019-03-29 00:45:00,3.75
2019-03-30 01:45:00,4.55
2019-03-31 02:45:00,3.15
2019-04-01 03:45:00,3.03333333333333
2019-04-02 04:45:00,4.08333333333333
2019-04-03 05:45:00,3.48333333333333
2019-04-04 06:45:00,4.08333333333333
2019-04-05 07:45:00,4.68333333333333
2019-04-06 08:45:00,4.46666666666667
2019-04-07 09:45:00,3.58333333333333
2019-04-08 10:45:00,3.98333333333333
2019-04-09 11:45:00,4.46666666666667
2019-04-10 12:45:00,4.68333333333333
2019-04-11 13:45:00,3.3
2019-04-12 14:45:00,4.18333333333333
2019-04-13 15:45:00,4.55
2019-04-14 16:45:00,2.93333333333333
2019-04-15 17:45:00,5.01666666666667
2019-04-16 18:45:00,4.01666666666667
2019-04-17 19:45:00,4.36666666666667
2019-04-18 20:45:00,3.15
2019-04-19 21:45:00,4.55
2019-04-20 22:45:00,2.18333333333333
2019-04-21 23:45:00,4.6
2019-04-23 00:45:00,3.35
2019-04-24 01:45:00,3.33333333333333
2019-04-25 02:45:00,2.68333333333333
2019-04-26 03:45:00,3.18333333333333
2019-04-27 04:45:00,4
2019-04-28 05:45:00,4.13333333333333
2019-04-29 06:45:00,3.35
2019-04-30 07:45:00,3.61666666666667
2019-05-01 08:45:00,5.03333333333333
2019-05-02 09:45:00,4.23333333333333
2019-05-03 10:45:00,6.28333333333333
2019-05-04 11:45:00,3.16666666666667
2019-05-05 12:45:00,6.16666666666667
2019-05-06 13:45:00,4.55
2019-05-07 14:45:00,5.91666666666667
2019-05-08 15:45:00,5.05
2019-05-09 16:45:00,3.56666666666667
2019-05-10 17:45:00,4.35
2019-05-11 18:45:00,4
2019-05-12 19:45:00,3.8
2019-05-13 20:45:00,4.68333333333333
2019-05-14 21:45:00,3.7
2019-05-15 22:45:00,3.66666666666667
2019-05-16 23:45:00,2.71666666666667
2019-05-18 00:45:00,3.13333333333333
2019-05-19 01:45:00,3.85
2019-05-20 02:45:00,3.23333333333333
2019-05-21 03:45:00,3.86666666666667
2019-05-22 04:45:00,4.35
2019-05-23 05:45:00,4.5
2019-05-24 06:45:00,4.26666666666667
2019-05-25 07:45:00,3.91666666666667
2019-05-26 08:45:00,5.38333333333333
2019-05-27 09:45:00,4.48333333333333
2019-05-28 10:45:00,4
2019-05-29 11:45:00,4.78333333333333
2019-05-30 12:45:00,5.51666666666667
2019-05-31 13:45:00,4.4
2019-06-01 14:45:00,3.36666666666667
2019-06-02 15:45:00,3.41666666666667
2019-06-03 16:45:00,3.83333333333333
2019-06-04 17:45:00,4.55
2019-06-05 18:45:00,3.9
2019-06-06 19:45:00,3.95
2019-06-07 20:45:00,3.83333333333333
2019-06-08 21:45:00,2.93333333333333
2019-06-09 22:45:00,2.5
2019-06-10 23:45:00,3.11666666666667
2019-06-12 00:45:00,3.11666666666667
2019-06-13 01:45:00,3.85
2019-06-14 02:45:00,3.75
2019-06-15 03:45:00,3.01666666666667
2019-06-16 04:45:00,4.31666666666667
2019-06-17 05:45:00,3.18333333333333
2019-06-18 06:45:00,3.68333333333333
2019-06-19 07:45:00,3.98333333333333
2019-06-20 08:45:00,3.68333333333333
2019-06-21 09:45:00,4.4
2019-06-22 10:45:00,4.2
2019-06-23 11:45:00,4.61666666666667
2019-06-24 12:45:00,4.71666666666667
2019-06-25 13:45:00,4.91666666666667
2019-06-26 14:45:00,5.51666666666667
2019-06-27 15:45:00,4.41666666666667
2019-06-28 16:45:00,4.35
2019-06-29 17:45:00,3.41666666666667
2019-06-30 18:45:00,2.36666666666667
2019-07-01 19:45:00,3.8
2019-07-02 20:45:00,4.03333333333333
2019-07-03 21:45:00,3.8
2019-07-04 22:45:00,3.98333333333333
2019-07-05 23:45:00,4.23333333333333
2019-07-07 00:45:00,3.58333333333333
2019-07-08 01:45:00,4.1
2019-07-09 02:45:00,3.7
2019-07-10 03:45:00,3.98333333333333
2019-07-11 04:45:00,3.38333333333333
2019-07-12 05:45:00,4.23333333333333
2019-07-13 06:45:00,2.43333333333333
2019-07-14 07:45:00,4.83333333333333
2019-07-15 08:45:00,5.1
2019-07-16 09:45:00,3.38333333333333
2019-07-17 10:45:00,3.2
2019-07-18 11:45:00,3.8
2019-07-19 12:45:00,3.08333333333333
2019-07-20 13:45:00,3.03333333333333
2019-07-21 14:45:00,2.58333333333333
2019-07-22 15:45:00,3.55
2019-07-23 16:45:00,3.38333333333333
2019-07-24 17:45:00,2.76666666666667
2019-07-25 18:45:00,3.31666666666667
2019-07-26 19:45:00,3.16666666666667
2019-07-27 20:45:00,1.63333333333333
2019-07-28 21:45:00,3.16666666666667
2019-07-29 22:45:00,3.18333333333333
2019-07-30 23:45:00,4.4
2019-08-01 00:45:00,3.61666666666667
2019-08-02 01:45:00,2.31666666666667
2019-08-03 02:45:00,4
2019-08-04 03:45:00,3.83333333333333
2019-08-05 04:45:00,3.16666666666667
2019-08-06 05:45:00,4.38333333333333
2019-08-07 06:45:00,3.88333333333333
2019-08-08 07:45:00,3.15
2019-08-09 08:45:00,4.2
2019-08-10 09:45:00,3.7
2019-08-11 10:45:00,2.51666666666667
2019-08-12 11:45:00,4.78333333333333
2019-08-13 12:45:00,4.5
2019-08-14 13:45:00,3.88333333333333
2019-08-15 14:45:00,4.46666666666667
2019-08-16 15:45:00,4.06666666666667
2019-08-17 16:45:00,3.08333333333333
2019-08-18 17:45:00,2.88333333333333
2019-08-19 18:45:00,4.18333333333333
2019-08-20 19:45:00,3.61666666666667
2019-08-21 20:45:00,2.38333333333333
2019-08-22 21:45:00,3.15
2019-08-23 22:45:00,2.8
2019-08-24 23:45:00,3.38333333333333
2019-08-26 00:45:00,2.83333333333333
2019-08-27 01:45:00,3.41666666666667
2019-08-28 02:45:00,4.18333333333333
2019-08-29 03:45:00,4.8
2019-08-30 04:45:00,2.5
2019-08-31 05:45:00,3.3
2019-09-01 06:45:00,3.63333333333333
2019-09-02 07:45:00,2.71666666666667
2019-09-03 08:45:00,5.08333333333333
2019-09-04 09:45:00,3.93333333333333
2019-09-05 10:45:00,4.91666666666667
2019-09-06 11:45:00,4.11666666666667
2019-09-07 12:45:00,3.68333333333333
2019-09-08 13:45:00,2.95
2019-09-09 14:45:00,4.43333333333333
2019-09-10 15:45:00,4.38333333333333
2019-09-11 16:45:00,3.46666666666667
2019-09-12 17:45:00,3.91666666666667
2019-09-13 18:45:00,3.45
2019-09-14 19:45:00,3.21666666666667
2019-09-15 20:45:00,3.23333333333333
2019-09-16 21:45:00,3.3
2019-09-17 22:45:00,2.96666666666667
2019-09-18 23:45:00,2.8
2019-09-20 00:45:00,3.96666666666667
2019-09-21 01:45:00,4.28333333333333
2019-09-22 02:45:00,2.66666666666667
2019-09-23 03:45:00,4.08333333333333
2019-09-24 04:45:00,3.33333333333333
2019-09-25 05:45:00,2.83333333333333
2019-09-26 06:45:00,3.63333333333333
2019-09-27 07:45:00,2.91666666666667
2019-09-28 08:45:00,4.58333333333333
2019-09-29 09:45:00,2.53333333333333
2019-09-30 10:45:00,3.61666666666667
2019-10-01 11:45:00,3.8
2019-10-02 12:45:00,3.31666666666667
2019-10-03 13:45:00,3.3
2019-10-04 14:45:00,4.11666666666667
2019-10-05 15:45:00,4.93333333333333
2019-10-06 16:45:00,4.16666666666667
2019-10-07 17:45:00,4.1
2019-10-08 18:45:00,4.08333333333333
2019-10-09 19:45:00,3.46666666666667
2019-10-10 20:45:00,3.76666666666667
2019-10-11 21:45:00,3.91666666666667
2019-10-12 22:45:00,2.91666666666667
2019-10-13 23:45:00,1.7
2019-10-15 00:45:00,2.73333333333333
2019-10-16 01:45:00,3.05
2019-10-17 02:45:00,4.18333333333333
2019-10-18 03:45:00,3.68333333333333
2019-10-19 04:45:00,2.26666666666667
2019-10-20 05:45:00,3.11666666666667
2019-10-21 06:45:00,4.48333333333333
2019-10-22 07:45:00,4.61666666666667
2019-10-23 08:45:00,4.93333333333333
2019-10-24 09:45:00,3.33333333333333
2019-10-25 10:45:00,3.5
2019-10-26 11:45:00,3.15
2019-10-27 12:45:00,2.45
2019-10-28 13:45:00,4.03333333333333
2019-10-29 14:45:00,3.53333333333333
2019-10-30 15:45:00,3.9
2019-10-31 16:45:00,3.91666666666667
2019-11-01 17:45:00,3.63333333333333
2019-11-02 18:45:00,4.03333333333333
2019-11-03 19:45:00,3.41666666666667
2019-11-04 20:45:00,4.23333333333333
2019-11-05 21:45:00,3.1
2019-11-06 22:45:00,4.1
2019-11-07 23:45:00,2.65
2019-11-09 00:45:00,2.45
2019-11-10 01:45:00,3.05
2019-11-11 02:45:00,4.2
2019-11-12 03:45:00,4.2
2019-11-13 04:45:00,2.3
2019-11-14 05:45:00,4.15
2019-11-15 06:45:00,5.21666666666667
2019-11-16 07:45:00,2.81666666666667
2019-11-17 08:45:00,2.83333333333333
2019-11-18 09:45:00,3.81666666666667
2019-11-19 10:45:00,3.95
2019-11-20 11:45:00,4.23333333333333
2019-11-21 12:45:00,3.55
2019-11-22 13:45:00,4.56666666666667
2019-11-23 14:45:00,4.5
2019-11-24 15:45:00,3.25
2019-11-25 16:45:00,4.25
2019-11-26 17:45:00,4
2019-11-27 18:45:00,4.25
2019-11-28 19:45:00,3.83333333333333
2019-11-29 20:45:00,2.96666666666667
2019-11-30 21:45:00,2.63333333333333
2019-12-01 22:45:00,2.56666666666667
2019-12-02 23:45:00,2.71666666666667
2019-12-04 00:45:00,3.06666666666667
2019-12-05 01:45:00,3.51666666666667
2019-12-06 02:45:00,2.55
2019-12-07 03:45:00,1.96666666666667
2019-12-08 04:45:00,3.21666666666667
2019-12-09 05:45:00,3.25
2019-12-10 06:45:00,3.73333333333333
2019-12-11 07:45:00,2.63333333333333
2019-12-12 08:45:00,2.88333333333333
2019-12-13 09:45:00,3.98333333333333
2019-12-14 10:45:00,3.88333333333333
2019-12-15 11:45:00,2.66666666666667
2019-12-16 12:45:00,4.11666666666667
2019-12-17 13:45:00,3.76666666666667
2019-12-18 14:45:00,4.05
2019-12-19 15:45:00,4.03333333333333
2019-12-20 16:45:00,3.91666666666667
2019-12-21 17:45:00,3.05
2019-12-22 18:45:00,2.73333333333333
2019-12-23 19:45:00,3.46666666666667
2019-12-24 20:45:00,2.81666666666667
2019-12-25 21:45:00,2.56666666666667
2019-12-26 22:45:00,2.73333333333333
2019-12-27 23:45:00,4.16666666666667
2019-12-29 00:45:00,3.08333333333333
2019-12-30 01:45:00,2.46666666666667
2019-12-31 02:45:00,2.31666666666667
2020-01-01 03:45:00,1.98333333333333
2020-01-02 04:45:00,2.53333333333333
2020-01-03 05:45:00,3.08333333333333
2020-01-04 06:45:00,2.75
2020-01-05 07:45:00,2.51666666666667
2020-01-06 08:45:00,3.78333333333333
2020-01-07 09:45:00,3.7
2020-01-08 10:45:00,3.23333333333333
2020-01-09 11:45:00,3.81666666666667
2020-01-10 12:45:00,2.73333333333333
2020-01-11 13:45:00,3.38333333333333
2020-01-12 14:45:00,4.06666666666667
2020-01-13 15:45:00,4.01666666666667
2020-01-14 16:45:00,4.68333333333333
2020-01-15 17:45:00,4.2
2020-01-16 18:45:00,4.86666666666667
2020-01-17 19:45:00,2.86666666666667
2020-01-18 20:45:00,3.68333333333333
2020-01-19 21:45:00,3.38333333333333
2020-01-20 22:45:00,2.86666666666667
2020-01-21 23:45:00,2.96666666666667
2020-01-23 00:45:00,3.2
2020-01-24 01:45:00,3.23333333333333
2020-01-25 02:45:00,2.71666666666667
2020-01-26 03:45:00,2.01666666666667
2020-01-27 04:45:00,2.83333333333333
2020-01-28 05:45:00,2.93333333333333
2020-01-29 06:45:00,3.75
2020-01-30 07:45:00,3.41666666666667
2020-01-31 08:45:00,4.11666666666667
2020-02-01 09:45:00,3.9
2020-02-02 10:45:00,3.45
2020-02-03 11:45:00,4.53333333333333
2020-02-04 12:45:00,3.6
2020-02-05 13:45:00,4.28333333333333
2020-02-06 14:45:00,5.38333333333333
2020-02-07 15:45:00,4.51666666666667
2020-02-08 16:45:00,3.96666666666667
2020-02-09 17:45:00,3.91666666666667
2020-02-10 18:45:00,3.81666666666667
2020-02-11 19:45:00,4.26666666666667
2020-02-12 20:45:00,3.1
2020-02-13 21:45:00,4.2
2020-02-14 22:45:00,3.71666666666667
2020-02-15 23:45:00,2.93333333333333
2020-02-17 00:45:00,3.45
2020-02-18 01:45:00,3.13333333333333
2020-02-19 02:45:00,2.71666666666667
2020-02-20 03:45:00,2.46666666666667
2020-02-21 04:45:00,3.11666666666667
2020-02-22 05:45:00,3.1
2020-02-23 06:45:00,2.95
2020-02-24 07:45:00,2.96666666666667
2020-02-25 08:45:00,3.8
2020-02-26 09:45:00,3.65
2020-02-27 10:45:00,4.2
2020-02-28 11:45:00,4.05
2020-02-29 12:45:00,4
2020-03-01 13:45:00,3.95
2020-03-02 14:45:00,4.7
2020-03-03 15:45:00,4.63333333333333
2020-03-04 16:45:00,3.53333333333333
2020-03-05 17:45:00,4.35
2020-03-06 18:45:00,4.51666666666667
2020-03-07 19:45:00,2.6
2020-03-08 20:45:00,2.56666666666667
2020-03-09 21:45:00,3.65
2020-03-10 22:45:00,2.61666666666667
2020-03-11 23:45:00,2.53333333333333
2020-03-13 00:45:00,3.33333333333333
2020-03-14 04:45:00,2.11666666666667
2020-03-15 05:45:00,1.78333333333333
2020-03-16 06:45:00,3.03333333333333
2020-03-17 07:45:00,2.6
2020-03-18 08:45:00,2.86666666666667
2020-03-19 09:45:00,3.08333333333333
2020-03-20 10:45:00,3.76666666666667
2020-03-21 11:45:00,2.61666666666667
2020-03-22 12:45:00,3.08333333333333
2020-03-23 13:45:00,3.81666666666667
2020-03-24 14:45:00,3.41666666666667
2020-03-25 15:45:00,2.23333333333333
2020-03-26 17:00:00,3.93333333333333
2020-03-27 18:00:00,3.6
2020-03-28 19:00:00,3.13333333333333
2020-03-29 20:00:00,2.56666666666667
2020-03-30 21:00:00,2.83333333333333
2020-03-31 22:00:00,2.53333333333333
2020-04-01 23:00:00,2.55
2020-04-03 00:00:00,2.45
2020-04-04 01:00:00,1.75
2020-04-05 02:00:00,2.43333333333333
2020-04-06 03:00:00,2.16666666666667
2020-04-07 04:00:00,2.9
2020-04-08 05:00:00,2.41666666666667
2020-04-09 06:00:00,2.33333333333333
2020-04-10 07:00:00,3.51666666666667
2020-04-11 08:00:00,2.96666666666667
2020-04-12 09:00:00,2.38333333333333
2020-04-13 10:00:00,3.23333333333333
2020-04-14 11:00:00,3.25
2020-04-15 12:00:00,3.43333333333333
2020-04-16 13:00:00,5.7
2020-04-17 14:00:00,4.35
2020-04-18 15:00:00,4.03333333333333
2020-04-19 16:00:00,3.08333333333333
2020-04-20 17:00:00,4.05
2020-04-21 18:00:00,3.7
2020-04-22 19:00:00,4.45
2020-04-23 20:00:00,4.56666666666667
2020-04-24 21:00:00,3.13333333333333
2020-04-25 22:00:00,2.91666666666667
2020-04-26 23:00:00,2.66666666666667
2020-04-28 00:00:00,2.93333333333333
2020-04-29 01:00:00,3.76666666666667
2020-04-30 02:00:00,3.25
2020-05-01 03:00:00,2.45
2020-05-02 04:00:00,2.2
2020-05-03 05:00:00,1.93333333333333
2020-05-04 06:00:00,2.73333333333333
2020-05-05 07:00:00,3.98333333333333
2020-05-06 08:00:00,3.66666666666667
2020-05-07 09:00:00,3.83333333333333
2020-05-08 10:00:00,3.86666666666667
2020-05-09 11:00:00,4
2020-05-10 12:00:00,3.18333333333333
2020-05-11 13:15:00,4.65
2020-05-12 14:15:00,4.4
2020-05-13 15:15:00,4.81666666666667
2020-05-14 16:15:00,4.11666666666667
2020-05-15 17:15:00,2.53333333333333
2020-05-16 18:15:00,3.7
2020-05-17 19:15:00,3.01666666666667
2020-05-18 20:15:00,3.5
2020-05-19 21:15:00,3.41666666666667
2020-05-20 22:15:00,2.7
2020-05-21 23:15:00,2.76666666666667
2020-05-23 00:15:00,2.33333333333333
2020-05-24 01:15:00,2.06666666666667
2020-05-25 02:15:00,2.25
2020-05-26 03:15:00,2.11666666666667
2020-05-27 04:15:00,1.86666666666667
2020-05-28 05:15:00,2.45
2020-05-29 06:15:00,2.88333333333333
2020-05-30 07:15:00,2.6
2020-05-31 08:15:00,2.91666666666667
2020-06-01 09:15:00,4.48333333333333
2020-06-02 10:15:00,4.23333333333333
2020-06-03 11:15:00,3.53333333333333
2020-06-04 12:15:00,3.66666666666667
2020-06-05 13:15:00,4.23333333333333
2020-06-06 14:15:00,3.76666666666667
2020-06-07 15:15:00,3.4
2020-06-08 16:15:00,4.86666666666667
2020-06-09 17:15:00,4.35
2020-06-10 18:15:00,4.65
2020-06-11 19:15:00,4.48333333333333
2020-06-12 20:15:00,4.2
2020-06-13 21:15:00,3.75
2020-06-14 22:15:00,3.25
2020-06-15 23:15:00,2.78333333333333
2020-06-17 00:15:00,2.35
2020-06-18 01:15:00,3.4
2020-06-19 02:15:00,2.13333333333333
2020-06-20 03:15:00,2.06666666666667
2020-06-21 04:15:00,2.48333333333333
2020-06-22 05:15:00,2.65
2020-06-23 06:15:00,3.16666666666667
2020-06-24 07:15:00,3.35
2020-06-25 08:15:00,3.35
2020-06-26 09:15:00,4.58333333333333
2020-06-27 10:15:00,3.21666666666667
2020-06-28 11:15:00,2.96666666666667
2020-06-29 12:15:00,3.96666666666667
2020-06-30 13:15:00,4.5
2020-07-01 14:15:00,4.86666666666667
2020-07-02 15:15:00,4.18333333333333
2020-07-03 16:15:00,4.13333333333333
2020-07-04 17:15:00,4.2
2020-07-05 18:15:00,3.31666666666667
2020-07-06 19:15:00,4.66666666666667
2020-07-07 20:15:00,4
2020-07-08 21:15:00,4.1
2020-07-09 22:15:00,3.71666666666667
2020-07-10 23:15:00,3.05
2020-07-12 00:15:00,2.35
2020-07-13 01:15:00,2.65
2020-07-14 02:15:00,2.25
2020-07-15 03:15:00,2.05
2020-07-16 04:15:00,2.55
2020-07-17 05:15:00,2.68333333333333
2020-07-18 06:15:00,2.55
2020-07-19 07:15:00,2.31666666666667
2020-07-20 08:15:00,3.78333333333333
2020-07-21 09:15:00,4.5
2020-07-22 10:15:00,4.16666666666667
2020-07-23 11:15:00,4.33333333333333
2020-07-24 12:15:00,4.58333333333333
2020-07-25 13:15:00,3.51666666666667
2020-07-26 14:15:00,3.78333333333333
2020-07-27 15:15:00,5.28333333333333
2020-07-28 16:15:00,4.6
2020-07-29 17:15:00,4.7
2020-07-30 18:15:00,4.31666666666667
2020-07-31 19:15:00,3.66666666666667
2020-08-01 20:15:00,3.41666666666667
2020-08-02 21:15:00,3.45
2020-08-03 22:15:00,3.5
2020-08-04 23:15:00,2.83333333333333
2020-08-06 00:15:00,2.38333333333333
2020-08-07 01:15:00,2.61666666666667
2020-08-08 02:15:00,2.38333333333333
2020-08-09 03:15:00,2.11666666666667
2020-08-10 04:15:00,2.68333333333333
2020-08-11 05:15:00,2.71666666666667
2020-08-12 06:15:00,3.73333333333333
2020-08-13 07:15:00,3.81666666666667
2020-08-14 08:15:00,4.28333333333333
2020-08-15 09:15:00,3.4
2020-08-16 10:15:00,2.76666666666667
2020-08-17 11:15:00,4.48333333333333
2020-08-18 12:15:00,4.38333333333333
2020-08-19 13:15:00,3.65
2020-08-20 14:15:00,4.5
2020-08-21 15:15:00,4.75
2020-08-22 16:15:00,3.816666666666667
2020-08-23 17:15:00,4.516666666666667
2020-08-24 18:15:00,4.216666666666667
2020-08-25 19:15:00,4.166666666666667
2020-08-26 20:15:00,4.366666666666666
2020-08-27 21:15:00,3.95
2020-08-28 22:15:00,3.316666666666667
2020-08-29 23:15:00,2.5166666666666666
2020-08-31 00:15:00,2.716666666666667
2020-09-01 01:15:00,2.4833333333333334
2020-09-02 02:15:00,2.2
2020-09-03 03:15:00,1.7666666666666666
2020-09-04 04:15:00,2.85
2020-09-05 05:15:00,2.183333333333333
2020-09-06 06:15:00,2.6666666666666665
2020-09-07 07:15:00,3.4
2020-09-08 08:15:00,4.15
2020-09-09 09:15:00,4.15
2020-09-10 10:15:00,4.416666666666667
2020-09-11 11:15:00,4.116666666666666
2020-09-12 12:15:00,3.5166666666666666
2020-09-13 13:15:00,2.85
2020-09-14 14:15:00,5.166666666666667
2020-09-15 15:15:00,4.766666666666667
2020-09-16 16:15:00,4.566666666666666
2020-09-17 17:15:00,4.3
2020-09-18 18:15:00,4.45
2020-09-19 19:15:00,3.6
2020-09-20 20:15:00,3.4833333333333334
2020-09-21 21:15:00,3.8833333333333333
2020-09-22 22:15:00,3.6
2020-09-23 23:15:00,3.5
2020-09-25 00:15:00,2.7666666666666666
2020-09-26 01:15:00,2.0166666666666666
2020-09-27 02:15:00,2.0166666666666666
2020-09-28 03:15:00,2.033333333333333