Timestamp,utxo-count
2020-08-29 08:06:46,67833990
2020-08-29 08:22:48,67829974
2020-08-29 08:56:31,67830645
2020-08-29 09:24:08,67829239
2020-08-29 09:46:13,67820379
2020-08-29 10:39:45,67824803
2020-08-29 10:57:23,67822473
2020-08-29 11:18:53,67816691
2020-08-29 11:46:12,67814659
2020-08-29 12:44:42,67816408
2020-08-29 13:35:20,67823367
2020-08-29 13:47:50,67826391
2020-08-29 13:50:55,67820370
2020-08-29 14:19:32,67820089
2020-08-29 15:16:18,67823377
2020-08-29 15:37:18,67824500
2020-08-29 15:49:08,67821539
2020-08-29 16:11:45,67820425
2020-08-29 16:30:06,67813231
2020-08-29 17:09:49,67818061
2020-08-29 17:43:33,67830906
2020-08-29 18:16:29,67834996
2020-08-29 18:31:48,67833689
2020-08-29 19:09:39,67841001
2020-08-29 19:45:28,67843597
2020-08-29 20:23:49,67842239
2020-08-29 20:46:37,67843278
2020-08-29 20:53:38,67828254
2020-08-29 21:34:28,67835924
2020-08-29 22:25:08,67839360
2020-08-29 23:15:17,67845792
2020-08-29 23:31:55,67842822
2020-08-30 00:03:48,67833164
2020-08-30 00:31:56,67824447
2020-08-30 00:57:31,67813869
2020-08-30 01:18:55,67804674
2020-08-30 02:37:28,67811225
2020-08-30 03:11:47,67816388
2020-08-30 03:50:36,67819154
2020-08-30 04:00:56,67806578
2020-08-30 04:36:57,67807316
2020-08-30 05:16:01,67800917
2020-08-30 06:09:42,67800851
2020-08-30 06:31:25,67794272
2020-08-30 07:29:06,67792395
2020-08-30 08:19:14,67779389
2020-08-30 08:35:24,67778800
2020-08-30 09:18:03,67779835
2020-08-30 09:59:17,67781147
2020-08-30 10:25:42,67777749
2020-08-30 10:51:45,67769458
2020-08-30 11:37:20,67767181
2020-08-30 12:17:06,67767812
2020-08-30 12:57:05,67759697
2020-08-30 13:52:38,67767702
2020-08-30 14:35:57,67771021
2020-08-30 14:50:53,67774579
2020-08-30 15:27:13,67776123
2020-08-30 15:35:33,67773463
2020-08-30 16:48:03,67778802
2020-08-30 17:07:28,67781847
2020-08-30 17:15:33,67778730
2020-08-30 17:29:10,67768322
2020-08-30 18:07:31,67766824
2020-08-30 18:27:53,67769349
2020-08-30 19:04:07,67772249
2020-08-30 19:47:52,67776882
2020-08-30 20:04:04,67773899
2020-08-30 20:34:28,67772437
2020-08-30 21:41:37,67779386
2020-08-30 22:04:11,67784050
2020-08-30 22:37:26,67787652
2020-08-30 23:06:38,67786090
2020-08-30 23:30:26,67778302
2020-08-30 23:58:10,67765273
2020-08-31 00:08:16,67753733
2020-08-31 00:45:10,67752600
2020-08-31 01:22:07,67745222
2020-08-31 02:31:59,67759040
2020-08-31 03:30:08,67767427
2020-08-31 03:55:02,67768570
2020-08-31 04:06:03,67761947
2020-08-31 04:19:28,67749697
2020-08-31 04:32:24,67735770
2020-08-31 04:51:46,67725064
2020-08-31 05:07:34,67717899
2020-08-31 05:19:38,67714462
2020-08-31 05:30:46,67716676
2020-08-31 05:35:09,67716754
2020-08-31 05:50:56,67715845
2020-08-31 06:27:59,67716736
2020-08-31 06:44:43,67711310
2020-08-31 07:06:43,67710127
2020-08-31 07:53:50,67711502
2020-08-31 08:15:15,67708702
2020-08-31 08:31:27,67706489
2020-08-31 08:41:27,67703621
2020-08-31 09:59:45,67708265
2020-08-31 10:02:24,67705652
2020-08-31 10:12:16,67703638
2020-08-31 10:30:59,67703505
2020-08-31 11:08:07,67706562
2020-08-31 11:51:18,67709917
2020-08-31 12:08:22,67706858
2020-08-31 12:36:42,67707394
2020-08-31 13:19:39,67714230
2020-08-31 13:37:24,67712742
2020-08-31 14:22:25,67712765
2020-08-31 14:35:24,67708734
2020-08-31 15:10:35,67712472
2020-08-31 15:38:19,67715172
2020-08-31 16:01:23,67717510
2020-08-31 16:36:43,67720983
2020-08-31 17:09:35,67726373
2020-08-31 17:38:26,67732530
2020-08-31 17:48:07,67731552
2020-08-31 19:20:34,67744986
2020-08-31 19:42:42,67754532
2020-08-31 20:10:10,67759555
2020-08-31 20:37:52,67764157
2020-08-31 21:12:02,67769954
2020-08-31 21:37:07,67771043
2020-08-31 22:48:20,67779618
2020-08-31 23:41:32,67788288
2020-09-01 00:25:11,67793486
2020-09-01 00:44:48,67795486
2020-09-01 01:10:47,67796789
2020-09-01 02:19:27,67806009
2020-09-01 02:39:34,67808892
2020-09-01 03:04:22,67819353
2020-09-01 03:45:00,67822347
2020-09-01 03:52:23,67819857
2020-09-01 04:08:06,67815835
2020-09-01 04:40:19,67817576
2020-09-01 05:05:55,67812288
2020-09-01 05:37:02,67814518
2020-09-01 05:58:26,67813632
2020-09-01 06:26:21,67811403
2020-09-01 06:56:03,67813949
2020-09-01 07:17:26,67815305
2020-09-01 08:04:57,67818526
2020-09-01 08:50:03,67822444
2020-09-01 09:29:13,67825448
2020-09-01 09:52:49,67825293
2020-09-01 10:10:42,67823391
2020-09-01 10:28:53,67823753
2020-09-01 10:39:26,67819363
2020-09-01 11:25:05,67821300
2020-09-01 11:38:23,67821753
2020-09-01 12:03:32,67821691
2020-09-01 12:20:29,67823021
2020-09-01 13:31:37,67826081
2020-09-01 14:26:44,67836529
2020-09-01 14:41:43,67845027
2020-09-01 15:32:10,67853120
2020-09-01 15:57:53,67859277
2020-09-01 16:36:40,67869489
2020-09-01 16:40:23,67869867
2020-09-01 16:48:29,67868099
2020-09-01 17:04:42,67870536
2020-09-01 17:28:07,67874054
2020-09-01 17:41:44,67875353
2020-09-01 17:59:37,67878873
2020-09-01 18:36:24,67883034
2020-09-01 19:06:56,67888136
2020-09-01 19:21:23,67892234
2020-09-01 19:45:31,67898002
2020-09-01 20:10:03,67899766
2020-09-01 20:22:28,67902209
2020-09-01 20:49:08,67906932
2020-09-01 21:16:15,67910902
2020-09-01 22:01:51,67917487
2020-09-01 22:25:36,67920731
2020-09-01 23:20:06,67925696
2020-09-01 23:31:38,67928052
2020-09-01 23:48:36,67930369
2020-09-02 00:04:29,67925429
2020-09-02 00:44:19,67927980
2020-09-02 01:10:01,67928945
2020-09-02 01:18:57,67916052
2020-09-02 01:52:29,67915294
2020-09-02 02:40:21,67917315
2020-09-02 03:04:31,67919251
2020-09-02 03:20:59,67926001
2020-09-02 03:36:34,67917905
2020-09-02 04:06:39,67918238
2020-09-02 04:50:28,67919047
2020-09-02 05:15:46,67911957
2020-09-02 06:14:59,67916144
2020-09-02 06:29:02,67909728
2020-09-02 07:15:30,67906344
2020-09-02 07:35:29,67901042
2020-09-02 07:49:17,67898148
2020-09-02 08:02:48,67891353
2020-09-02 08:25:09,67889708
2020-09-02 08:42:06,67883255
2020-09-02 09:40:22,67885828
2020-09-02 11:01:40,67893534
2020-09-02 11:16:35,67897721
2020-09-02 11:28:09,67899544
2020-09-02 12:26:26,67907443
2020-09-02 13:03:03,67913269
2020-09-02 13:32:27,67912892
2020-09-02 14:05:11,67918788
2020-09-02 14:21:31,67918688
2020-09-02 15:13:56,67930592
2020-09-02 15:53:57,67935700
2020-09-02 16:16:07,67937930
2020-09-02 16:56:36,67935544
2020-09-02 18:12:14,67949213
2020-09-02 18:29:47,67953426
2020-09-02 18:36:51,67955668
2020-09-02 18:41:55,67946448
2020-09-02 19:05:41,67948461
2020-09-02 19:22:09,67953098
2020-09-02 19:50:57,67957491
2020-09-02 20:03:13,67956841
2020-09-02 20:19:07,67959815
2020-09-02 21:08:41,67971241
2020-09-02 21:29:38,67976649
2020-09-02 22:20:52,67983320
2020-09-02 23:15:07,67995657
2020-09-02 23:42:16,68000146
2020-09-03 00:13:01,68001143
2020-09-03 00:47:02,68004646
2020-09-03 01:42:55,68005794
2020-09-03 02:07:21,68011834
2020-09-03 03:36:28,68022864
2020-09-03 04:23:35,68033987
2020-09-03 04:52:38,68037251
2020-09-03 05:08:38,68037760
2020-09-03 05:42:23,68037979
2020-09-03 06:01:56,68039398
2020-09-03 06:28:26,68040109
2020-09-03 07:13:53,68042392
2020-09-03 07:39:53,68045263
2020-09-03 08:00:14,68044975
2020-09-03 08:43:33,68049461
2020-09-03 09:08:34,68051551
2020-09-03 09:24:38,68049671
2020-09-03 10:21:11,68051460
2020-09-03 10:36:29,68050224
2020-09-03 11:21:05,68054549
2020-09-03 11:38:25,68056900
2020-09-03 12:01:28,68057514
2020-09-03 12:29:48,68058617
2020-09-03 13:12:14,68059655
2020-09-03 13:34:17,68063359
2020-09-03 14:26:44,68073104
2020-09-03 15:10:47,68081819
2020-09-03 16:14:31,68090530
2020-09-03 16:39:20,68094564
2020-09-03 17:10:34,68098238
2020-09-03 17:44:27,68096382
2020-09-03 18:15:23,68099323
2020-09-03 18:54:02,68106269
2020-09-03 19:27:58,68110358
2020-09-03 19:57:29,68115865
2020-09-03 20:20:27,68117206
2020-09-03 21:01:06,68122163
2020-09-03 21:17:13,68124763
2020-09-03 21:32:36,68123570
2020-09-03 21:57:49,68128470
2020-09-03 22:25:47,68127433
2020-09-03 22:54:21,68122350
2020-09-03 23:19:03,68127096
2020-09-04 00:09:45,68129723
2020-09-04 00:40:44,68129938
2020-09-04 00:59:43,68131847
2020-09-04 03:20:13,68141145
2020-09-04 03:54:54,68148825
2020-09-04 04:06:56,68146094
2020-09-04 04:20:45,68139409
2020-09-04 04:28:59,68141973
2020-09-04 04:47:27,68139854
2020-09-04 05:22:17,68140080
2020-09-04 05:49:16,68138979
2020-09-04 05:53:42,68139816
2020-09-04 06:43:24,68139017
2020-09-04 07:25:00,68139378
2020-09-04 07:30:59,68140256
2020-09-04 08:01:12,68143342
2020-09-04 08:29:34,68140491
2020-09-04 08:58:41,68139099
2020-09-04 09:13:28,68140031
2020-09-04 09:40:15,68142079
2020-09-04 09:47:05,68128026
2020-09-04 10:09:46,68121309
2020-09-04 10:48:38,68123784
2020-09-04 11:12:34,68124162
2020-09-04 11:51:52,68131633
2020-09-04 12:27:05,68132932
2020-09-04 12:57:22,68133521
2020-09-04 13:15:15,68134963
2020-09-04 13:42:23,68142456
2020-09-04 14:06:56,68143866
2020-09-04 14:38:18,68147250
2020-09-04 15:33:02,68154267
2020-09-04 16:05:45,68160799
2020-09-04 16:47:27,68162829
2020-09-04 17:29:16,68168691
2020-09-04 18:01:37,68172225
2020-09-04 18:34:29,68173118
2020-09-04 19:51:46,68187088
2020-09-04 20:48:01,68198261
2020-09-04 20:57:43,68191786
2020-09-04 21:21:12,68187330
2020-09-04 22:09:39,68190141
2020-09-04 22:21:59,68188241
2020-09-04 23:16:41,68195730
2020-09-04 23:40:51,68197908
2020-09-05 00:09:32,68200941
2020-09-05 00:53:54,68209247
2020-09-05 01:44:13,68217951
2020-09-05 01:58:34,68220078
2020-09-05 02:16:28,68218169
2020-09-05 02:59:43,68230164
2020-09-05 03:47:46,68235836
2020-09-05 04:17:37,68238895
2020-09-05 04:49:49,68239788
2020-09-05 05:19:54,68238914
2020-09-05 06:07:03,68242661
2020-09-05 08:05:05,68250099
2020-09-05 08:24:26,68257908
2020-09-05 08:38:54,68256654
2020-09-05 08:52:59,68252628
2020-09-05 09:07:16,68250799
2020-09-05 09:22:51,68248424
2020-09-05 10:01:23,68245752
2020-09-05 10:18:43,68243443
2020-09-05 10:28:30,68233899
2020-09-05 10:39:52,68231748
2020-09-05 11:04:08,68232322
2020-09-05 11:24:50,68230474
2020-09-05 11:52:26,68232786
2020-09-05 12:36:15,68232982
2020-09-05 12:51:07,68232038
2020-09-05 13:28:38,68237635
2020-09-05 14:01:52,68241031
2020-09-05 14:24:17,68240411
2020-09-05 15:04:05,68245762
2020-09-05 15:44:37,68250657
2020-09-05 16:22:28,68250144
2020-09-05 16:59:42,68251689
2020-09-05 17:13:30,68250502
2020-09-05 17:42:44,68251284
2020-09-05 18:27:48,68257844
2020-09-05 18:40:05,68257489
2020-09-05 18:51:06,68254736
2020-09-05 19:54:29,68263475
2020-09-05 20:38:43,68267958
2020-09-05 21:18:59,68270015
2020-09-05 21:32:54,68269874
2020-09-05 21:53:04,68282714
2020-09-05 22:19:50,68280688
2020-09-05 22:33:20,68275345
2020-09-05 23:13:57,68274859
2020-09-05 23:50:42,68273783
2020-09-06 00:56:35,68279868
2020-09-06 01:23:46,68279363
2020-09-06 01:46:26,68267961
2020-09-06 02:47:49,68268059
2020-09-06 03:11:32,68269756
2020-09-06 03:41:07,68269085
2020-09-06 04:15:27,68266784
2020-09-06 04:50:53,68261635
2020-09-06 05:04:36,68239974
2020-09-06 05:30:15,68232226
2020-09-06 05:58:43,68225165
2020-09-06 06:24:25,68215353
2020-09-06 06:44:12,68201349
2020-09-06 07:25:33,68193479
2020-09-06 07:59:19,68192047
2020-09-06 08:17:11,68185094
2020-09-06 09:02:48,68185890
2020-09-06 09:20:02,68178367
2020-09-06 09:33:10,68164078
2020-09-06 09:52:10,68154443
2020-09-06 10:08:25,68142284
2020-09-06 10:35:36,68132719
2020-09-06 10:59:31,68122896
2020-09-06 11:19:51,68106810
2020-09-06 11:28:18,68088189
2020-09-06 11:51:02,68077414
2020-09-06 12:15:55,68068014
2020-09-06 12:25:17,68051090
2020-09-06 12:54:00,68043327
2020-09-06 13:07:29,68036200
2020-09-06 13:29:10,68031964
2020-09-06 13:37:08,68017022
2020-09-06 14:05:46,68010285
2020-09-06 15:01:19,68017886
2020-09-06 15:12:56,68010306
2020-09-06 15:40:42,68007146
2020-09-06 16:30:35,68007473
2020-09-06 16:54:05,68008347
2020-09-06 17:37:53,68015246
2020-09-06 18:15:13,68018298
2020-09-06 18:35:00,68018337
2020-09-06 19:06:31,68018863
2020-09-06 19:38:40,68018553
2020-09-06 21:06:02,68024303
2020-09-06 21:19:10,68028296
2020-09-06 21:40:13,68030737
2020-09-06 22:10:29,68029583
2020-09-06 22:39:49,68015750
2020-09-06 23:28:02,68016612
2020-09-07 00:02:59,68005788
2020-09-07 00:27:45,67997056
2020-09-07 01:08:14,67996740
2020-09-07 01:47:40,67996862
2020-09-07 02:37:41,68003042
2020-09-07 03:50:16,68010503
2020-09-07 04:00:03,67998071
2020-09-07 04:20:35,67986972
2020-09-07 04:52:31,67976860
2020-09-07 05:26:37,67970650
2020-09-07 05:45:23,67962933
2020-09-07 06:21:57,67956985
2020-09-07 07:00:14,67954713
2020-09-07 07:25:25,67954049
2020-09-07 07:50:18,67946121
2020-09-07 08:12:10,67943737
2020-09-07 08:29:52,67937850
2020-09-07 08:49:52,67930296
2020-09-07 09:35:17,67927288
2020-09-07 10:15:01,67927078
2020-09-07 10:25:16,67925298
2020-09-07 10:37:05,67913044
2020-09-07 10:47:49,67894456
2020-09-07 11:14:22,67893360
2020-09-07 11:28:22,67885299
2020-09-07 11:49:29,67878137
2020-09-07 12:11:33,67871152
2020-09-07 12:48:40,67872743
2020-09-07 13:09:49,67871429
2020-09-07 13:15:39,67865250
2020-09-07 13:38:53,67864054
2020-09-07 14:10:29,67864516
2020-09-07 14:43:22,67865163
2020-09-07 14:58:34,67865802
2020-09-07 15:24:57,67871123
2020-09-07 15:29:12,67861989
2020-09-07 15:57:11,67866980
2020-09-07 16:20:20,67867010
2020-09-07 17:03:28,67871559
2020-09-07 17:13:55,67869332
2020-09-07 17:22:45,67855275
2020-09-07 17:49:27,67853878
2020-09-07 17:52:01,67841289
2020-09-07 18:14:43,67835583
2020-09-07 18:39:25,67831356
2020-09-07 19:01:12,67826577
2020-09-07 19:27:16,67826659
2020-09-07 19:32:10,67817821
2020-09-07 19:39:34,67816854
2020-09-07 19:57:12,67818326
2020-09-07 20:18:10,67817733
2020-09-07 20:51:33,67817616
2020-09-07 21:07:14,67813739
2020-09-07 21:39:59,67815201
2020-09-07 21:59:58,67815364
2020-09-07 22:29:30,67815562
2020-09-07 22:41:27,67815770
2020-09-07 23:50:27,67823312
2020-09-08 00:11:18,67821043
2020-09-08 00:42:35,67818705
2020-09-08 01:16:36,67821792
2020-09-08 01:26:36,67822624
2020-09-08 01:46:37,67824338
2020-09-08 02:14:04,67828257
2020-09-08 03:04:21,67836866
2020-09-08 04:03:45,67842749
2020-09-08 04:26:58,67842046
2020-09-08 04:42:30,67838679
2020-09-08 05:08:30,67827403
2020-09-08 05:34:59,67826121
2020-09-08 06:20:39,67828420
2020-09-08 06:56:13,67826457
2020-09-08 07:27:41,67822702
2020-09-08 07:42:25,67817377
2020-09-08 07:51:49,67813232
2020-09-08 08:33:59,67818081
2020-09-08 09:00:13,67817726
2020-09-08 09:12:36,67812283
2020-09-08 10:05:13,67816353
2020-09-08 10:35:09,67816551
2020-09-08 11:14:37,67821894
2020-09-08 11:53:11,67825886
2020-09-08 12:15:51,67824724
2020-09-08 12:35:01,67824859
2020-09-08 13:18:11,67830279
2020-09-08 13:46:36,67833732
2020-09-08 13:57:55,67835631
2020-09-08 14:02:50,67828723
2020-09-08 14:36:36,67836782
2020-09-08 14:58:21,67840298
2020-09-08 15:32:25,67843431
2020-09-08 15:47:51,67840916
2020-09-08 15:57:28,67835901
2020-09-08 16:42:30,67841123
2020-09-08 16:52:42,67845946
2020-09-08 17:21:36,67850837
2020-09-08 17:58:01,67857948
2020-09-08 18:13:21,67857205
2020-09-08 18:19:06,67844561
2020-09-08 18:25:18,67829242
2020-09-08 19:08:09,67837020
2020-09-08 19:37:09,67841746
2020-09-08 20:32:35,67850522
2020-09-08 21:12:42,67856611
2020-09-08 21:31:53,67858831
2020-09-08 21:48:12,67860906
2020-09-08 22:07:42,67861657
2020-09-08 22:30:19,67856469
2020-09-08 23:02:38,67857487
2020-09-08 23:44:03,67860080
2020-09-09 00:07:21,67853431
2020-09-09 00:22:48,67843241
2020-09-09 01:01:17,67842947
2020-09-09 01:29:00,67845196
2020-09-09 01:57:21,67848488
2020-09-09 02:17:28,67850600
2020-09-09 02:26:03,67849671
2020-09-09 03:16:57,67859390
2020-09-09 03:45:43,67862551
2020-09-09 04:07:06,67861762
2020-09-09 05:07:46,67868121
2020-09-09 05:44:33,67860723
2020-09-09 06:01:18,67851669
2020-09-09 06:32:13,67851552
2020-09-09 06:56:13,67849810
2020-09-09 07:03:09,67849355
2020-09-09 07:14:34,67848505
2020-09-09 07:28:08,67842869
2020-09-09 07:48:13,67833303
2020-09-09 08:28:43,67835078
2020-09-09 09:00:35,67837533
2020-09-09 09:10:54,67826863
2020-09-09 09:37:00,67827768
2020-09-09 10:21:25,67831946
2020-09-09 10:28:46,67830621
2020-09-09 10:39:10,67824369
2020-09-09 10:44:26,67816798
2020-09-09 11:32:28,67823856
2020-09-09 11:53:26,67823424
2020-09-09 12:48:02,67822937
2020-09-09 13:05:47,67829722
2020-09-09 13:20:55,67833037
2020-09-09 13:36:11,67835068
2020-09-09 14:20:37,67835743
2020-09-09 15:11:55,67842477
2020-09-09 15:38:24,67849990
2020-09-09 15:55:58,67853861
2020-09-09 16:49:11,67860622
2020-09-09 17:15:17,67869764
2020-09-09 17:41:57,67878016
2020-09-09 18:01:00,67880490
2020-09-09 19:06:01,67890500
2020-09-09 19:34:46,67897522
2020-09-09 19:45:44,67899591
2020-09-09 20:16:36,67904386
2020-09-09 20:50:13,67911915
2020-09-09 21:35:53,67920438
2020-09-09 21:54:56,67921829
2020-09-09 23:06:42,67933078
2020-09-09 23:49:02,67940477
2020-09-10 00:36:33,67946556
2020-09-10 01:41:34,67955463
2020-09-10 02:44:33,67967859
2020-09-10 02:57:35,67973718
2020-09-10 03:30:09,67974700
2020-09-10 04:23:02,67980637
2020-09-10 05:08:48,67986079
2020-09-10 05:30:22,67984854
2020-09-10 05:38:21,67981155
2020-09-10 05:48:40,67974359
2020-09-10 06:19:32,67969710
2020-09-10 06:56:29,67964589
2020-09-10 07:06:39,67958009
2020-09-10 07:16:27,67950364
2020-09-10 08:09:25,67953651
2020-09-10 08:39:03,67954740
2020-09-10 09:20:12,67958217
2020-09-10 09:45:03,67958472
2020-09-10 10:15:10,67958382
2020-09-10 10:37:51,67957867
2020-09-10 11:10:16,67963286
2020-09-10 11:15:53,67960615
2020-09-10 11:47:35,67960039
2020-09-10 12:15:22,67946569
2020-09-10 12:55:18,67950580
2020-09-10 13:32:54,67956897
2020-09-10 14:39:13,67965261
2020-09-10 15:10:23,67972604
2020-09-10 15:29:28,67975245
2020-09-10 15:58:57,67979317
2020-09-10 16:22:49,67980616
2020-09-10 17:02:08,67987516
2020-09-10 17:13:24,67989281
2020-09-10 17:23:31,67986339
2020-09-10 17:31:15,67988327
2020-09-10 17:42:20,67986875
2020-09-10 18:04:54,67985993
2020-09-10 18:16:58,67984618
2020-09-10 18:26:00,67980490
2020-09-10 18:43:46,67978937
2020-09-10 19:00:19,67973076
2020-09-10 19:19:28,67968548
2020-09-10 19:47:10,67972011
2020-09-10 20:08:15,67966952
2020-09-10 20:33:44,67964994
2020-09-10 21:15:13,67968009
2020-09-10 21:27:09,67965973
2020-09-10 21:45:34,67955729
2020-09-10 22:27:35,67959587
2020-09-10 22:37:48,67948443
2020-09-10 22:47:44,67935270
2020-09-10 23:34:00,67938371
2020-09-11 00:14:24,67939137
2020-09-11 01:25:50,67944071
2020-09-11 02:26:45,67950955
2020-09-11 03:15:46,67957121
2020-09-11 03:48:02,67956969
2020-09-11 04:26:03,67955381
2020-09-11 04:59:45,67957198
2020-09-11 05:28:08,67957481
2020-09-11 06:06:28,67955051
2020-09-11 06:45:49,67950333
2020-09-11 07:20:33,67952848
2020-09-11 07:56:17,67953668
2020-09-11 08:28:15,67952989
2020-09-11 09:03:06,67954813
2020-09-11 09:21:49,67952391
2020-09-11 09:40:39,67951070
2020-09-11 10:17:02,67952348
2020-09-11 10:32:56,67946372
2020-09-11 11:03:46,67946383
2020-09-11 11:30:11,67947935
2020-09-11 11:48:37,67945160
2020-09-11 12:07:36,67942526
2020-09-11 12:24:05,67937972
2020-09-11 12:41:15,67930421
2020-09-11 12:57:43,67921020
2020-09-11 13:11:32,67909135
2020-09-11 13:28:58,67912220
2020-09-11 14:25:25,67918037
2020-09-11 14:49:05,67915630
2020-09-11 15:01:17,67910639
2020-09-11 15:49:47,67920640
2020-09-11 16:20:40,67921443
2020-09-11 16:56:06,67928219
2020-09-11 17:08:27,67934023
2020-09-11 17:51:12,67943080
2020-09-11 18:27:22,67945858
2020-09-11 18:56:22,67951096
2020-09-11 19:31:37,67959568
2020-09-11 20:13:02,67968838
2020-09-11 20:45:08,67975114
2020-09-11 20:53:37,67973647
2020-09-11 21:16:29,67974161
2020-09-11 22:09:50,67983567
2020-09-11 22:33:23,67984884
2020-09-11 23:18:17,67989861
2020-09-11 23:48:34,67992217
2020-09-12 00:08:59,67992251
2020-09-12 00:14:35,67987410
2020-09-12 00:33:39,67975130
2020-09-12 00:48:25,67959631
2020-09-12 01:09:04,67953942
2020-09-12 01:29:57,67943342
2020-09-12 02:00:26,67938147
2020-09-12 02:58:50,67946354
2020-09-12 03:10:28,67934162
2020-09-12 04:14:49,67941698
2020-09-12 04:32:32,67929344
2020-09-12 04:53:38,67915543
2020-09-12 06:00:45,67922541
2020-09-12 06:36:27,67919346
2020-09-12 07:09:57,67920438
2020-09-12 07:22:13,67918422
2020-09-12 07:37:36,67919164
2020-09-12 07:46:05,67917836
2020-09-12 08:27:04,67921068
2020-09-12 08:39:34,67915911
2020-09-12 09:07:19,67915203
2020-09-12 09:15:16,67915627
2020-09-12 09:45:16,67916326
2020-09-12 10:39:44,67915631
2020-09-12 11:03:34,67916574
2020-09-12 11:19:59,67915657
2020-09-12 11:41:38,67911808
2020-09-12 12:15:27,67910741
2020-09-12 12:29:43,67903584
2020-09-12 13:20:11,67908033
2020-09-12 14:08:25,67912084
2020-09-12 14:16:29,67910198
2020-09-12 14:28:35,67908508
2020-09-12 14:54:07,67908399
2020-09-12 15:12:11,67909175
2020-09-12 15:45:57,67913858
2020-09-12 15:57:35,67914707
2020-09-12 16:21:45,67918481
2020-09-12 17:00:43,67924457
2020-09-12 17:22:35,67928320
2020-09-12 17:31:49,67926990
2020-09-12 17:59:52,67928695
2020-09-12 18:24:46,67926763
2020-09-12 18:56:29,67931602
2020-09-12 19:07:42,67930649
2020-09-12 19:22:05,67931842
2020-09-12 19:26:11,67932480
2020-09-12 19:51:50,67934260
2020-09-12 20:10:31,67934415
2020-09-12 20:52:34,67938147
2020-09-12 21:06:46,67937415
2020-09-12 21:34:20,67939081
2020-09-12 21:55:30,67940438
2020-09-12 22:42:02,67944456
2020-09-12 23:21:50,67948675
2020-09-12 23:30:23,67948254
2020-09-13 00:14:03,67952744
2020-09-13 00:40:54,67953168
2020-09-13 01:04:22,67958008
2020-09-13 01:24:03,67958849
2020-09-13 01:45:31,67961257
2020-09-13 02:14:55,67963465
2020-09-13 02:37:39,67966587
2020-09-13 02:47:09,67967262
2020-09-13 03:02:19,67967088
2020-09-13 03:34:10,67973080
2020-09-13 03:47:48,67973439
2020-09-13 04:06:44,67968273
2020-09-13 04:10:29,67967638
2020-09-13 04:21:02,67967822
2020-09-13 04:41:18,67968283
2020-09-13 05:06:14,67968202
2020-09-13 05:51:19,67969598
2020-09-13 06:05:25,67967679
2020-09-13 06:37:05,67968097
2020-09-13 06:54:59,67968330
2020-09-13 07:48:54,67968778
2020-09-13 07:59:58,67967135
2020-09-13 08:41:16,67964226
2020-09-13 08:54:58,67961197
2020-09-13 09:28:21,67959995
2020-09-13 09:48:30,67960181
2020-09-13 10:13:23,67958677
2020-09-13 10:37:50,67958698
2020-09-13 11:17:00,67959088
2020-09-13 12:20:17,67965027
2020-09-13 12:46:59,67961689
2020-09-13 13:01:24,67959634
2020-09-13 13:37:43,67958079
2020-09-13 13:56:13,67960343
2020-09-13 14:11:38,67957534
2020-09-13 14:39:11,67955958
2020-09-13 15:16:57,67957018
2020-09-13 15:36:46,67959675
2020-09-13 16:13:20,67960389
2020-09-13 16:28:46,67961707
2020-09-13 16:46:12,67964801
2020-09-13 17:00:53,67965528
2020-09-13 17:16:06,67968424
2020-09-13 17:28:19,67969136
2020-09-13 17:38:56,67969989
2020-09-13 18:28:23,67973902
2020-09-13 18:44:34,67971563
2020-09-13 19:30:18,67977033
2020-09-13 19:59:23,67968697
2020-09-13 20:56:18,67974307
2020-09-13 21:19:04,67974389
2020-09-13 21:42:10,67970268
2020-09-13 22:10:15,67962463
2020-09-13 23:07:18,67962662
2020-09-14 00:03:36,67962829
2020-09-14 00:21:14,67960632
2020-09-14 00:48:18,67948782
2020-09-14 00:55:50,67937264
2020-09-14 01:09:10,67934831
2020-09-14 01:27:17,67935033
2020-09-14 01:46:20,67932957
2020-09-14 02:04:51,67933808
2020-09-14 02:36:21,67937391
2020-09-14 02:59:55,67937557
2020-09-14 03:10:21,67938481
2020-09-14 03:26:33,67943098
2020-09-14 03:51:35,67945608
2020-09-14 04:27:25,67946276
2020-09-14 04:59:01,67948731
2020-09-14 05:44:20,67952151
2020-09-14 06:09:56,67948263
2020-09-14 06:37:07,67947465
2020-09-14 06:57:35,67942955
2020-09-14 07:32:07,67943567
2020-09-14 07:59:10,67939458
2020-09-14 08:21:34,67938600
2020-09-14 08:47:31,67937896
2020-09-14 09:12:38,67938663
2020-09-14 09:50:36,67939953
2020-09-14 10:15:27,67940232
2020-09-14 10:28:33,67939112
2020-09-14 11:01:30,67936546
2020-09-14 11:37:37,67939215
2020-09-14 11:55:25,67937484
2020-09-14 12:25:26,67936350
2020-09-14 12:26:35,67935817
2020-09-14 12:50:57,67934205
2020-09-14 13:46:06,67938032
2020-09-14 13:51:56,67937727
2020-09-14 14:17:13,67938426
2020-09-14 14:40:42,67943115
2020-09-14 15:00:46,67946538
2020-09-14 15:05:33,67944819
2020-09-14 15:48:03,67952129
2020-09-14 16:02:48,67949051
2020-09-14 16:41:16,67958504
2020-09-14 16:51:34,67952733
2020-09-14 17:09:32,67949240
2020-09-14 17:38:39,67954346
2020-09-14 17:53:53,67951851
2020-09-14 18:15:26,67951905
2020-09-14 18:39:12,67954129
2020-09-14 19:42:51,67959151
2020-09-14 19:55:38,67964198
2020-09-14 20:17:12,67966997
2020-09-14 20:37:03,67968783
2020-09-14 20:52:14,67967164
2020-09-14 21:46:31,67971014
2020-09-14 22:21:12,67974429
2020-09-14 22:44:07,67975701
2020-09-14 23:22:17,67980765
2020-09-14 23:29:39,67972426
2020-09-14 23:57:56,67968787
2020-09-15 00:43:51,67974304
2020-09-15 01:13:25,67975790
2020-09-15 01:24:18,67979020
2020-09-15 01:38:20,67980082
2020-09-15 02:01:21,67983882
2020-09-15 02:22:29,67984984
2020-09-15 02:27:24,67984518
2020-09-15 02:55:28,67987242
2020-09-15 04:15:48,67998485
2020-09-15 04:42:37,68002122
2020-09-15 05:02:22,68001274
2020-09-15 06:30:07,68010635
2020-09-15 07:03:12,68012600
2020-09-15 07:31:06,68007702
2020-09-15 08:22:11,68007933
2020-09-15 08:31:45,68006744
2020-09-15 08:58:54,68004282
2020-09-15 09:22:01,67999794
2020-09-15 09:38:13,67993778
2020-09-15 09:58:38,67995202
2020-09-15 10:30:39,67997697
2020-09-15 11:00:21,68001548
2020-09-15 11:10:29,67992829
2020-09-15 11:39:18,67993628
2020-09-15 12:24:20,67998496
2020-09-15 13:08:02,68005701
2020-09-15 13:30:13,68009992
2020-09-15 14:02:53,68014063
2020-09-15 14:37:22,68012976
2020-09-15 15:15:10,68021666
2020-09-15 15:34:00,68026811
2020-09-15 15:47:21,68028992
2020-09-15 16:14:22,68032119
2020-09-15 16:52:11,68041491
2020-09-15 16:55:57,68042445
2020-09-15 17:20:14,68046272
2020-09-15 17:47:15,68051530
2020-09-15 18:07:59,68054139
2020-09-15 18:52:35,68066726
2020-09-15 18:58:46,68065912
2020-09-15 19:23:07,68067239
2020-09-15 19:46:55,68064476
2020-09-15 19:56:57,68061631
2020-09-15 20:14:52,68053786
2020-09-15 20:30:34,68051422
2020-09-15 20:57:26,68052749
2020-09-15 21:05:48,68042639
2020-09-15 21:34:00,68044345
2020-09-15 22:20:59,68043978
2020-09-15 22:51:58,68049251
2020-09-15 23:23:01,68051912
2020-09-15 23:46:43,68050501
2020-09-16 00:49:46,68056780
2020-09-16 01:20:00,68056099
2020-09-16 01:35:58,68053723
2020-09-16 01:53:12,68042810
2020-09-16 02:27:55,68044988
2020-09-16 02:38:44,68042118
2020-09-16 03:02:32,68043233
2020-09-16 03:12:18,68031898
2020-09-16 04:01:13,68030734
2020-09-16 04:50:25,68036904
2020-09-16 05:13:26,68036749
2020-09-16 05:25:18,68022713
2020-09-16 05:54:57,68019792
2020-09-16 06:20:34,68012223
2020-09-16 06:54:21,68010487
2020-09-16 07:23:37,68009827
2020-09-16 07:51:37,68008366
2020-09-16 08:15:18,68004523
2020-09-16 08:49:56,67992846
2020-09-16 09:24:48,67992194
2020-09-16 09:49:13,67996901
2020-09-16 10:12:31,67996401
2020-09-16 10:35:54,67996286
2020-09-16 11:00:35,67999904
2020-09-16 11:25:15,68000547
2020-09-16 11:49:49,68002682
2020-09-16 12:14:24,68003177
2020-09-16 12:49:14,68007268
2020-09-16 13:17:43,68009694
2020-09-16 13:33:19,68011683
2020-09-16 14:00:47,68015032
2020-09-16 14:09:53,68011414
2020-09-16 14:38:41,68015643
2020-09-16 15:06:48,68022405
2020-09-16 15:34:21,68029227
2020-09-16 16:06:02,68030592
2020-09-16 17:00:12,68038498
2020-09-16 17:40:33,68047928
2020-09-16 17:57:36,68053032
2020-09-16 18:14:48,68054285
2020-09-16 18:34:32,68058759
2020-09-16 19:17:20,68066901
2020-09-16 19:37:02,68068792
2020-09-16 19:54:53,68067519
2020-09-16 20:47:37,68076698
2020-09-16 21:16:11,68082378
2020-09-16 21:45:15,68087109
2020-09-16 22:16:16,68088614
2020-09-16 22:36:22,68090208
2020-09-16 23:07:10,68091518
2020-09-16 23:40:52,68094064
2020-09-17 00:04:44,68092818
2020-09-17 00:37:36,68091601
2020-09-17 01:00:40,68087400
2020-09-17 01:30:40,68087873
2020-09-17 01:44:01,68077127
2020-09-17 02:47:08,68093012
2020-09-17 03:00:40,68089703
2020-09-17 03:14:57,68083330
2020-09-17 03:39:35,68072657
2020-09-17 03:49:53,68061898
2020-09-17 04:06:09,68050973
2020-09-17 04:33:03,68052135
2020-09-17 04:49:38,68048994
2020-09-17 05:04:33,68047769
2020-09-17 05:30:05,68048085
2020-09-17 05:48:55,68046664
2020-09-17 06:28:39,68047728
2020-09-17 07:17:31,68052804
2020-09-17 07:26:19,68048903
2020-09-17 07:45:00,68043211
2020-09-17 08:06:37,68041862
2020-09-17 08:50:07,68045752
2020-09-17 09:04:06,68044411
2020-09-17 09:37:03,68045782
2020-09-17 10:01:35,68042278
2020-09-17 10:26:28,68039726
2020-09-17 10:48:28,68038893
2020-09-17 10:58:22,68033640
2020-09-17 11:39:24,68037394
2020-09-17 11:57:38,68031128
2020-09-17 12:23:04,68028438
2020-09-17 12:43:19,68030258
2020-09-17 13:03:06,68025700
2020-09-17 13:11:06,68018318
2020-09-17 13:46:22,68020432
2020-09-17 14:07:11,68017311
2020-09-17 14:16:33,68016030
2020-09-17 15:05:52,68024655
2020-09-17 15:36:14,68032423
2020-09-17 15:55:33,68033750
2020-09-17 16:03:35,68029075
2020-09-17 16:16:29,68026644
2020-09-17 16:53:30,68025949
2020-09-17 17:31:31,68032979
2020-09-17 17:35:10,68035132
2020-09-17 17:49:08,68028817
2020-09-17 18:04:22,68019749
2020-09-17 18:38:02,68022996
2020-09-17 19:23:13,68028169
2020-09-17 20:07:01,68032427
2020-09-17 20:17:10,68031958
2020-09-17 20:33:53,68030428
2020-09-17 20:41:58,68024830
2020-09-17 21:19:17,68025248
2020-09-17 21:25:33,68019333
2020-09-17 21:42:31,68008412
2020-09-17 22:25:01,68012274
2020-09-17 22:59:27,68017398
2020-09-17 23:30:33,68019682
2020-09-17 23:55:19,68014940
2020-09-18 00:35:39,68015748
2020-09-18 01:00:49,68020630
2020-09-18 01:40:00,68021576
2020-09-18 02:02:28,68021939
2020-09-18 02:41:18,68028242
2020-09-18 02:57:57,68029675
2020-09-18 03:16:05,68031703
2020-09-18 03:34:23,68029116
2020-09-18 04:03:03,68028646
2020-09-18 04:27:09,68027295
2020-09-18 04:57:28,68030376
2020-09-18 05:14:49,68028499
2020-09-18 05:36:12,68029309
2020-09-18 05:54:27,68030774
2020-09-18 06:04:30,68028517
2020-09-18 06:59:09,68032128
2020-09-18 07:12:50,68030560
2020-09-18 07:21:06,68025546
2020-09-18 07:54:59,68024366
2020-09-18 08:18:07,68020093
2020-09-18 08:30:51,68015743
2020-09-18 08:45:53,68015464
2020-09-18 09:14:28,68016995
2020-09-18 09:38:39,68014516
2020-09-18 10:14:44,68014928
2020-09-18 10:28:13,68010691
2020-09-18 10:48:26,68011649
2020-09-18 11:11:19,68000424
2020-09-18 11:21:29,67979996
2020-09-18 11:40:57,67978911
2020-09-18 12:00:14,67975247
2020-09-18 12:09:53,67962279
2020-09-18 12:27:34,67952532
2020-09-18 12:35:41,67949169
2020-09-18 13:22:59,67957536
2020-09-18 14:55:40,67968986
2020-09-18 15:09:31,67972552
2020-09-18 15:17:41,67976876
2020-09-18 16:34:46,67981855
2020-09-18 16:41:50,67989937
2020-09-18 17:41:17,67999853
2020-09-18 18:09:22,68003422
2020-09-18 18:45:27,68010466
2020-09-18 18:58:56,68012830
2020-09-18 19:27:14,68018485
2020-09-18 20:11:29,68025067
2020-09-18 20:46:18,68033532
2020-09-18 21:16:11,68040048
2020-09-18 22:11:45,68051989
2020-09-18 22:54:39,68056636
2020-09-18 23:14:57,68056725
2020-09-18 23:21:19,68055012
2020-09-18 23:33:50,68052656
2020-09-18 23:42:13,68048611
2020-09-18 23:45:26,68043652
2020-09-19 00:29:46,68045879
2020-09-19 01:19:40,68051213
2020-09-19 01:38:41,68050335
2020-09-19 02:56:13,68059965
2020-09-19 03:26:35,68064961
2020-09-19 03:43:29,68061449
2020-09-19 03:58:47,68052532
2020-09-19 04:51:28,68051863
2020-09-19 05:04:54,68047857
2020-09-19 05:40:28,68049285
2020-09-19 06:18:57,68046017
2020-09-19 06:25:56,68034098
2020-09-19 06:57:41,68029122
2020-09-19 07:13:22,68020103
2020-09-19 08:18:02,68020177
2020-09-19 08:32:38,68018968
2020-09-19 08:53:25,68017797
2020-09-19 09:20:36,68018184
2020-09-19 09:35:44,68002913
2020-09-19 09:43:48,67993451
2020-09-19 09:48:36,67993370
2020-09-19 10:22:50,67993781
2020-09-19 11:03:13,67994909
2020-09-19 11:37:27,67994479
2020-09-19 11:52:43,67991773
2020-09-19 12:01:34,67987519
2020-09-19 12:31:16,67983511
2020-09-19 13:02:16,67984431
2020-09-19 13:18:01,67982773
2020-09-19 13:30:13,67979973
2020-09-19 14:09:54,67983715
2020-09-19 15:10:39,67988844
2020-09-19 15:41:21,67991213
2020-09-19 15:58:15,67991945
2020-09-19 16:29:41,67991492
2020-09-19 16:59:09,67985689
2020-09-19 17:18:54,67987812
2020-09-19 17:48:40,67991570
2020-09-19 18:12:01,67991478
2020-09-19 18:44:19,67994286
2020-09-19 19:24:44,67998747
2020-09-19 20:03:50,68005939
2020-09-19 21:02:27,68014973
2020-09-19 21:51:14,68021737
2020-09-19 22:08:50,68022211
2020-09-19 22:37:57,68022712
2020-09-19 22:59:29,68021524
2020-09-19 23:16:12,68011648
2020-09-19 23:38:44,68008690
2020-09-20 00:11:30,68008016
2020-09-20 00:32:03,68010431
2020-09-20 01:43:13,68015538
2020-09-20 02:24:02,68014516
2020-09-20 02:55:33,68016766
2020-09-20 03:27:54,68027474
2020-09-20 03:42:44,68028507
2020-09-20 04:01:42,68030646
2020-09-20 04:13:27,68030311
2020-09-20 04:40:25,68031781
2020-09-20 05:12:39,68032824
2020-09-20 05:58:11,68032149
2020-09-20 06:29:02,68030519
2020-09-20 07:01:49,68030934
2020-09-20 07:35:45,68030697
2020-09-20 08:08:06,68027362
2020-09-20 08:39:26,68024856
2020-09-20 09:07:17,68024997
2020-09-20 09:28:31,68020231
2020-09-20 09:55:15,68020830
2020-09-20 10:14:17,68019632
2020-09-20 11:27:50,68024184
2020-09-20 12:25:33,68028106
2020-09-20 12:37:19,68025689
2020-09-20 12:59:07,68021982
2020-09-20 13:37:08,68025042
2020-09-20 14:00:32,68025683
2020-09-20 14:50:14,68027968
2020-09-20 15:41:14,68036698
2020-09-20 16:16:21,68040392
2020-09-20 16:30:41,68042606
2020-09-20 16:39:29,68039430
2020-09-20 17:12:39,68040879
2020-09-20 17:26:27,68036915
2020-09-20 18:23:10,68042014
2020-09-20 18:26:24,68034281
2020-09-20 18:53:16,68029496
2020-09-20 19:33:04,68034201
2020-09-20 19:41:16,68030565
2020-09-20 20:18:32,68029230
2020-09-20 20:38:23,68028003
2020-09-20 21:26:58,68032379
2020-09-20 21:33:03,68023963
2020-09-20 21:46:30,68016771
2020-09-20 22:33:54,68015762
2020-09-20 23:09:10,68006613
2020-09-20 23:23:44,67995635
2020-09-20 23:39:45,67994545
2020-09-21 00:37:40,67994966
2020-09-21 00:53:23,67993200
2020-09-21 01:16:25,67989948
2020-09-21 01:56:32,67973876
2020-09-21 02:14:59,67973193
2020-09-21 03:06:13,67978881
2020-09-21 03:17:39,67976855
2020-09-21 03:49:16,67977845
2020-09-21 04:02:22,67981202
2020-09-21 04:35:10,67975752
2020-09-21 04:51:45,67972428
2020-09-21 05:26:30,67968418
2020-09-21 05:42:50,67970287
2020-09-21 05:57:37,67968891
2020-09-21 06:36:05,67964364
2020-09-21 06:51:07,67958638
2020-09-21 07:15:48,67957056
2020-09-21 07:36:03,67953591
2020-09-21 07:52:24,67950495
2020-09-21 08:40:54,67952125
2020-09-21 09:01:41,67952117
2020-09-21 09:14:03,67946903
2020-09-21 09:48:19,67948221
2020-09-21 10:17:19,67948283
2020-09-21 10:33:52,67946284
2020-09-21 10:47:18,67941179
2020-09-21 11:05:45,67936434
2020-09-21 11:31:52,67931877
2020-09-21 12:13:21,67934113
2020-09-21 13:47:11,67938128
2020-09-21 15:06:48,67948544
2020-09-21 15:33:05,67961910
2020-09-21 16:05:20,67964866
2020-09-21 16:50:34,67968748
2020-09-21 17:09:55,67971050
2020-09-21 17:25:02,67968491
2020-09-21 17:43:25,67974826
2020-09-21 18:37:33,67985532
2020-09-21 19:19:47,67992257
2020-09-21 19:44:54,67998489
2020-09-21 19:52:16,67997733
2020-09-21 20:29:46,68003919
2020-09-21 21:00:05,68010265
2020-09-21 21:19:37,68014001
2020-09-21 21:39:28,68017208
2020-09-21 22:21:40,68025194
2020-09-21 23:09:15,68032477
2020-09-21 23:32:39,68036423
2020-09-22 00:06:27,68037395
2020-09-22 01:00:29,68042816
2020-09-22 01:46:24,68047810
2020-09-22 02:16:23,68045344
2020-09-22 02:29:50,68049120
2020-09-22 02:50:52,68049551
2020-09-22 03:18:45,68054464
2020-09-22 04:26:12,68057465
2020-09-22 04:52:26,68058184
2020-09-22 05:10:17,68059223
2020-09-22 05:31:37,68055774
2020-09-22 06:01:28,68057279
2020-09-22 06:29:59,68054531
2020-09-22 07:18:55,68062237
2020-09-22 07:51:49,68062573
2020-09-22 08:20:47,68062724
2020-09-22 09:21:42,68069191
2020-09-22 09:50:01,68071605
2020-09-22 10:01:15,68070044
2020-09-22 10:53:49,68075268
2020-09-22 11:39:39,68079688
2020-09-22 11:59:17,68079665
2020-09-22 12:43:46,68083271
2020-09-22 12:57:20,68084248
2020-09-22 13:05:50,68083959
2020-09-22 14:34:02,68086946
2020-09-22 14:50:57,68094795
2020-09-22 15:22:17,68101928
2020-09-22 15:27:15,68099608
2020-09-22 15:59:43,68105748
2020-09-22 16:27:39,68108189
2020-09-22 17:26:04,68116541
2020-09-22 17:44:45,68120921
2020-09-22 18:14:47,68127265
2020-09-22 18:37:07,68127528
2020-09-22 19:13:34,68132078
2020-09-22 19:45:37,68135704
2020-09-22 20:40:36,68140443
2020-09-22 21:15:19,68142979
2020-09-22 22:04:02,68149807
2020-09-22 22:25:33,68151714
2020-09-22 22:59:11,68152221
2020-09-22 23:33:15,68152031
2020-09-23 00:25:24,68153341
2020-09-23 00:38:02,68149275
2020-09-23 01:22:39,68151847
2020-09-23 01:41:37,68149826
2020-09-23 02:01:22,68149631
2020-09-23 02:26:40,68152959
2020-09-23 03:19:08,68163052
2020-09-23 03:36:06,68155721
2020-09-23 03:57:46,68153704
2020-09-23 04:27:14,68154907
2020-09-23 05:18:04,68159189
2020-09-23 07:24:45,68170813
2020-09-23 07:54:41,68181747
2020-09-23 08:26:42,68180922
2020-09-23 09:09:22,68183327
2020-09-23 09:36:01,68187836
2020-09-23 10:35:06,68186249
2020-09-23 10:48:56,68191702
2020-09-23 11:13:23,68188109
2020-09-23 11:36:06,68189250
2020-09-23 12:26:02,68193861
2020-09-23 13:06:49,68200466
2020-09-23 13:44:36,68205723
2020-09-23 13:54:06,68206597
2020-09-23 14:18:17,68206871
2020-09-23 15:20:32,68219120
2020-09-23 15:24:03,68220388
2020-09-23 15:57:42,68227722
2020-09-23 16:50:23,68237749
2020-09-23 17:23:47,68245044
2020-09-23 17:52:50,68251217
2020-09-23 18:11:50,68250353
2020-09-23 18:23:55,68255058
2020-09-23 19:00:00,68260163
2020-09-23 19:31:20,68269925
2020-09-23 19:53:32,68270863
2020-09-23 20:10:14,68271830
2020-09-23 20:33:05,68275812
2020-09-23 20:55:31,68279315
2020-09-23 21:09:53,68278598
2020-09-23 21:54:18,68287614
2020-09-23 22:08:17,68287155
2020-09-23 22:29:57,68286100
2020-09-23 22:51:44,68286987
2020-09-23 23:12:06,68288468
2020-09-23 23:16:26,68285069
2020-09-23 23:25:21,68279482
2020-09-24 00:13:04,68282295
2020-09-24 01:13:06,68292009
2020-09-24 01:54:24,68293640
2020-09-24 02:14:57,68294376
2020-09-24 03:00:04,68302207
2020-09-24 03:51:45,68307110
2020-09-24 04:13:23,68304173
2020-09-24 04:29:21,68304996
2020-09-24 04:58:08,68305629
2020-09-24 05:42:50,68308290
2020-09-24 06:21:18,68310512
2020-09-24 06:43:37,68309116
2020-09-24 07:10:31,68308544
2020-09-24 07:13:16,68302230
2020-09-24 07:59:52,68306627
2020-09-24 08:16:06,68304899
2020-09-24 08:46:07,68306348
2020-09-24 08:52:14,68300211
2020-09-24 09:16:34,68297607
2020-09-24 09:31:49,68291917
2020-09-24 10:37:04,68295830
2020-09-24 11:00:47,68299969
2020-09-24 11:08:13,68299145
2020-09-24 11:50:10,68302470
2020-09-24 13:01:49,68308657
2020-09-24 13:26:56,68312957
2020-09-24 13:53:56,68317614
2020-09-24 14:08:30,68319086
2020-09-24 14:27:55,68323987
2020-09-24 15:07:31,68328602
2020-09-24 15:26:28,68328172
2020-09-24 15:55:06,68333136
2020-09-24 16:38:37,68338794
2020-09-24 17:00:49,68344076
2020-09-24 17:13:07,68344387
2020-09-24 17:34:30,68346637
2020-09-24 18:08:14,68352084
2020-09-24 18:30:00,68354099
2020-09-24 19:07:20,68358503
2020-09-24 20:10:58,68364197
2020-09-24 20:35:17,68374544
2020-09-24 21:17:42,68380269
2020-09-24 21:49:16,68385078
2020-09-24 22:19:38,68387078
2020-09-24 22:54:57,68393341
2020-09-24 23:42:55,68398217
2020-09-25 00:07:59,68400390
2020-09-25 00:42:38,68403659
2020-09-25 01:23:13,68407076
2020-09-25 01:46:32,68405284
2020-09-25 02:04:17,68402901
2020-09-25 02:25:10,68404119
2020-09-25 03:22:51,68413799
2020-09-25 04:05:34,68411011
2020-09-25 04:25:04,68406497
2020-09-25 04:34:19,68392931
2020-09-25 05:00:17,68384145
2020-09-25 05:29:16,68379579
2020-09-25 05:37:23,68365889
2020-09-25 06:13:43,68366564
2020-09-25 06:27:12,68355290
2020-09-25 06:52:54,68352427
2020-09-25 07:03:03,68340061
2020-09-25 07:47:00,68342692
2020-09-25 07:59:48,68336063
2020-09-25 08:53:00,68337375
2020-09-25 09:22:39,68332287
2020-09-25 09:33:38,68319323
2020-09-25 09:46:44,68319370
2020-09-25 10:05:47,68314577
2020-09-25 10:51:49,68319027
2020-09-25 11:00:54,68316185
2020-09-25 11:23:50,68316327
2020-09-25 11:52:19,68314423
2020-09-25 12:25:47,68316779
2020-09-25 12:44:57,68316430
2020-09-25 13:11:04,68316371
2020-09-25 13:30:43,68317392
2020-09-25 13:52:02,68318092
2020-09-25 14:00:51,68310056
2020-09-25 14:22:59,68307927
2020-09-25 14:52:04,68307793
2020-09-25 15:56:26,68307818
2020-09-25 16:15:21,68313817
2020-09-25 16:55:06,68321597
2020-09-25 17:22:09,68326101
2020-09-25 17:44:16,68330625
2020-09-25 18:22:31,68333931
2020-09-25 18:36:56,68336752
2020-09-25 19:05:37,68336378
2020-09-25 19:33:02,68339453
2020-09-25 20:00:00,68344914
2020-09-25 20:34:54,68346321
2020-09-25 20:51:20,68346813
2020-09-25 21:20:11,68349211
2020-09-25 21:46:57,68351852
2020-09-25 22:12:56,68353099
2020-09-25 22:25:17,68343239
2020-09-25 22:44:51,68332638
2020-09-25 23:34:42,68335182
2020-09-25 23:49:44,68329549
2020-09-26 00:09:36,68311431
2020-09-26 00:26:55,68305278
2020-09-26 00:48:13,68303643
2020-09-26 01:09:06,68290555
2020-09-26 02:18:35,68293786
2020-09-26 03:28:18,68298861
2020-09-26 03:42:02,68291966
2020-09-26 03:59:25,68292029
2020-09-26 04:48:39,68290275
2020-09-26 05:32:23,68287502
2020-09-26 06:05:38,68285578
2020-09-26 06:38:16,68276045
2020-09-26 07:17:20,68275549
2020-09-26 07:53:26,68275669
2020-09-26 08:17:43,68270426
2020-09-26 09:09:01,68272030
2020-09-26 09:36:27,68269633
2020-09-26 09:58:13,68267347
2020-09-26 10:23:15,68256808
2020-09-26 11:00:57,68256643
2020-09-26 11:31:24,68256711
2020-09-26 11:44:13,68246047
2020-09-26 12:40:26,68249422
2020-09-26 13:10:47,68250042
2020-09-26 13:34:42,68246884
2020-09-26 14:07:19,68248556
2020-09-26 14:31:05,68251099
2020-09-26 15:03:58,68252302
2020-09-26 15:21:13,68250397
2020-09-26 15:52:59,68247062
2020-09-26 16:10:52,68240299
2020-09-26 16:36:25,68234824
2020-09-26 17:04:27,68235465
2020-09-26 17:16:03,68223747
2020-09-26 17:48:37,68222107
2020-09-26 18:29:27,68225821
2020-09-26 18:44:40,68224060
2020-09-26 19:07:19,68220103
2020-09-26 19:36:02,68219989
2020-09-26 20:22:24,68221457
2020-09-26 20:58:13,68223431
2020-09-26 21:19:38,68222629
2020-09-26 21:53:44,68218058
2020-09-26 22:03:34,68195327
2020-09-26 22:13:03,68173154
2020-09-26 22:22:34,68149773
2020-09-26 22:45:40,68130647
2020-09-26 23:11:54,68124660
2020-09-26 23:28:42,68126554
2020-09-27 00:05:31,68129943
2020-09-27 01:29:05,68137649
2020-09-27 02:35:36,68145642
2020-09-27 02:53:44,68149152
2020-09-27 03:41:08,68149524
2020-09-27 04:22:55,68153676
2020-09-27 04:46:02,68148211
2020-09-27 05:05:56,68146696
2020-09-27 05:33:00,68148412
2020-09-27 05:53:12,68149599
2020-09-27 06:18:20,68147535
2020-09-27 06:28:04,68147350
2020-09-27 07:13:54,68148822
2020-09-27 07:22:36,68144644
2020-09-27 07:46:51,68142548
2020-09-27 08:10:56,68137477
2020-09-27 08:18:59,68135381
2020-09-27 08:48:38,68131332
2020-09-27 09:06:57,68130943
2020-09-27 09:58:46,68132952
2020-09-27 10:24:42,68127813
2020-09-27 10:56:08,68126835
2020-09-27 11:07:14,68125785
2020-09-27 11:35:18,68126206
2020-09-27 11:50:23,68125118
2020-09-27 11:55:16,68125228
2020-09-27 12:38:48,68123919
2020-09-27 13:40:09,68117535
2020-09-27 14:19:40,68122356
2020-09-27 14:34:53,68123010
2020-09-27 15:11:57,68128146
2020-09-27 15:34:49,68126548
2020-09-27 15:45:00,68121017
2020-09-27 15:57:31,68121089
2020-09-27 16:44:03,68127847
2020-09-27 17:15:27,68130605
2020-09-27 17:41:49,68131547
2020-09-27 17:58:35,68127632
2020-09-27 18:05:21,68118414
2020-09-27 18:30:04,68118075
2020-09-27 18:46:33,68116821
2020-09-27 19:45:10,68125150
2020-09-27 19:47:22,68122234
2020-09-27 20:27:38,68124005
2020-09-27 21:00:18,68127761
2020-09-27 21:19:01,68123797
2020-09-27 21:59:43,68126100
2020-09-27 22:29:54,68126125
2020-09-27 22:39:22,68126599
2020-09-27 23:08:07,68128787
2020-09-27 23:42:36,68131446
2020-09-28 00:30:29,68134704
2020-09-28 00:54:35,68135870
2020-09-28 01:12:01,68132939
2020-09-28 02:16:35,68131792
2020-09-28 03:29:03,68140208
2020-09-28 03:37:02,68143644
2020-09-28 03:48:02,68129805
2020-09-28 04:39:45,68130026
2020-09-28 05:12:47,68127167
2020-09-28 05:32:54,68127198
2020-09-28 06:13:31,68125722
2020-09-28 06:22:36,68123862
2020-09-28 06:37:27,68125213
2020-09-28 07:02:07,68123754
2020-09-28 07:23:03,68122195