,x,y,TL,L
0,-0.2444435540069705,0.30110701068563295,1.0,1.0
1,-0.24034263999038383,0.3172983180436309,1.0,1.0
2,-0.2072101580065153,0.35334527639664015,1.0,1.0
3,-0.2263628545681401,0.30362863932994816,1.0,1.0
4,-0.24460586782572502,0.3214062736352996,1.0,1.0
5,-0.2725801967018633,0.24120113362250498,1.0,1.0
6,-0.23481872574506152,0.3504904412438294,1.0,1.0
7,-0.241994369248852,0.24305714797150899,1.0,1.0
8,-0.25280704408515453,0.27019284517951575,1.0,1.0
9,-0.24853698442046418,0.27046500384743216,1.0,1.0
10,-0.257079065596243,0.23250659448536565,1.0,1.0
11,-0.2472062882418254,0.24889410116381483,1.0,1.0
12,-0.26120480204897406,0.2819136344659865,1.0,1.0
13,-0.23760738368202136,0.32437567740265383,1.0,1.0
14,-0.208988533255215,0.3188211359880728,1.0,1.0
15,-0.25122483228202896,0.27462784648949856,1.0,1.0
16,-0.27224042853432256,0.26301357292493616,1.0,1.0
17,-0.2224855905188014,0.29914998972324996,1.0,1.0
18,-0.240565872359554,0.268919323092217,1.0,1.0
19,-0.23174036592663108,0.31082896445673786,1.0,1.0
20,-0.21688910930515765,0.3227872539822834,1.0,1.0
21,-0.2511614183833963,0.26832779335493395,1.0,1.0
22,-0.25968046479085843,0.2677170239908729,1.0,1.0
23,-0.2504909775120205,0.27425646734931836,1.0,1.0
24,-0.23955974314641693,0.31634334799852204,1.0,1.0
25,-0.2568215770770081,0.264599885980012,1.0,1.0
26,-0.23507871570683944,0.3426219907214141,1.0,1.0
27,-0.268078371358112,0.24520246404999982,1.0,1.0
28,-0.23432268386876548,0.30400575133063196,1.0,1.0
29,-0.2311515757533724,0.32842766826433917,1.0,1.0
30,-0.20027985365108525,0.32840029496517414,1.0,
31,-0.2800309511042975,0.1659360186491089,1.0,
32,-0.2914009266262977,0.2603247202572155,1.0,
33,-0.2090296694114241,0.23709870378223888,1.0,
34,-0.29818345833646714,0.21442630741826868,1.0,
35,-0.24174714294676178,0.2804317674045452,1.0,
36,-0.20720154721185594,0.31598947399641125,1.0,
37,-0.26510903746120873,0.17964537593951224,1.0,
38,-0.31190913174033535,0.33125930249759566,1.0,
39,-0.25636938143273597,0.22393442277006487,1.0,
40,-0.2605011767569875,0.22916413337015573,1.0,
41,-0.22941834785033086,0.2594443681666953,1.0,
42,-0.1912296556511909,0.410762261069761,1.0,
43,-0.2950616944901724,0.08008005095001937,1.0,
44,-0.2816350116674529,0.30329994572289476,1.0,
45,-0.22803481502540524,0.38012086010328294,1.0,
46,-0.2572928582325724,0.11231414396585844,1.0,
47,-0.2443975973284933,0.2657919743749611,1.0,
48,-0.2192258923237911,0.40432203522459015,1.0,
49,-0.2045562966461543,0.3244830747354279,1.0,
50,-0.34590780134817223,0.07180309301810714,1.0,
51,-0.2214446995495075,0.3264543818556318,1.0,
52,-0.28385915411686474,0.21891464811571262,1.0,
53,-0.18826327838945775,0.38313259540930567,1.0,
54,-0.34315777632287714,0.11545881316089271,1.0,
55,-0.18852910600551936,0.41401969679520517,1.0,
56,-0.31011024407421944,0.19875728329697756,1.0,
57,-0.2911744435202371,0.21205579182643022,1.0,
58,-0.24224397831440136,0.30640489143390454,1.0,
59,-0.21310932136929622,0.3461338432215904,1.0,
60,-0.27959463885265795,0.31352342828497237,1.0,
61,-0.19738767111236466,0.3336484463674386,1.0,
62,-0.22944762003665492,0.2440139094789765,1.0,
63,-0.23402546859117693,0.22115157740660954,1.0,
64,-0.29228861020339614,0.2022808257818653,1.0,
65,-0.387210070564937,0.07273107941675389,1.0,
66,-0.33281966796717116,0.1495265420055671,1.0,
67,-0.22872055349217515,0.27973873443455155,1.0,
68,-0.34340091461808253,0.17408721085231998,1.0,
69,-0.3457748708144922,0.1429169488494735,1.0,
70,-0.2496564226634749,0.3268550110015931,1.0,
71,-0.2467898456758894,0.23769362817760192,1.0,
72,-0.3087418872280659,0.16972567992874563,1.0,
73,-0.37106354546020515,0.07815726483288535,1.0,
74,-0.17342627188900114,0.3768885680079192,1.0,
75,-0.1448688756510203,0.363790477823002,1.0,
76,-0.3486634640187322,0.09193985617724496,1.0,
77,-0.19363156078587238,0.4380717371458132,1.0,
78,-0.2770534701325343,0.1970628723260418,1.0,
79,-0.27207280180510507,0.3051451771341125,1.0,
80,-0.16938877770161628,0.35528386917414934,1.0,
81,-0.3503184970516289,0.11491917521816025,1.0,
82,-0.19408871308689296,0.3686717811655427,1.0,
83,-0.1939117952813675,0.3719706150983088,1.0,
84,-0.3370894444394861,0.21124651639233258,1.0,
85,-0.30280346004510406,0.19635784165806716,1.0,
86,-0.17208114968845703,0.4954940653091632,1.0,
87,-0.33168852817225425,0.17517803684541453,1.0,
88,-0.27317365937043925,0.26380387738128497,1.0,
89,-0.24472269712668598,0.19313378001479645,1.0,
90,-0.20799420428240406,0.3535114470266813,1.0,
91,-0.30655496880805616,0.13401956933882195,1.0,
92,-0.23312959965155552,0.4288811825837458,1.0,
93,-0.22557019612467002,0.34884240724534393,1.0,
94,-0.27217729596259826,0.19408534960561571,1.0,
95,-0.28258785613239146,0.1695538322198408,1.0,
96,-0.20665740750428105,0.495276496994745,1.0,
97,-0.35471408328169357,0.1115058670677633,1.0,
98,-0.14051655378812786,0.46947132304515604,1.0,
99,-0.3050706350340269,0.2399441081884723,1.0,
100,-0.26672481302591566,0.12016328510095874,1.0,
101,-0.1953030173148239,0.4024280700168924,1.0,
102,-0.23393332335959607,0.3093166327699756,1.0,
103,-0.12462299071813328,0.39439920225955316,1.0,
104,-0.20959244879805716,0.3776101796329194,1.0,
105,-0.3792239359685553,0.10420192403945648,1.0,
106,-0.27368880932813455,0.19288244484646616,1.0,
107,-0.24391397135810752,0.29851229473628366,1.0,
108,-0.2202263308117805,0.44357632153395343,1.0,
109,-0.24784969296318474,0.2511343402668441,1.0,
110,-0.27212419404424787,0.11778030165200165,1.0,
111,-0.15404642732612278,0.3332557598441113,1.0,
112,-0.2735027551911491,0.35407246937032405,1.0,
113,-0.2411799364655014,0.28292334213775233,1.0,
114,-0.3121292502478801,0.1748616362560876,1.0,
115,-0.22323898779563675,0.24333379469386296,1.0,
116,-0.2360787231610381,0.2602459241973987,1.0,
117,-0.22231024313037173,0.3785057825784708,1.0,
118,-0.22877036581743035,0.2689536360006435,1.0,
119,-0.29871677089591664,0.22542962439431755,1.0,
120,-0.1479320232067701,0.38768472433307916,1.0,
121,-0.259033635286857,0.3001849014725108,1.0,
122,-0.208476176815332,0.16879831221983405,1.0,
123,-0.21616640948484156,0.2818054234679623,1.0,
124,-0.148396740042918,0.4213589823013271,1.0,
125,-0.30752148554710723,0.15928996270225643,1.0,
126,-0.2167015792456097,0.24468221656662853,1.0,
127,-0.21244973863327268,0.27735980625767387,1.0,
128,-0.20637278466782277,0.33638993874974576,1.0,
129,-0.26785232082657495,0.21563070675137982,1.0,
130,-0.22152404631058825,0.3041609912887027,1.0,
131,-0.17491496269887313,0.40219569518997245,1.0,
132,-0.30519383984273424,0.23701427592928637,1.0,
133,-0.30170806266150885,0.3114218147558086,1.0,
134,-0.27164812100402275,0.12183014766795729,1.0,
135,-0.27748932523554654,0.2394834014233291,1.0,
136,-0.1799092109073961,0.41524874722777266,1.0,
137,-0.2486851151969196,0.2795892780535169,1.0,
138,-0.25864532047181704,0.31743255877505544,1.0,
139,-0.2665359666918709,0.2630604955644457,1.0,
140,-0.1652663830391639,0.4601736602394477,1.0,
141,-0.2087206082171495,0.404989925868655,1.0,
142,-0.22911874331350712,0.2973040251191942,1.0,
143,-0.24591095190819603,0.37466604077392857,1.0,
144,-0.18752011743838617,0.3271667103243304,1.0,
145,-0.35945281756079883,0.015293256858422179,1.0,
146,-0.13989393108891554,0.5026780793435404,1.0,
147,-0.143662079909609,0.4459967707185699,1.0,
148,-0.24806376979996003,0.18621711308808628,1.0,
149,-0.2630824487131792,0.32542415524139684,1.0,
150,-0.26702818318833643,0.31696837241067355,1.0,
151,-0.28359458072796245,0.22071148366593768,1.0,
152,-0.29728332650197103,0.13649048001213424,1.0,
153,-0.20914284553895987,0.2834619222579663,1.0,
154,-0.27440769632895845,0.203558451569879,1.0,
155,-0.26566211312775573,0.17295947316560037,1.0,
156,-0.2100767399142565,0.3011303598905696,1.0,
157,-0.16200405874565882,0.4381366714089927,1.0,
158,-0.237443978521997,0.40296883629027297,1.0,
159,-0.3201202434732544,0.11265299450882886,1.0,
160,-0.1567340863022412,0.5168047247395819,1.0,
161,-0.1842279571778299,0.35427119184543515,1.0,
162,-0.22404112023346465,0.2546231503135619,1.0,
163,-0.3256787445001057,0.18407248812201182,1.0,
164,-0.2818043798599041,0.22941512101016448,1.0,
165,-0.2655708595609027,0.20409516106978448,1.0,
166,-0.25201002290462293,0.1844135464498237,1.0,
167,-0.1989295375533537,0.42520016044305614,1.0,
168,-0.2471857302559648,0.2152536661660274,1.0,
169,-0.3207641452692864,0.08874993001138151,1.0,
170,-0.32788961464220545,0.2003864198792182,1.0,
171,-0.19387571470698017,0.27954308710630005,1.0,
172,-0.2524694720184742,0.3326066968794261,1.0,
173,-0.13354944308638825,0.39215872150671366,1.0,
174,-0.2133323109228243,0.43736354582450854,1.0,
175,-0.29614522586050235,0.18733214104076779,1.0,
176,-0.20903459019353082,0.2983218517682007,1.0,
177,-0.251481285364132,0.1948570789877971,1.0,
178,-0.26067119452042975,0.24197777130171297,1.0,
179,-0.39128833019445597,-0.0816001728690728,1.0,
180,-0.20747120923588186,0.2818535267790204,1.0,
181,-0.2603709194009013,0.15300204067812778,1.0,
182,-0.2286931286376973,0.13361643838834864,1.0,
183,-0.18640015707486499,0.3153160873517343,1.0,
184,-0.34225668621333566,0.22660414509903662,1.0,
185,-0.13957712562506763,0.4473357345929814,1.0,
186,-0.14806511086410903,0.4626984204004516,1.0,
187,-0.21719911984203064,0.36495834261593996,1.0,
188,-0.30474233733992234,0.2992426894298716,1.0,
189,-0.24057198310786249,0.29164706623937287,1.0,
190,-0.29235770141172773,0.30795733644719886,1.0,
191,-0.24708813245027114,0.26053808203808815,1.0,
192,-0.23498938586259355,0.2614634076999596,1.0,
193,-0.24830960557963194,0.3162113101816565,1.0,
194,-0.39445986766625835,0.013538016372256384,1.0,
195,-0.274508607587235,0.08429266682796407,1.0,
196,-0.2250805221187384,0.2774821494177553,1.0,
197,-0.223295818248959,0.2568798803122368,1.0,
198,-0.2093213883721012,0.4143350961245453,1.0,
199,-0.26104018675637786,0.3537991181389543,1.0,
200,-0.18531954278650242,0.4327644058321034,1.0,
201,-0.22355379981468057,0.34931026479181787,1.0,
202,-0.18908220324960326,0.3066959752448737,1.0,
203,-0.3042808359840037,0.2234821678065376,1.0,
204,-0.18510383193475172,0.5037535241315071,1.0,
205,-0.2336813851432256,0.42096442923490807,1.0,
206,-0.2033854595034143,0.3302243343504265,1.0,
207,-0.20755993608946416,0.392140820579173,1.0,
208,-0.24153698764180404,0.2119651824211865,1.0,
209,-0.3105143835973557,-0.019380823889494005,1.0,
210,-0.26004030852504834,0.32488425436850465,1.0,
211,-0.2583792058954243,0.19796837658714883,1.0,
212,-0.3053320948669436,0.15772388674158147,1.0,
213,-0.2434276231115258,0.30709611858343816,1.0,
214,-0.21325748414900433,0.3061502226196181,1.0,
215,-0.33455800367747224,0.14487011663112973,1.0,
216,-0.27223535604869065,0.3033669249070787,1.0,
217,-0.3121487775930041,0.15836018224536075,1.0,
218,-0.23485563584389346,0.325870978876028,1.0,
219,-0.3451996544657654,0.15081000739649963,1.0,
220,-0.24931236461952905,0.29124175508995365,1.0,
221,-0.22455570991619248,0.24271963347199166,1.0,
222,-0.2363934621037709,0.30734356048486705,1.0,
223,-0.296066045462981,0.31084630001974994,1.0,
224,-0.22003362192520612,0.27905545296084105,1.0,
225,-0.19829775027627378,0.4151467661935985,1.0,
226,-0.0789149813640898,0.5594953923764494,1.0,
227,-0.2802603012814305,0.15900823258319988,1.0,
228,-0.28894429788895576,0.2291704514635534,1.0,
229,-0.21999955308566438,0.20460676777396944,1.0,
230,-0.22697326775118218,0.33769385833273646,1.0,
231,-0.2955914238285805,0.22317636889780437,1.0,
232,-0.25450749267736333,0.20670642351301638,1.0,
233,-0.31789755123957075,0.19503387123536756,1.0,
234,-0.22843282259593856,0.3485293192131419,1.0,
235,-0.1440444892287993,0.5522798815526152,1.0,
236,-0.3084372042097902,0.1919086116129431,1.0,
237,-0.24204002481498596,0.23156748851812,1.0,
238,-0.2684712234913444,0.25667307402735035,1.0,
239,-0.3319643289249021,0.07319368508767554,1.0,
240,-0.31300679411325916,0.3418889986807692,1.0,
241,-0.13018746897072284,0.4224596810630779,1.0,
242,-0.21016284528376386,0.35168963831658495,1.0,
243,-0.1635858631256623,0.4860184652447361,1.0,
244,-0.23782908908844788,0.34521653599237123,1.0,
245,-0.26048158082344536,0.15164648217133306,1.0,
246,-0.3098460236302279,0.12971604949730464,1.0,
247,-0.21941488916445065,0.3495170822088037,1.0,
248,-0.3048261529045313,0.18714041736200124,1.0,
249,-0.21543587782450957,0.3875461360452903,1.0,
250,-0.20760808533050332,0.25319311535966177,1.0,
251,-0.22691841240586538,0.20870437916028728,1.0,
252,-0.18776866171813864,0.37386118892036063,1.0,
253,-0.1984550976981248,0.3430716523503119,1.0,
254,-0.2674860529305193,0.18707409937569003,1.0,
255,-0.33816685497858456,0.08442334638269394,1.0,
256,-0.2910537292398031,0.23393399144108928,1.0,
257,-0.24021643515574298,0.23561475305884225,1.0,
258,-0.1984345069220267,0.49776281544492823,1.0,
259,-0.22175060277904404,0.37556362086310924,1.0,
260,-0.20152604236797433,0.19845432414188535,1.0,
261,-0.26528348669773744,0.2147681249255825,1.0,
262,-0.24627190562527132,0.3385018677691601,1.0,
263,-0.3022722004163091,0.18447824535991367,1.0,
264,-0.24404628813550516,0.0781445678387717,1.0,
265,-0.20499503177897088,0.3034483398378174,1.0,
266,-0.22239366240236522,0.500191775109469,1.0,
267,-0.2695850223474542,0.19170309171450878,1.0,
268,-0.20216986929913594,0.268434151539423,1.0,
269,-0.197649736192428,0.34110645780794446,1.0,
270,-0.2465471525587966,0.34845568089925943,1.0,
271,-0.21314280205956987,0.36396053143158186,1.0,
272,-0.13252256652184569,0.29201839678908265,1.0,
273,-0.30537738215400095,0.012385780760366501,1.0,
274,-0.288648618739441,0.2529506706845161,1.0,
275,-0.2525653057304594,0.3954730610889477,1.0,
276,-0.24733701710031164,0.29828767362747266,1.0,
277,-0.18403269151450963,0.49287053027403166,1.0,
278,-0.32969070968175346,0.18969850565005675,1.0,
279,-0.26749777401911046,0.2610685214455276,1.0,
280,-0.28780942159523093,0.2509277863898628,1.0,
281,-0.2918853508527999,0.24539216938648833,1.0,
282,-0.22159256558338516,0.30832777567401864,1.0,
283,-0.3375299917812158,0.03459172504067063,1.0,
284,-0.15385295885225994,0.4380233920817344,1.0,
285,-0.1904614903212292,0.3022483688975528,1.0,
286,-0.2859183549143206,0.20620009258288235,1.0,
287,-0.34061035225196995,0.19388776655912116,1.0,
288,-0.24257433781532287,0.31426483145348777,1.0,
289,-0.1834479498981509,0.3697677950227706,1.0,
290,-0.24543063275660235,0.37977208651421474,1.0,
291,-0.2619816436496816,0.23333661472105433,1.0,
292,-0.2321454294931533,0.3133928417650064,1.0,
293,-0.2439074304656955,0.3075542420387473,1.0,
294,-0.23372500414426284,0.3015520464413308,1.0,
295,-0.24372949121091092,0.3553376050693762,1.0,
296,-0.253867188635764,0.30040743463565145,1.0,
297,-0.29464240235695377,0.3500554666824713,1.0,
298,-0.25174115291887245,0.27840434162410854,1.0,
299,-0.2890123598298986,0.2679673343144876,1.0,
300,-0.025476087233957764,0.6008399476393982,2.0,2.0
301,-0.05617721961765799,0.6011649659493447,2.0,2.0
302,-0.020382551634847996,0.5770365645212678,2.0,2.0
303,-0.06821493127983042,0.5756308255815074,2.0,2.0
304,-0.028837925452543732,0.5813521656040131,2.0,2.0
305,-0.0705972985048916,0.5816542724620544,2.0,2.0
306,-0.04510492935323942,0.5825716928443717,2.0,2.0
307,-0.005289408157183174,0.5657165525411743,2.0,2.0
308,-0.0725957661144601,0.5632223253143303,2.0,2.0
309,0.015911784167550205,0.5952935258427706,2.0,2.0
310,-0.027988560232853735,0.5561723338310361,2.0,2.0
311,-0.06626449869928512,0.5710589314523415,2.0,2.0
312,-0.04186011781021292,0.57144837725861,2.0,2.0
313,-0.06753894545644391,0.5754216505815413,2.0,2.0
314,-0.08883790255274412,0.5724581068335839,2.0,2.0
315,-0.10915395354890194,0.5485138850074124,2.0,2.0
316,-0.04765430063788301,0.6061356285639418,2.0,2.0
317,-0.08648051642980421,0.5717692462037861,2.0,2.0
318,-0.04268076306518765,0.576194998194976,2.0,2.0
319,-0.04991373141654502,0.5684148654099584,2.0,2.0
320,-0.06949181071461005,0.5703898297626238,2.0,2.0
321,-0.049816453312961605,0.5866053481531825,2.0,2.0
322,-0.07604999258435333,0.5788850728201738,2.0,2.0
323,-0.048132321396364565,0.5894046680678848,2.0,2.0
324,-0.07460982043201313,0.579192543511943,2.0,2.0
325,-0.05751742293297147,0.598065107847227,2.0,2.0
326,-0.0900216840281095,0.5878854771362686,2.0,2.0
327,-0.08577599036449347,0.5632445297672669,2.0,2.0
328,-0.08880007397177223,0.5709792264391458,2.0,2.0
329,-0.049490403805073455,0.6274850736939771,2.0,2.0
330,0.023250135562488797,0.46123488522632783,2.0,
331,0.058458950691349716,0.6246035370848753,2.0,
332,-0.030374348283078875,0.6460905115592638,2.0,
333,-0.04754569279497599,0.6429819764596516,2.0,
334,-0.011248526642416561,0.6266320113602185,2.0,
335,-0.07523847769442638,0.5251610616639238,2.0,
336,0.03166759752282861,0.6314396434251169,2.0,
337,-0.08358219840995104,0.48946989584274303,2.0,
338,-0.018578110403791023,0.6410541864542847,2.0,
339,-0.03430136982809409,0.4920924898510968,2.0,
340,0.023554484563054527,0.5747199055422844,2.0,
341,0.011906072520816081,0.53997098821626,2.0,
342,0.009419285388621057,0.5947081441453465,2.0,
343,-0.1559837218849756,0.5324021898233827,2.0,
344,-0.02791227931523571,0.6006960229936315,2.0,
345,-0.24647229377145985,0.5388839217024868,2.0,
346,0.04058787074778774,0.5104982093672832,2.0,
347,-0.054224803878209944,0.5857697565713557,2.0,
348,0.009308849635039368,0.6001726976225324,2.0,
349,-0.054860276714119444,0.5235373404000218,2.0,
350,-0.01610406984997976,0.5736989851262042,2.0,
351,0.044339056880138665,0.6099604763898595,2.0,
352,-0.052367753891710604,0.5852086905896657,2.0,
353,0.04390737143549031,0.5184872182601555,2.0,
354,-0.14880003517747895,0.5011236016097359,2.0,
355,-0.16682272733846,0.5974092657960501,2.0,
356,-0.07584669986837737,0.5050650190633951,2.0,
357,0.045694940654627945,0.528558024875501,2.0,
358,-0.09767835057683072,0.49569486544316943,2.0,
359,-0.09511811461787699,0.5140687870332462,2.0,
360,-0.026461252272261617,0.5068327793685955,2.0,
361,-0.06207465964398027,0.6305422115166996,2.0,
362,0.036143738272171926,0.5753236296787383,2.0,
363,-0.09325205542356686,0.5364064417993096,2.0,
364,-0.014334842286087961,0.5957495619385184,2.0,
365,-0.042357183531831114,0.5413774093259917,2.0,
366,0.07476730953216153,0.4087646773291191,2.0,
367,-0.011511455620228005,0.60079280321958,2.0,
368,-0.07136498369781148,0.42573355468565044,2.0,
369,-0.14759659830602345,0.6128800309967577,2.0,
370,-0.045178878054251644,0.5324745221386178,2.0,
371,0.007371423215055546,0.5129834631991887,2.0,
372,-0.024937424649024605,0.6240995519750429,2.0,
373,0.015251234896784581,0.5854513544805121,2.0,
374,-0.12077876421424318,0.6479952171715612,2.0,
375,-0.060453831069363737,0.6456293150603865,2.0,
376,-0.008852674561884509,0.493315658823611,2.0,
377,-0.09284507261728028,0.5625555470101069,2.0,
378,-0.12488612823690916,0.5462465925127313,2.0,
379,0.04670948285260649,0.5380293212654804,2.0,
380,-0.020222385983004562,0.6230141451663327,2.0,
381,-0.04895314556950413,0.6524880255421822,2.0,
382,0.03740312642278425,0.6119697461866446,2.0,
383,0.030236817851922324,0.6287571611695684,2.0,
384,-0.04272080126056048,0.5749227640456951,2.0,
385,-0.21773554668894363,0.4966114150442646,2.0,
386,0.0768732362013613,0.5838872483983841,2.0,
387,-0.056447285878372985,0.5691177868200562,2.0,
388,0.08907604769704779,0.5473752805588845,2.0,
389,-0.03265069687129245,0.7223940296838435,2.0,
390,-0.02759278655552643,0.5406794325116395,2.0,
391,0.04679397303958613,0.5615617556474822,2.0,
392,-0.00033613162774956054,0.4477800670733326,2.0,
393,-0.010654557814614865,0.6380643443469214,2.0,
394,-0.08900094830842199,0.5048061533601579,2.0,
395,-0.0836274373845915,0.5030209772437838,2.0,
396,0.023299187802223436,0.6642172543965909,2.0,
397,-0.06631412328568578,0.48050528979815377,2.0,
398,-0.10102632412149308,0.5612629514152806,2.0,
399,-0.030889363353891117,0.4933000707851209,2.0,
400,-0.098063243345763,0.6372416691847359,2.0,
401,-0.11385238252819609,0.5727444991636659,2.0,
402,0.014567559682262875,0.6969858275607071,2.0,
403,-0.24426618495903227,0.5431496224203128,2.0,
404,0.06030216800199084,0.6865648805373142,2.0,
405,-0.0880637678849955,0.4849913490816893,2.0,
406,-0.18347527008649658,0.6150447249100277,2.0,
407,-0.06963535068648975,0.5923742011609747,2.0,
408,-0.12663546982658064,0.5288234389201397,2.0,
409,-0.0739663383534537,0.561206713533043,2.0,
410,-0.1400495964505303,0.48042894401096214,2.0,
411,0.016917831574906065,0.5015585214741886,2.0,
412,0.08271358085313482,0.6746945203212952,2.0,
413,-0.01727269326427089,0.4937705877420554,2.0,
414,-0.08871401979754082,0.4937176493238941,2.0,
415,0.008992675722142884,0.5156759634882297,2.0,
416,0.01578732868131657,0.7250295155601573,2.0,
417,0.09007511178389337,0.613114424973293,2.0,
418,-0.10170982620546065,0.5278537268477747,2.0,
419,-0.0011793957888678256,0.5984537776047393,2.0,
420,0.007647205449246559,0.5505526571019073,2.0,
421,-0.08083637540971846,0.5090852860516725,2.0,
422,0.034548311274532915,0.6291807766333316,2.0,
423,-0.20459357409389473,0.5487324637898265,2.0,
424,-0.08712148560686767,0.5309609442868221,2.0,
425,-0.14358402118778985,0.6207672576278551,2.0,
426,-0.09523663702365125,0.495309248258737,2.0,
427,-0.03053574058164182,0.6501218597325216,2.0,
428,-0.0222891441414129,0.5326462043235929,2.0,
429,-0.054529246971635144,0.5595286277695436,2.0,
430,-0.013613509596560497,0.5743726984726165,2.0,
431,-0.09039044945549733,0.5577387110943016,2.0,
432,-0.18200957540628704,0.6952597507792712,2.0,
433,-0.08635271543746975,0.6719182194901274,2.0,
434,-0.14032816373352178,0.44440174430263013,2.0,
435,-0.1584885431537546,0.539742077879829,2.0,
436,0.16380488820256883,0.5224645718250237,2.0,
437,-0.10618235374988243,0.6203475160702341,2.0,
438,-0.1295286812492918,0.6064911508984432,2.0,
439,-0.09490913594953784,0.5991166160805643,2.0,
440,-0.039739515030266966,0.5636198894509042,2.0,
441,-0.0917420018113989,0.5321274286529034,2.0,
442,-0.06482162904173784,0.5701257895522889,2.0,
443,-0.1811170136529135,0.5807231672826343,2.0,
444,-0.15618767524223975,0.48282441166913614,2.0,
445,-0.05682759863828618,0.6656581447422174,2.0,
446,-0.03309848379051026,0.542349771131074,2.0,
447,0.009363933997830781,0.5013790785499663,2.0,
448,-0.18695420820277045,0.5495276381470395,2.0,
449,-0.11197678908336822,0.6027866811463207,2.0,
450,-0.004311774143482505,0.5573755367109285,2.0,
451,-0.03432052463306528,0.5084796412167122,2.0,
452,-0.04483555426709099,0.5429233192176209,2.0,
453,-0.09021511628176032,0.606224011792113,2.0,
454,-0.1258566886733297,0.5897720075909372,2.0,
455,-0.04606521425517737,0.6207299719827362,2.0,
456,-0.1288096955479812,0.5284646524681155,2.0,
457,-0.06273741707859619,0.52412256669489,2.0,
458,-0.1760322157318406,0.48501814615405525,2.0,
459,-0.1104825426499225,0.5118215055122175,2.0,
460,-0.10626316142505543,0.6844539180413032,2.0,
461,-0.006900252724104337,0.6300618610613818,2.0,
462,-0.00308593635193854,0.5369903205071441,2.0,
463,-0.18662213935444014,0.5768447251129772,2.0,
464,-0.1667922224301663,0.6072501466905112,2.0,
465,-0.09602606308160545,0.4917110634965741,2.0,
466,0.06599514552087654,0.6084686252002263,2.0,
467,-0.07629420956731942,0.6089940549808341,2.0,
468,-0.08393407205718015,0.6480416933836581,2.0,
469,-0.025112623656327968,0.5514138462454442,2.0,
470,-0.08849534236743824,0.5564101576935397,2.0,
471,0.14395941011187469,0.6808160854192965,2.0,
472,-0.001440224746664366,0.552205303100309,2.0,
473,0.05462730924413647,0.7115001466810852,2.0,
474,-0.12991731713976398,0.5824408320175772,2.0,
475,-0.07963584805887278,0.5940571207565799,2.0,
476,0.027093222219380136,0.6199647179372065,2.0,
477,0.06105268188006831,0.55071762524483,2.0,
478,-0.12158339514596901,0.5222335078036703,2.0,
479,-0.07523873940097299,0.5364047181689177,2.0,
480,-0.01251675909834803,0.5596278959904226,2.0,
481,-0.060337524845107585,0.5307351002999903,2.0,
482,-0.00023677177788280116,0.6186761319522336,2.0,
483,-0.02876975310413918,0.5523574101375629,2.0,
484,-0.0888846466647565,0.6530583255315432,2.0,
485,-0.027839416596888968,0.5837107843063645,2.0,
486,-0.13317272750251352,0.5975101603239651,2.0,
487,-0.09798904444929636,0.581264783961065,2.0,
488,-0.1905405379574221,0.5025459141841581,2.0,
489,-0.04366019658174624,0.5658636789652184,2.0,
490,-0.09014525770527662,0.5291860805700505,2.0,
491,0.011417310480446715,0.589350065893314,2.0,
492,-0.06955133129012878,0.5048815117627131,2.0,
493,0.013808788602649906,0.512245170282768,2.0,
494,0.021887077977449355,0.5308247773012176,2.0,
495,0.02155887509733642,0.5525047588779399,2.0,
496,-0.09886170078233336,0.6015247168094161,2.0,
497,-0.037830352638361354,0.593210891825061,2.0,
498,-0.15266697796491438,0.6426176484627852,2.0,
499,-0.00489159161303056,0.5450911636370164,2.0,
500,-0.02947757902282554,0.4903892583034972,2.0,
501,-0.05789665722955785,0.5496510046829215,2.0,
502,-0.09989032781145621,0.567407095191924,2.0,
503,-0.16291464486657914,0.6503731893528374,2.0,
504,-0.061033647242055296,0.6204307285345215,2.0,
505,-0.12552824353810876,0.5175181094809009,2.0,
506,-0.040442310390316934,0.567477932048765,2.0,
507,-0.004174999348264925,0.48921073275838445,2.0,
508,0.018544416173111804,0.6173732834383726,2.0,
509,0.02653077137792564,0.5412519906057299,2.0,
510,-0.16146517046554903,0.5067618201584475,2.0,
511,-0.09622260810995874,0.5448929398463296,2.0,
512,-0.10545389008139444,0.6402385670719977,2.0,
513,-0.10496371341916343,0.6726221724380063,2.0,
514,-0.0638595070125138,0.605812676973868,2.0,
515,-0.14583703464183426,0.5616005204398866,2.0,
516,-0.15803435948854824,0.649882363484027,2.0,
517,-0.06151524921276056,0.5570646768817794,2.0,
518,0.01002810842005181,0.6252998455650364,2.0,
519,-0.08098350093438951,0.513557977434402,2.0,
520,0.06337452984928908,0.5244881778677328,2.0,
521,-0.20720936990482242,0.5224990507645227,2.0,
522,0.018021393738202742,0.5556351005132042,2.0,
523,0.0624204095043583,0.6429801297260815,2.0,
524,-0.17149037402637868,0.6355920612205428,2.0,
525,0.09553438828873556,0.4600492052161856,2.0,
526,0.08299701030908826,0.6248797030785668,2.0,
527,-0.0774815235075192,0.6620993344892638,2.0,
528,-0.06881546213380028,0.5174566185114959,2.0,
529,-0.07437064068587804,0.6092653088493647,2.0,
530,-0.18279558948750582,0.6732451734119403,2.0,
531,-0.11492396346851212,0.6228642998638381,2.0,
532,-0.010893756579063186,0.657336452566015,2.0,
533,-0.0100921537050766,0.5574181161992947,2.0,
534,-0.16330090847599624,0.5692278141274609,2.0,
535,0.05578110931119369,0.565093988370592,2.0,
536,0.005839275658405846,0.6248787425898095,2.0,
537,-0.010944591850100717,0.5576272063168985,2.0,
538,0.00010615173946600231,0.6533000111241591,2.0,
539,-0.00710968395998589,0.5155335799279279,2.0,
540,-0.0274447824153482,0.5753530626853,2.0,
541,-0.14800738232518482,0.5985377063972335,2.0,
542,-0.13617427663915704,0.5301836763340865,2.0,
543,0.10221318816479309,0.6233601350559429,2.0,
544,-0.1968435858495368,0.6100800285855432,2.0,
545,0.008900578641560046,0.5052457518527584,2.0,
546,-0.10125228135339256,0.5644039154205888,2.0,
547,-0.1116810633154378,0.5588112424223617,2.0,
548,-0.01120907385534848,0.6703394525832993,2.0,
549,-0.05728446159833696,0.5450917919246625,2.0,
550,-0.007318740127634492,0.6416331449231341,2.0,
551,-0.001974749512879606,0.49010390881274857,2.0,
552,-0.021394202086025844,0.4978761960156625,2.0,
553,-0.045823212397604486,0.5747714418693792,2.0,
554,-0.08184049213063027,0.653033640977361,2.0,
555,-0.16630606455132496,0.5597836115029247,2.0,
556,0.042070315020796716,0.5368039064916945,2.0,
557,0.10899459975826489,0.6480389192926809,2.0,
558,-0.08784893461451025,0.5680682268659903,2.0,
559,-0.027705314403417183,0.5009609093702547,2.0,
560,0.002794553697279163,0.5925742054934314,2.0,
561,-0.15315007401201247,0.5935917305979259,2.0,
562,-0.09350238682569711,0.4743325941492396,2.0,
563,-0.10628755699545496,0.6648223653056932,2.0,
564,-0.00685996537234044,0.4425870042020804,2.0,
565,-0.045294596208210226,0.5213755301639091,2.0,
566,-0.04132009356972898,0.5421383634841875,2.0,
567,-0.10654394301667643,0.5731061537735401,2.0,
568,-0.042446181221350306,0.49198066280900205,2.0,
569,-0.027197402342882735,0.6016410139605073,2.0,
570,0.07369608704282196,0.5382352529117947,2.0,
571,-0.015634971135609833,0.6115101330471302,2.0,
572,0.008295628510384083,0.6658473339164828,2.0,
573,-0.15718162731698046,0.5853320388944461,2.0,
574,-0.09780536345292358,0.5215527711338201,2.0,
575,-0.10654670238131762,0.5097434001408025,2.0,
576,0.011192245722739167,0.5497256796567767,2.0,
577,-0.14127730310380984,0.5826813022496327,2.0,
578,-0.019591084947279153,0.6474698303895626,2.0,
579,-0.16017976603962683,0.5642348440055571,2.0,
580,0.048349126142789495,0.6043061969062236,2.0,
581,-0.10766727809764792,0.5533117593926367,2.0,
582,-0.13200701085667962,0.5688931023986109,2.0,
583,-0.12524711353706872,0.6575581100015063,2.0,
584,0.04027334061028042,0.5649211691644057,2.0,
585,-0.01616543071700913,0.6116062533555815,2.0,
586,-0.008162575161837002,0.5659576553382817,2.0,
587,-0.18629049654930516,0.6062570756099418,2.0,
588,-0.17290738013859785,0.4796143343402503,2.0,
589,0.017480550819079534,0.6713083264948251,2.0,
590,-0.05822483468057816,0.6283035385324901,2.0,
591,-0.027317062244727405,0.6238378258015651,2.0,
592,-0.11722174469914852,0.525828053123889,2.0,
593,-0.10183294979311008,0.6289152936005038,2.0,
594,-0.08113936188226208,0.5228456218880072,2.0,
595,-0.08328833890136698,0.5170753282245159,2.0,
596,-0.16775702373236492,0.5627657730103194,2.0,
597,0.06633512718236323,0.5553331782521386,2.0,
598,-0.12284786343738019,0.5614671806470953,2.0,
599,0.06404363319655794,0.6560051498912522,2.0,
600,0.2223715757539293,0.6590512581430469,3.0,3.0
601,0.16328540331984057,0.6913330527203547,3.0,3.0
602,0.21964440110149003,0.6978566095268312,3.0,3.0
603,0.2135080893767636,0.6979666641352409,3.0,3.0
604,0.20112545742877733,0.7133298630185324,3.0,3.0
605,0.12512089722685274,0.6577874992186571,3.0,3.0
606,0.16693302269684182,0.7112310088138479,3.0,3.0
607,0.1588229249116148,0.6716982629275619,3.0,3.0
608,0.16975603644636708,0.6810630249942458,3.0,3.0
609,0.20444481947273901,0.7001238707500105,3.0,3.0
610,0.2197365003284897,0.6972092713616606,3.0,3.0
611,0.18663995040259262,0.7203053550293996,3.0,3.0
612,0.1552888840940416,0.6563135401289845,3.0,3.0
613,0.1251253985167255,0.6952715423128664,3.0,3.0
614,0.18588639784729297,0.700152294745933,3.0,3.0
615,0.13312191130563442,0.6527049655552309,3.0,3.0
616,0.17424025320765427,0.6844241040395074,3.0,3.0
617,0.16930361551692455,0.7006537126057236,3.0,3.0
618,0.19364617981297683,0.696750773645448,3.0,3.0
619,0.18270195563944092,0.6610720984159506,3.0,3.0
620,0.12473559186692239,0.6604227194370321,3.0,3.0
621,0.1768329349012749,0.7047252577181531,3.0,3.0
622,0.1686984628112527,0.6804016251680122,3.0,3.0
623,0.13430272791964343,0.6681775812601635,3.0,3.0
624,0.1586434612222281,0.6806453262642213,3.0,3.0
625,0.2368440882653589,0.71564249317744,3.0,3.0
626,0.1565523324254689,0.7113936086639785,3.0,3.0
627,0.12542253767647407,0.6611188256533801,3.0,3.0
628,0.1188528946393445,0.6593060823130434,3.0,3.0
629,0.14074314342684288,0.6807867343178746,3.0,3.0
630,0.262994233194777,0.7419471818164065,3.0,
631,0.20026344472979593,0.7053414640078135,3.0,
632,0.13691859467222056,0.7369175580873838,3.0,
633,0.11545795839849683,0.6045355303382002,3.0,
634,0.14181544728695525,0.6234996137513679,3.0,
635,0.20637650465397966,0.7690619458249119,3.0,
636,0.14049263588075014,0.7277539471386743,3.0,
637,0.1544513987577102,0.6954649785111174,3.0,
638,0.06550194017936167,0.6533375163869817,3.0,
639,0.18754886745949698,0.6902156871201736,3.0,
640,0.09583407369437838,0.5937021644098237,3.0,
641,0.19888255187429188,0.7011171800802353,3.0,
642,0.2664870189174121,0.7602186869084324,3.0,
643,0.1457862911543704,0.6757743187857184,3.0,
644,0.3087445647604721,0.7787583712256652,3.0,
645,0.09885810572921615,0.7034585819786359,3.0,
646,0.294450561767821,0.848189547840663,3.0,
647,0.1336992825401826,0.6474044949267527,3.0,
648,0.1960224981537444,0.680219139381734,3.0,
649,0.1470000106694423,0.6796069711846386,3.0,
650,0.2902898526414795,0.6725965703398191,3.0,
651,0.25854040960632846,0.6332577636831096,3.0,
652,0.3041129607174532,0.7150652148815548,3.0,
653,0.07552004396951464,0.6400063883327183,3.0,
654,0.17582079993366984,0.6303451913256817,3.0,
655,0.18296926746585762,0.7231132671714524,3.0,
656,0.2257646735032438,0.755346086395137,3.0,
657,0.14564900070868303,0.6781709453379507,3.0,
658,0.10609211006982432,0.7297245065849363,3.0,
659,0.29361685550780053,0.7233590734673042,3.0,
660,0.16116419572291552,0.6837316236091487,3.0,
661,0.1729378988471248,0.657917428642538,3.0,
662,0.2657257113536613,0.6891673410168186,3.0,
663,0.25806648750094974,0.7566011256565559,3.0,
664,0.08560336871372849,0.7007244467166104,3.0,
665,0.144604371400454,0.6721057838989172,3.0,
666,0.09949396472351231,0.6526731511746163,3.0,
667,0.237229428127146,0.6999013606303831,3.0,
668,0.0871935011310065,0.6920160338567208,3.0,
669,0.30722985059179353,0.8036457558365668,3.0,
670,0.26543358376778653,0.7719182145888761,3.0,
671,0.3342096451727786,0.7467733315257792,3.0,
672,0.26409041390741433,0.7219002226932816,3.0,
673,0.04850121452230379,0.6437399319858794,3.0,
674,0.21975986520922458,0.6908895514754532,3.0,
675,0.08474378101462104,0.5847180308363826,3.0,
676,0.17090183807926224,0.6543183766547943,3.0,
677,0.06891816295053722,0.6471584980115791,3.0,
678,0.12741356569647427,0.7184455659148886,3.0,
679,0.245873131463025,0.732015761577884,3.0,
680,0.17382355250415676,0.6756281781323602,3.0,
681,0.06773938729397244,0.6058062767834467,3.0,
682,0.1713929524483369,0.6741102150308739,3.0,
683,0.2110042805163316,0.7299551030749442,3.0,
684,0.1016193183727575,0.546015110917237,3.0,
685,-0.09908201653259893,0.5548659131353525,3.0,
686,0.1334995240416842,0.6391824183599152,3.0,
687,0.0868798391755015,0.6044843548944475,3.0,
688,0.09775246611112748,0.6352406961581503,3.0,
689,0.12425685227568446,0.6600765983327482,3.0,
690,0.22335856411804036,0.6718053759413243,3.0,
691,0.17313189692580347,0.6219997744586873,3.0,
692,0.14822911674384864,0.726125874325448,3.0,
693,0.20392189113997927,0.7499353711490027,3.0,
694,0.0979434974537619,0.5902467483595628,3.0,
695,0.3331282264678959,0.8064486248426752,3.0,
696,0.15667336305947346,0.7656094819528295,3.0,
697,0.219776778798579,0.5819488849068671,3.0,
698,0.08228878788382342,0.6124608387680608,3.0,
699,0.14066006801350064,0.6550377030086507,3.0,
700,0.16419704569420884,0.68896210601053,3.0,
701,0.19421583736993414,0.6931902472430653,3.0,
702,0.2167300276586688,0.6698401626093339,3.0,
703,0.18432476020384958,0.6799166062039729,3.0,
704,0.2885402526350011,0.7963277332806828,3.0,
705,0.1450521910922006,0.7767191424194251,3.0,
706,0.22310388299123285,0.6752171508087034,3.0,
707,0.4546791516482617,0.7520553350005181,3.0,
708,0.03908386048270641,0.6790855008523196,3.0,
709,0.10510034716356445,0.6159722331805108,3.0,
710,0.31118605397088567,0.7447097327923702,3.0,
711,0.16233691460703426,0.668595679186971,3.0,
712,0.08236375516014094,0.6504968860406204,3.0,
713,0.25222580937078004,0.6827724114531076,3.0,
714,0.21709991939726583,0.764681537103778,3.0,
715,0.2511993110720021,0.63352195321285,3.0,
716,0.2257592722329435,0.6849763738837034,3.0,
717,0.23916655242514728,0.6840429060515129,3.0,
718,0.1386180346871999,0.5508196453746171,3.0,
719,0.2057709055416563,0.5997563080613011,3.0,
720,0.1367355786185296,0.7541996712171121,3.0,
721,0.11503709374097551,0.6741741512235037,3.0,
722,0.41614510838710367,0.7636769836125715,3.0,
723,0.1231709492254163,0.6850267705886908,3.0,
724,-0.015018818982243082,0.5816365537125039,3.0,
725,0.24641526810192116,0.703385576472276,3.0,
726,0.08271492670074701,0.6133564220726181,3.0,
727,0.14339108040160176,0.68192593938335,3.0,
728,0.21245843941312192,0.7018314833349819,3.0,
729,0.23264279105511104,0.719645570772071,3.0,
730,0.20941778228926625,0.6719283117226557,3.0,
731,0.2271690235172834,0.7257879084177089,3.0,
732,0.16685997798392072,0.6241450494920813,3.0,
733,0.18467083070615914,0.6581895804457256,3.0,
734,0.16088745561911433,0.6077926956120205,3.0,
735,0.2199473162426548,0.6871427194852875,3.0,
736,0.2907203003508941,0.7222762005539958,3.0,
737,0.07710815366315005,0.6638974499697654,3.0,
738,0.1241736017639754,0.680613003169154,3.0,
739,0.07383468345563746,0.5709316058227057,3.0,
740,0.34970513760143934,0.7996157241845139,3.0,
741,0.20519549259200398,0.7428715881493985,3.0,
742,0.4148871938134436,0.7953966885502428,3.0,
743,0.35495850316814476,0.7873361450515758,3.0,
744,0.1568249708565098,0.7004295607388135,3.0,
745,0.29340171740532,0.755007580226074,3.0,
746,0.12983039281488165,0.661968133992796,3.0,
747,0.23806498163814294,0.7574997216065632,3.0,
748,0.10550086039056186,0.7078138245343414,3.0,
749,0.2205269359980796,0.7301435239029446,3.0,
750,0.13987530279579644,0.6602801758098465,3.0,
751,0.06430610665177848,0.6971279581514428,3.0,
752,0.15116208021665015,0.6795542544823203,3.0,
753,0.3476624055924786,0.7177194767216134,3.0,
754,0.12023215877521437,0.6095701075197022,3.0,
755,0.17926582471301225,0.5729411442092138,3.0,
756,0.10418518309461566,0.7720819614272215,3.0,
757,0.24634799624560247,0.7387172430678551,3.0,
758,0.2140824708559,0.727389164078653,3.0,
759,0.23926958545776136,0.7680596486656555,3.0,
760,0.25989265836857395,0.7934068640500647,3.0,
761,0.19576712674190372,0.6814621438149436,3.0,
762,-0.0021293351098607832,0.6053007724122461,3.0,
763,0.305965990131836,0.6925287089090869,3.0,
764,0.2140914116255551,0.6344824472538032,3.0,
765,0.37061067827703725,0.7712944401608098,3.0,
766,0.01854222966005058,0.6174958896983361,3.0,
767,0.22216440450354125,0.6539760442725837,3.0,
768,0.20112033354103415,0.5373430766279844,3.0,
769,0.36729958795273193,0.70137077364819,3.0,
770,0.14392022127456808,0.6653856470764462,3.0,
771,0.17500805446633833,0.6843069083254774,3.0,
772,0.03789582001488784,0.6108389264372069,3.0,
773,0.1928640121145655,0.6603526345446036,3.0,
774,0.12668807237215438,0.7510528983589073,3.0,
775,0.08880130232956752,0.7597973609751179,3.0,
776,0.11608759648646247,0.7823199054452138,3.0,
777,0.04156003252070546,0.541642295271511,3.0,
778,0.030462707292538114,0.6035516815972052,3.0,
779,0.38881229171402515,0.7026482889896103,3.0,
780,0.22398650611365625,0.8158686450170681,3.0,
781,0.04976706020418034,0.7564074016010987,3.0,
782,-0.009701568640110106,0.6741826166512589,3.0,
783,0.13656736747496978,0.7375315434747217,3.0,
784,0.21356698546433428,0.6076138155506035,3.0,
785,0.08647030923694167,0.7235615399225032,3.0,
786,0.16802555138935976,0.6259852237746998,3.0,
787,0.050731278184776525,0.6190683945706308,3.0,
788,0.05690242090997304,0.5461002863415151,3.0,
789,0.31866213050690834,0.7278378358369897,3.0,
790,0.128128101832337,0.6898033550538113,3.0,
791,0.1296659301718497,0.5826705587389198,3.0,
792,0.1668502610362922,0.7081978942917332,3.0,
793,0.23022021549732996,0.7303307029809747,3.0,
794,0.23972409867538846,0.6631850537132795,3.0,
795,0.18035391329281697,0.6509354906329734,3.0,
796,0.12996547576139708,0.7044618940380513,3.0,
797,0.28509944294563255,0.757500554384962,3.0,
798,0.182816279381564,0.6806366612504383,3.0,
799,0.3441813044302205,0.8388440097725401,3.0,
800,0.17479724163608795,0.6857328228278756,3.0,
801,0.3588585854095544,0.7410391821051424,3.0,
802,0.005129024554112043,0.5851474452304912,3.0,
803,0.387611297882274,0.7463177801661662,3.0,
804,0.3680862950405984,0.8244922116272323,3.0,
805,0.10673496696964649,0.6241208825048419,3.0,
806,0.1584756020657634,0.6927636426121524,3.0,
807,0.09162291975424468,0.6901376558266549,3.0,
808,0.3210843733643723,0.8067082958068771,3.0,
809,0.22031926592757628,0.6768484274205993,3.0,
810,0.2851115058530821,0.7083145609121065,3.0,
811,0.03905655266888757,0.6013379486274586,3.0,
812,0.035625629516390644,0.7064965287681498,3.0,
813,0.17933986961279014,0.7567552319057261,3.0,
814,0.1030735419859486,0.6735687756293215,3.0,
815,0.191788299860114,0.6477470128322798,3.0,
816,-0.04401236085481452,0.6637871838915725,3.0,
817,0.17385602558930113,0.7182830698532052,3.0,
818,0.06625616926577299,0.6244260562076848,3.0,
819,0.16903498059117905,0.6257622517133461,3.0,
820,0.11281708706351917,0.7116731919544228,3.0,
821,0.22014386756231222,0.7129454153636623,3.0,
822,-0.06651899842016108,0.5660749252503652,3.0,
823,0.20471319621123607,0.7883012420957966,3.0,
824,0.05948379963557774,0.6048876861829477,3.0,
825,0.25812894617331095,0.7607069623419662,3.0,
826,0.24968262625715443,0.6923011045430587,3.0,
827,0.10200289312141465,0.7643460869001616,3.0,
828,0.060700489653343064,0.6348159396769879,3.0,
829,0.1454435633953643,0.6407186479797576,3.0,
830,0.2437801393311169,0.6521496081442639,3.0,
831,0.32065985665424046,0.7657784683815764,3.0,
832,0.13828987077811458,0.6946915209364316,3.0,
833,0.10699325567733359,0.6683681061162609,3.0,
834,0.29979082259639517,0.7002345687461008,3.0,
835,0.1585679201848136,0.6478533112405102,3.0,
836,0.1973041726300742,0.6572035750148318,3.0,
837,0.3363334298278475,0.7453972499875459,3.0,
838,0.14217169281828732,0.6918712685091775,3.0,
839,0.12026116602254625,0.6270397724440562,3.0,
840,0.2103669869726931,0.7583382227427526,3.0,
841,0.09016401457108146,0.6294562199987227,3.0,
842,0.3484476086182685,0.6370810802102576,3.0,
843,0.1121424623546278,0.7030480559727628,3.0,
844,0.23867683338840598,0.7212012052287058,3.0,
845,0.009479384100681021,0.6102643754151826,3.0,
846,0.224592727277042,0.6792393843115982,3.0,
847,0.27345942382619565,0.6505668289392605,3.0,
848,0.08721456779518175,0.6506921536083881,3.0,
849,0.327132005096098,0.7416951932814473,3.0,
850,0.2904833020465804,0.7847601743105902,3.0,
851,0.19243514899584685,0.6891292084430404,3.0,
852,0.24305201842052696,0.7532614597530654,3.0,
853,0.30801077741588945,0.6926736450934379,3.0,
854,0.16414011840538106,0.6935444255431477,3.0,
855,0.07622167928283018,0.6519789820133223,3.0,
856,0.2799296661069452,0.7662008283813336,3.0,
857,0.18334129238162458,0.6241075535318158,3.0,
858,0.13592785119505443,0.6824945184494047,3.0,
859,0.1483269376557726,0.7546812439962851,3.0,
860,0.10268428992027562,0.6878590523236305,3.0,
861,0.4181714038147148,0.8219927642821488,3.0,
862,-0.09888161915371327,0.5761150746587913,3.0,
863,0.14554380649964702,0.706414885260412,3.0,
864,0.20883243307280627,0.5767177908610064,3.0,
865,0.04508247128252817,0.6525768984063559,3.0,
866,0.10388295433912295,0.6115691902167757,3.0,
867,0.2660843657356636,0.7370241809278343,3.0,
868,0.001310274967876398,0.5865872385814919,3.0,
869,0.24308488929580677,0.7774716467704751,3.0,
870,0.29012283764728675,0.8057626329593892,3.0,
871,0.08525851724294242,0.6794242486651066,3.0,
872,0.1214102996074808,0.6620184063482589,3.0,
873,0.3552513543216135,0.7175336385907933,3.0,
874,0.1965495529771191,0.7306905008462532,3.0,
875,0.0710610569280237,0.651002913946103,3.0,
876,0.12029000127425386,0.6642112317855673,3.0,
877,0.10072892379046537,0.6941689367671929,3.0,
878,0.3943086957606678,0.7505944258388314,3.0,
879,0.08692117244801963,0.5946228959722807,3.0,
880,0.15226713683417736,0.6948774938608842,3.0,
881,0.19693878490832767,0.6575872161996773,3.0,
882,0.18194751659449349,0.694924582988496,3.0,
883,0.13388742914175678,0.675639563759602,3.0,
884,0.16744094407810195,0.6775244052937874,3.0,
885,0.1596544297039969,0.6525622195186688,3.0,
886,0.21869806650660584,0.7006601894346087,3.0,
887,0.1668486497967778,0.7053928714113883,3.0,
888,0.3388581333217616,0.7780932729621205,3.0,
889,0.18521546157884172,0.7685880669177514,3.0,
890,0.13198354580553595,0.5884134993945035,3.0,
891,0.23851635256999515,0.7042784825112739,3.0,
892,0.3522222204215126,0.7023842434065917,3.0,
893,0.1880069015759903,0.7030887478641263,3.0,
894,0.19642260035196935,0.7505937097595085,3.0,
895,0.03821730054054496,0.6494045601052062,3.0,
896,0.3056799343271064,0.746932527321393,3.0,
897,0.21518340572337816,0.6898820441780348,3.0,
898,0.12284329145726336,0.6126460110561265,3.0,
899,0.17585925687048223,0.6780352242558957,3.0,
900,0.2260959703169615,0.30171542159624315,4.0,4.0
901,0.2818323020297726,0.33667340615966257,4.0,4.0
902,0.2653448668778529,0.347756814207998,4.0,4.0
903,0.24150213566679263,0.20141144461732716,4.0,4.0
904,0.23630490889687836,0.2439979125488147,4.0,4.0
905,0.21214554699068086,0.21980854323595356,4.0,4.0
906,0.2519089633498664,0.2306863275792921,4.0,4.0
907,0.2718601737689863,0.3132354690890117,4.0,4.0
908,0.22931195636285218,0.2643364557951855,4.0,4.0
909,0.23356029948663,0.28701725941496326,4.0,4.0
910,0.24945673878390834,0.30802053358043446,4.0,4.0
911,0.2685583187751198,0.3753286667435084,4.0,4.0
912,0.2611518121435311,0.2781856767069203,4.0,4.0
913,0.2164846709880708,0.23222056259023163,4.0,4.0
914,0.27137705931368744,0.3159760706524308,4.0,4.0
915,0.2718173061434337,0.3142658343152636,4.0,4.0
916,0.2102267422591792,0.17741444139879928,4.0,4.0
917,0.2435069039254645,0.3377243144742619,4.0,4.0
918,0.26052524459397175,0.29768950907693575,4.0,4.0
919,0.2664936027322156,0.31044347900052693,4.0,4.0
920,0.2351618967100281,0.21954686625836198,4.0,4.0
921,0.2513281534496938,0.3288631602744562,4.0,4.0
922,0.24965652026774823,0.2692804772909863,4.0,4.0
923,0.24906148042758766,0.2985485544349826,4.0,4.0
924,0.2602785484595232,0.2844703609671523,4.0,4.0
925,0.2562705915152877,0.31352719177132393,4.0,4.0
926,0.24071016895313183,0.2961495073822746,4.0,4.0
927,0.2796229647922935,0.4057517815190076,4.0,4.0
928,0.2503304937849026,0.2913537267232733,4.0,4.0
929,0.25845683197184927,0.3450087292566871,4.0,4.0
930,0.29786915846553386,0.34895052992983894,4.0,
931,0.40321124182847773,0.5171155854375774,4.0,
932,0.28116072511897816,0.15587646414468165,4.0,
933,0.339104715575171,0.5228561026450272,4.0,
934,0.15169313029577836,0.0452567903569177,4.0,
935,0.2982011662211015,0.4785417949285754,4.0,
936,0.19435008324351025,0.24877057777463726,4.0,
937,0.35414589351857234,0.46346729654774355,4.0,
938,0.24498552589031652,0.5003843214305649,4.0,
939,0.23126486727270273,0.2873176459750417,4.0,
940,0.15119103859546332,0.07632797655601667,4.0,
941,0.2956909876710388,0.5940457685898796,4.0,
942,0.20636329188749464,0.36953711879611373,4.0,
943,0.21433684402047484,0.29896036534990167,4.0,
944,0.3048432643599798,0.481091760617261,4.0,
945,0.1928871804710706,0.23275146223530477,4.0,
946,0.3134030684796684,0.2920375385055129,4.0,
947,0.24886945366494245,0.27882226573134833,4.0,
948,0.3914177918446416,0.6570732906084366,4.0,
949,0.2621468266673405,0.33268358451930247,4.0,
950,0.28217681484072615,0.22393903833881096,4.0,
951,0.294655474090519,0.3412895266677988,4.0,
952,0.24541158130284063,0.11897004612881262,4.0,
953,0.24161781040735045,0.11292890129383491,4.0,
954,0.3638876152266735,0.34923900696599824,4.0,
955,0.3350670388604657,0.21687299090027493,4.0,
956,0.21690761700019429,0.2397565676959473,4.0,
957,0.28474663822080815,0.36245992210651984,4.0,
958,0.33437369610909695,0.6548877850899358,4.0,
959,0.25940629629085643,0.23765680349745388,4.0,
960,0.25525046313586236,0.17668455508004055,4.0,
961,0.2630246720442942,0.49289849485307824,4.0,
962,0.19651262885325121,0.15419723909006106,4.0,
963,0.14604115900766718,0.06633008305090395,4.0,
964,0.2588948478489262,0.3480635151571141,4.0,
965,0.2684805571564149,0.1731726319389353,4.0,
966,0.18334671577786907,0.12389449012787487,4.0,
967,0.29237549655224165,0.31695554390509806,4.0,
968,0.2453559954663698,0.2635942205730968,4.0,
969,0.23201218269860174,0.27935211955791733,4.0,
970,0.21520199349397506,0.20664692702076845,4.0,
971,0.34260766491425027,0.5361652081756594,4.0,
972,0.2130043679054559,0.47791045987084924,4.0,
973,0.2895315634667095,0.36944990708854936,4.0,
974,0.21395358051479113,0.28244815426160974,4.0,
975,0.27662335506627933,0.3571509656606094,4.0,
976,0.24765719736126451,0.4397433010835963,4.0,
977,0.21912037968827333,0.20493694851674776,4.0,
978,0.1801967165429704,0.08913317494663464,4.0,
979,0.17832625205792887,0.13097124398868365,4.0,
980,0.23593664723427554,0.2867950156443267,4.0,
981,0.16671479759849542,0.18354416301718735,4.0,
982,0.16629392299276086,0.015185485332295235,4.0,
983,0.32208306719244045,0.47801838499742577,4.0,
984,0.22522954037280232,0.06065033874409465,4.0,
985,0.3279462880704826,0.538430213171983,4.0,
986,0.25122375701611466,0.40361031391189894,4.0,
987,0.20636304459099372,0.06933944833577607,4.0,
988,0.21077185999727893,0.203234066124366,4.0,
989,0.18160754156311593,0.0660289281726131,4.0,
990,0.19214451578842068,0.19976089298953076,4.0,
991,0.3029506870961314,0.4542850674030421,4.0,
992,0.2927301200190076,0.29461774837460425,4.0,
993,0.23055650156887436,0.20950067182858814,4.0,
994,0.2433551182769574,0.5048377084921398,4.0,
995,0.21084794158619974,0.35716601010308235,4.0,
996,0.1537478114117471,0.07434920676565131,4.0,
997,0.29635012505874253,0.40007499664217916,4.0,
998,0.11692675515698844,0.05584378915279651,4.0,
999,0.2330225743581654,0.2572955377200399,4.0,
1000,0.26323746705608037,0.3185912090384297,4.0,
1001,0.3095294089868439,0.42105622395664466,4.0,
1002,0.31154606001426394,0.4812071462059641,4.0,
1003,0.2515409975886258,0.3064185053684289,4.0,
1004,0.23852345254861,0.2939141174387541,4.0,
1005,0.23432545479176936,0.2887653595545701,4.0,
1006,0.2877589783011308,0.26709854104092295,4.0,
1007,0.2551433548890493,0.15555600358818522,4.0,
1008,0.24638880182714978,0.2743551085662573,4.0,
1009,0.410639807423417,0.6555517036327733,4.0,
1010,0.11054841849661892,0.06647411595407648,4.0,
1011,0.2044160527801505,0.23264716862605178,4.0,
1012,0.23374755956020726,0.22821841515248645,4.0,
1013,0.240009263540876,0.10582918756456451,4.0,
1014,0.3213513197188417,0.49270252020333233,4.0,
1015,0.25358502060801097,-0.05697946055690674,4.0,
1016,0.2817898138234828,0.3698717118099074,4.0,
1017,0.24948230198051258,0.3266911684014671,4.0,
1018,0.15642608927594945,0.1285339425020407,4.0,
1019,0.39577347487021813,0.5648608833332678,4.0,
1020,0.30481609644018226,0.4867029214693134,4.0,
1021,0.12574713361078216,0.1000847791250808,4.0,
1022,0.21014990472497994,0.04203346969155341,4.0,
1023,0.259297485000882,0.3830725534033921,4.0,
1024,0.2678640998885079,0.3688919123888655,4.0,
1025,0.24830705981487156,0.3353683983218504,4.0,
1026,0.19455352591790195,0.09304134618734015,4.0,
1027,0.27114229458429806,0.3794022495736936,4.0,
1028,0.2921016191432978,0.5621661821241318,4.0,
1029,0.2227109237815127,0.2583581781258549,4.0,
1030,0.23101833448384787,0.05693519609220815,4.0,
1031,0.30996771733476985,0.5643165165854332,4.0,
1032,0.11245993900448527,-0.0035461664945550257,4.0,
1033,0.27459597171901035,0.40952586361547433,4.0,
1034,0.20018860657380055,0.0968980571862917,4.0,
1035,0.19020287043583306,0.27198659869658165,4.0,
1036,0.20885573264029944,0.17201409630060147,4.0,
1037,0.23992402214341743,0.29647582074279616,4.0,
1038,0.2106038818203385,0.16895088115416618,4.0,
1039,0.24792057466434883,0.42997830502034334,4.0,
1040,0.1579816283817557,0.09424707233753787,4.0,
1041,0.3384542782637173,0.4318710203384758,4.0,
1042,0.16285419021364003,0.11645919795500782,4.0,
1043,0.12666035372778042,-0.08167178672472536,4.0,
1044,0.21488639145259875,0.20534755405056587,4.0,
1045,0.1377250018572915,0.06536828969898417,4.0,
1046,0.19116605099371334,0.19309271575639664,4.0,
1047,0.29496249331954366,0.36775769430686023,4.0,
1048,0.22338981578437467,0.2791135819288389,4.0,
1049,0.32452325895379347,0.3462004106004127,4.0,
1050,0.25104968829852553,0.3097175323425594,4.0,
1051,0.2863123429838669,0.48499589980729624,4.0,
1052,0.1355392852034177,0.22905800877527313,4.0,
1053,0.24204904073375413,0.47331366630118454,4.0,
1054,0.24183174966295706,0.31298750770467676,4.0,
1055,0.3091822138747141,0.38710174469076264,4.0,
1056,0.18118158102368895,0.09606043484838474,4.0,
1057,0.1907743092135901,0.029529525513239327,4.0,
1058,0.32905261173508193,0.33769389285653595,4.0,
1059,0.30995473274195234,0.5647870575310439,4.0,
1060,0.22190739999984718,0.16514997910960635,4.0,
1061,0.32296633491512994,0.41668144010688407,4.0,
1062,0.28995559069099275,0.3912729867012562,4.0,
1063,0.11945784239844646,0.09385350250102484,4.0,
1064,0.25658297507102756,0.41958972894844476,4.0,
1065,0.31213040757067434,0.48208514213641884,4.0,
1066,0.24518389694897616,0.263426144348293,4.0,
1067,0.13174618990758719,0.07398496106449887,4.0,
1068,0.20814791305307878,0.06264123676388539,4.0,
1069,0.26647468543963204,0.31653467973038596,4.0,
1070,0.21085211187186206,0.12209572696243676,4.0,
1071,0.15819908495517468,0.07156161789542416,4.0,
1072,0.243665110147071,0.29343734128357085,4.0,
1073,0.2192376976450946,0.335810503986022,4.0,
1074,0.1845569691496808,0.0870794324081178,4.0,
1075,0.12940392744950968,0.06334158907051611,4.0,
1076,0.2086019534602428,0.11752516594301242,4.0,
1077,0.23902543173716798,0.26589748195609836,4.0,
1078,0.26005668233001766,0.3463285574346886,4.0,
1079,0.32646436055696093,0.44592103597756216,4.0,
1080,0.31811852969070176,0.6171106206705622,4.0,
1081,0.25969573181352906,0.24400615775615137,4.0,
1082,0.16247700292920159,0.14345432876315412,4.0,
1083,0.13821903715962314,-0.021913795039064304,4.0,
1084,0.4320919980606205,0.5727931958738719,4.0,
1085,0.3326730214261884,0.4745802112726973,4.0,
1086,0.2561716372801511,0.38866587629685184,4.0,
1087,0.2524970101297088,0.21864548276112988,4.0,
1088,0.24407106189201289,0.4071136554701462,4.0,
1089,0.30002944154788724,0.37767472233893407,4.0,
1090,0.2413269490393651,0.38099722387186574,4.0,
1091,0.2601325945662625,0.21280066348770724,4.0,
1092,0.3036808172626822,0.4462065185151685,4.0,
1093,0.23894944610401675,0.2026201833893193,4.0,
1094,0.3196509316753194,0.44602845114170914,4.0,
1095,0.23795374285560453,0.2234612146047053,4.0,
1096,0.3048203418907399,0.39187623864710114,4.0,
1097,0.17051566188871592,0.21460490058142134,4.0,
1098,0.2609344282931536,0.15115320643361183,4.0,
1099,0.3234247162453603,0.4254489237558369,4.0,
1100,0.16987014139499448,0.004748953389697081,4.0,
1101,0.19481079002785726,0.22061606026179115,4.0,
1102,0.3241070222747015,0.4173924787639522,4.0,
1103,0.2384646443401258,0.3772421454430453,4.0,
1104,0.21899198510397408,0.10840705810411516,4.0,
1105,0.2028953811192161,0.09598155054477683,4.0,
1106,0.2629126115737717,0.3011303648445388,4.0,
1107,0.3031779061526236,0.33810999639102157,4.0,
1108,0.17494733486951847,0.10147606335856292,4.0,
1109,0.44686689384025124,0.6353901001460756,4.0,
1110,0.22859657207783748,0.1777604747741765,4.0,
1111,0.3280938557007263,0.23535519007772293,4.0,
1112,0.26570731614483467,0.37596376082173427,4.0,
1113,0.07197872614985538,-0.049121874875868644,4.0,
1114,0.2591025446825859,0.4085433111539657,4.0,
1115,0.2876091872631117,0.4410721823440121,4.0,
1116,0.26489318721759064,0.11737260120969878,4.0,
1117,0.27657482025620084,0.1839330055014702,4.0,
1118,0.3339464881114629,0.647924358604067,4.0,
1119,0.19189822407676518,0.02226039838284121,4.0,
1120,0.289895918248666,0.40684819940878786,4.0,
1121,0.2168837348822699,0.296960865106357,4.0,
1122,0.24039308291400116,0.37816363346261794,4.0,
1123,0.3673840049548769,0.6430298522445771,4.0,
1124,0.31924866968508603,0.44127014822779537,4.0,
1125,0.23820372052657035,0.26898403121238407,4.0,
1126,0.3093717491974495,0.5231146740407325,4.0,
1127,0.3476539182123236,0.29360711763550534,4.0,
1128,0.10456787104380673,-0.0007031350094321676,4.0,
1129,0.2847956755575937,0.25131441448314396,4.0,
1130,0.2345534764406429,0.24689752507941948,4.0,
1131,0.3179212690760343,0.38726378201144235,4.0,
1132,0.29254715462935577,0.2405547449932424,4.0,
1133,0.23333199019925213,0.3390587825177251,4.0,
1134,0.27337274349772206,0.23932845876013,4.0,
1135,0.22204564861803902,0.1702267432479734,4.0,
1136,0.2972347669466285,0.3373264218192826,4.0,
1137,0.18978679392229064,0.1098110995041303,4.0,
1138,0.2654737380612406,0.3385715664748458,4.0,
1139,0.2512363392535722,0.3014382619680856,4.0,
1140,0.3147424995059376,0.36602886272117086,4.0,
1141,0.284793125870575,0.2732945852836922,4.0,
1142,0.3600919556375213,0.4846376642381262,4.0,
1143,0.2370136321589986,0.34841927869862954,4.0,
1144,0.2014760076054047,0.10259115178358916,4.0,
1145,0.17859451344364743,0.21159653773365453,4.0,
1146,0.19588209839380114,0.2035578794524878,4.0,
1147,0.22852058064201888,0.1447293563985948,4.0,
1148,0.3021778311867041,0.29852501172850604,4.0,
1149,0.248482118015675,0.06395389036021153,4.0,
1150,0.23530990282138395,0.20543144305098004,4.0,
1151,0.2589919740011976,0.1955765303484746,4.0,
1152,0.21128444802973498,0.25495111657403563,4.0,
1153,0.19379649619372627,0.07820552988602705,4.0,
1154,0.23432026390925592,0.26402706452879876,4.0,
1155,0.22617149205056825,0.15942461511371273,4.0,
1156,0.3271537469051184,0.3822107660497778,4.0,
1157,0.26506190366703675,0.47903973581108494,4.0,
1158,0.35785544429578425,0.4220636772379507,4.0,
1159,0.16156956872751585,-0.0430800846624972,4.0,
1160,0.37771999140056256,0.5018081215649217,4.0,
1161,0.15298468587582661,0.1764541965929299,4.0,
1162,0.24495950208059603,0.21189873214948907,4.0,
1163,0.37009596205336137,0.5018192632681514,4.0,
1164,0.22458852112376623,0.2990072637437822,4.0,
1165,0.37501059133154185,0.501815095045394,4.0,
1166,0.3930504971010785,0.5231150230847837,4.0,
1167,0.2814079492021574,0.3328137198887151,4.0,
1168,0.3032614029072675,0.3395426063914059,4.0,
1169,0.23331288987543855,0.2626694732656132,4.0,
1170,0.3157609090279392,0.25871595854160295,4.0,
1171,0.20239263122092147,0.36167706025271207,4.0,
1172,0.2689659551035881,0.4336127251544072,4.0,
1173,0.26485875215231874,0.4381290684275007,4.0,
1174,0.24874560341151272,0.35262416234391336,4.0,
1175,0.35031415290556006,0.5738553956739041,4.0,
1176,0.29053263275723296,0.44498250524670563,4.0,
1177,0.21619779048094867,0.29349262204253956,4.0,
1178,0.24250099494425567,0.360930852240376,4.0,
1179,0.2043027144517985,0.21510682476222073,4.0,
1180,0.26180898661214075,0.23323559303565194,4.0,
1181,0.2535386003858892,0.5099873104422219,4.0,
1182,0.2786161503819738,0.41885209370665866,4.0,
1183,0.2611269011007004,0.3126669019551248,4.0,
1184,0.17905310900490276,0.2843489197704619,4.0,
1185,0.2926150581151766,0.32523195185967463,4.0,
1186,0.19956021322943487,0.16688136433498257,4.0,
1187,0.2050014886902054,0.3302879726070946,4.0,
1188,0.2572728627846358,0.26778378592317414,4.0,
1189,0.2430578678936467,0.3640610072634261,4.0,
1190,0.27623195087540386,0.33550554920947506,4.0,
1191,0.3186738879950736,0.5025238804556791,4.0,
1192,0.2981601287600368,0.41591740095978647,4.0,
1193,0.27429093176424735,0.3865382555796039,4.0,
1194,0.28869748303160125,0.28669603851578185,4.0,
1195,0.212262515819164,-0.090237198950911,4.0,
1196,0.19190435845146298,0.0928531875431681,4.0,
1197,0.19876960364463309,0.37151394074047994,4.0,
1198,0.2692600063208445,0.20037905408463558,4.0,
1199,0.3368649002533896,0.37432618251410343,4.0,
1200,-0.13966493258633864,0.0033251745435843925,5.0,5.0
1201,-0.1561403251027532,-0.00784437414011431,5.0,5.0
1202,-0.18086144843169583,-0.014065896039348,5.0,5.0
1203,-0.11811361087220505,0.001418255419871278,5.0,5.0
1204,-0.23640350700523619,0.020583382605106653,5.0,5.0
1205,-0.1371690976982088,-0.0027205668161939096,5.0,5.0
1206,-0.1722966518917313,0.0058720484820410776,5.0,5.0
1207,-0.11473814224980072,-0.003111159615346056,5.0,5.0
1208,-0.10657411850001289,-0.021047094150983124,5.0,5.0
1209,-0.14214290822767606,-0.017495912854106187,5.0,5.0
1210,-0.09312054921110868,-0.008419303079368771,5.0,5.0
1211,-0.06306364900303062,-0.010095107780684209,5.0,5.0
1212,-0.15453385566403616,-0.049217060627562585,5.0,5.0
1213,-0.17825231561792174,0.003357092580745251,5.0,5.0
1214,-0.15929575725229156,0.039188788060377996,5.0,5.0
1215,-0.12134612853722969,-0.025892200105641864,5.0,5.0
1216,-0.08936971799912832,0.02180348300647545,5.0,5.0
1217,-0.13641922947843105,0.01595500627072923,5.0,5.0
1218,-0.14035061678598743,0.0094609690638705,5.0,5.0
1219,-0.18109520270651497,-0.013563106678625696,5.0,5.0
1220,-0.16071255111301982,0.01932434005627155,5.0,5.0
1221,-0.14939867872976303,0.026789563113956978,5.0,5.0
1222,-0.14311705581302495,-0.011227631423271118,5.0,5.0
1223,-0.13728064009240173,-0.00861585796465266,5.0,5.0
1224,-0.1605009463500862,0.01181111680603925,5.0,5.0
1225,-0.2134707076853304,0.027184764420395816,5.0,5.0
1226,-0.15182788367120767,0.0052396926269560684,5.0,5.0
1227,-0.20188787986015852,0.006512031464434178,5.0,5.0
1228,-0.18237705655602468,0.015259734266484226,5.0,5.0
1229,-0.05566670707019266,-0.0008594035550724542,5.0,5.0
1230,-0.28209168721127337,0.12252116003775107,5.0,
1231,0.13066366872605872,0.06000982149170604,5.0,
1232,-0.06634227001046786,0.04850714068305905,5.0,
1233,0.03542256967645533,0.05872977279518358,5.0,
1234,-0.17431962304320112,-0.023464071735784357,5.0,
1235,-0.13194371594974305,-0.0680671811530952,5.0,
1236,-0.24083620019903876,0.05946802095240763,5.0,
1237,-0.020297221606465507,-0.06736455937886829,5.0,
1238,-0.08214153092355662,0.1499593354093178,5.0,
1239,-0.3079034833914123,0.07093311888335158,5.0,
1240,0.029873061610089697,-0.06861013384124691,5.0,
1241,-0.3878007781334701,-0.08419533125492226,5.0,
1242,-0.10219594615196481,0.022429190790247192,5.0,
1243,-0.21055498541829137,0.04737339088696339,5.0,
1244,-0.3485427993836346,0.04082031658758159,5.0,
1245,-0.20829133829884505,0.019593302033743033,5.0,
1246,-0.2550941090123695,-0.11852326682045441,5.0,
1247,-0.08135400407562896,0.05070531345665394,5.0,
1248,0.05354046915483053,-0.04991132303544062,5.0,
1249,0.20240376886554545,-0.04294470410980276,5.0,
1250,-0.011852930439391339,0.04209924652353435,5.0,
1251,-0.24252458953002515,0.02150547397046977,5.0,
1252,-0.29444586878787665,-0.011444163201597734,5.0,
1253,-0.1453958865784925,0.13068839024203374,5.0,
1254,-0.27583194371770225,-0.04694031423855613,5.0,
1255,-0.1343562571420533,0.04265315819535232,5.0,
1256,-0.26206316460955853,0.00530061232667192,5.0,
1257,-0.0685608706161327,-0.01977352870237338,5.0,
1258,-0.45196441477637905,-0.15181045215933694,5.0,
1259,-0.0007331767260747255,0.05686757709029962,5.0,
1260,-0.040965338979935643,-0.09515828558478254,5.0,
1261,-0.04039216900006757,-0.08994456903467675,5.0,
1262,0.03343082775403178,0.01464377837052295,5.0,
1263,-0.019481525595361184,0.13923346673625042,5.0,
1264,-0.2744840240631175,0.0902831214469839,5.0,
1265,0.09098894351173113,0.04128461845313679,5.0,
1266,-0.2300120280619114,0.044399510550316934,5.0,
1267,-0.22280803966569862,0.06602749178089196,5.0,
1268,-0.4182003634557724,-0.09104940201156843,5.0,
1269,-0.22632446763012434,0.05281395341255699,5.0,
1270,-0.05581084763101014,0.05946651410270328,5.0,
1271,-0.3299805249388541,-0.1319910852006168,5.0,
1272,0.003422259325972793,-0.02809597489249047,5.0,
1273,0.07959929034628824,0.0007201281168674598,5.0,
1274,-0.09683781042906038,-0.022506159106460765,5.0,
1275,-0.15461451887370858,-0.13743068613184886,5.0,
1276,-0.2944535909149564,-0.1095838460866907,5.0,
1277,0.15323206751400634,0.022876992531279117,5.0,
1278,-0.028158178178021853,-0.01715545145225186,5.0,
1279,-0.2581823341395149,0.01530339839061028,5.0,
1280,-0.019618670029383663,0.030510620428997895,5.0,
1281,0.15811863835736278,0.03823621553194534,5.0,
1282,-0.2019222520039244,-0.08372508763642017,5.0,
1283,-0.1367199913067021,0.018549977441700904,5.0,
1284,-0.2213936290371886,-0.025816147593723294,5.0,
1285,-0.19433506847422308,0.05819474301171893,5.0,
1286,0.08468131475663693,0.01200415908548967,5.0,
1287,-0.23870160721590394,0.03775494199098826,5.0,
1288,-0.2610939349444428,0.014135163120845116,5.0,
1289,-0.09797091348749211,-0.00014250812230840563,5.0,
1290,-0.3337545627411044,0.027085967614562015,5.0,
1291,-0.15392586498210628,0.0434106222254304,5.0,
1292,0.04678567683142017,0.03944851372112792,5.0,
1293,0.01018015424400821,-0.012503338313630107,5.0,
1294,-0.1487616811209217,-0.07219478609176125,5.0,
1295,-0.2457649943993723,0.05399327211211254,5.0,
1296,-0.19873585163413982,0.03297089712963315,5.0,
1297,0.005756102907018317,0.03717764154182696,5.0,
1298,-0.059874520600210965,0.0239384162773448,5.0,
1299,-0.2784994575451666,-0.06488783043550135,5.0,
1300,0.023578073652303348,0.01202860173729882,5.0,
1301,-0.25710990591889205,0.014403950780015475,5.0,
1302,-0.06970070955856872,0.053009906037444564,5.0,
1303,-0.10760951499057346,-0.05656250171087943,5.0,
1304,-0.22678917335868992,0.03745896861471095,5.0,
1305,-0.11414673664913358,-0.04771527439167374,5.0,
1306,-0.1518019828722441,0.02853843343233507,5.0,
1307,-0.1709956821691265,-0.02190907585915102,5.0,
1308,0.10178057333399003,-0.018181931138166497,5.0,
1309,-0.25218722183749637,-0.008863943007779833,5.0,
1310,-0.11521609978725127,-0.05933726724334671,5.0,
1311,0.10440897317529511,0.15946735161521822,5.0,
1312,-0.23526314888652664,-0.00665285033731271,5.0,
1313,0.10730760523055488,0.004670788495462678,5.0,
1314,-0.2580150838550018,-0.013698117564041901,5.0,
1315,-0.17206646102126455,0.01967572914934389,5.0,
1316,-0.14775741730675088,-0.002551066229941164,5.0,
1317,-0.01612634693499229,0.03066421048487253,5.0,
1318,-0.19759313353126715,-0.0806762766087039,5.0,
1319,0.24120072171091758,0.005488921675486672,5.0,
1320,-0.052665289902636234,-0.05679829273834539,5.0,
1321,-0.1434008748579873,0.07223626008954231,5.0,
1322,-0.05493508933247548,0.022940749634199682,5.0,
1323,-0.17982676099460249,-0.023405546332666716,5.0,
1324,-0.44207994670818435,0.06433109564889827,5.0,
1325,-0.2173233850953201,-0.046170402242026204,5.0,
1326,-0.1884088614773459,0.018333684070199606,5.0,
1327,-0.08474372817682309,0.07229257182642551,5.0,
1328,-0.3573427363679345,-0.02497258036188301,5.0,
1329,0.12353792333401024,0.024122632207232767,5.0,
1330,-0.17094793012283255,0.03314532898394249,5.0,
1331,-0.5453208483517383,-0.010956489426056346,5.0,
1332,-0.21318501300919734,0.041502218104783495,5.0,
1333,-0.32922381284497665,-0.0603013809546178,5.0,
1334,-0.14514121278308822,0.01838197172844639,5.0,
1335,-0.22190869890420947,0.0484138609653897,5.0,
1336,-0.08197287149784092,0.06568315622855034,5.0,
1337,-0.2538779075877155,-0.0002785693843143618,5.0,
1338,-0.247213385302194,0.008997812638309349,5.0,
1339,-0.5012849083419346,0.07331597622961888,5.0,
1340,-0.30989871591843526,0.045180494749408696,5.0,
1341,0.09103399500953506,0.06444319764138315,5.0,
1342,-0.1011333396857349,-0.04591854352359537,5.0,
1343,-0.20856276607266663,-0.12555677606153953,5.0,
1344,0.057951568446513405,0.025486442840852077,5.0,
1345,-0.06106134904120813,-0.0008227364201680241,5.0,
1346,-0.2534939980737233,-0.009908385165195327,5.0,
1347,-0.1577018596172167,-0.03353201225012984,5.0,
1348,-0.016041488900791486,-0.012142420506528076,5.0,
1349,-0.22840069990464215,-0.040521671312296136,5.0,
1350,-0.049205483609270705,0.02765252970484368,5.0,
1351,-0.07448578786204064,-0.04803926552627513,5.0,
1352,-0.065286374258563,0.01990948052267152,5.0,
1353,0.029889732411694545,-0.09487113240738676,5.0,
1354,-0.09085640740838728,-0.0030350588521774117,5.0,
1355,-0.2607399775690645,0.024650810546210124,5.0,
1356,0.05833854765899058,-0.024781335289426137,5.0,
1357,0.19049807961227078,0.008447538919825182,5.0,
1358,0.0773018295244765,-0.02923421857575471,5.0,
1359,-0.05745608530662102,-0.012451026631965963,5.0,
1360,0.06420349299915135,0.08611822360284345,5.0,
1361,-0.17447172325210106,-0.1281319715856128,5.0,
1362,-0.19371518559369094,0.07365376977494868,5.0,
1363,-0.2568388363391157,-0.054728563655773055,5.0,
1364,-0.11758160269993817,-0.07392165820247071,5.0,
1365,-0.17273980615057816,0.01351401772435012,5.0,
1366,-0.15981410512516078,-0.07106662124366424,5.0,
1367,-0.24500034401600618,0.049827073632341116,5.0,
1368,-0.23192808699250056,-0.042099626753357745,5.0,
1369,-0.004703612056283136,-0.014217564346549487,5.0,
1370,-0.39640408729440263,-0.007113343730727217,5.0,
1371,0.026460935116229958,0.010409544088775077,5.0,
1372,-0.13623104980048248,0.004700320478581146,5.0,
1373,0.1209435528071905,-0.0607660246071047,5.0,
1374,-0.049401141437600285,0.024257540812504808,5.0,
1375,-0.357198917336207,0.06236256728250937,5.0,
1376,-0.18426197622820237,-0.04318101457853943,5.0,
1377,-0.13512740880974292,-0.01005431493193508,5.0,
1378,0.105667344162795,0.07633655604828225,5.0,
1379,-0.1353113009449289,-0.01564694120389273,5.0,
1380,0.0045211736615415055,-0.07174763926210707,5.0,
1381,-0.11650256247789799,0.03628833449483859,5.0,
1382,-0.11496517183389403,0.049214537194190895,5.0,
1383,-0.1374177318153101,-0.060489973320117636,5.0,
1384,-0.08051073321342421,-0.022422871249138304,5.0,
1385,-0.15918932342072045,0.012120831324572801,5.0,
1386,-0.33764408257347833,0.0022814724502463173,5.0,
1387,-0.1324893064599694,0.02013492523347515,5.0,
1388,-0.15855767388844086,-0.0070036292856887495,5.0,
1389,0.04199901404726189,0.04095055198254922,5.0,
1390,-0.12196521901982064,0.015158228419554423,5.0,
1391,-0.08161669563660261,0.005269615795541225,5.0,
1392,-0.1656614587671754,-0.019385174990261992,5.0,
1393,0.04185470986841321,0.08995213067526792,5.0,
1394,-0.2133587144722732,0.019641652965884698,5.0,
1395,-0.12025529350347045,-0.03215358837055423,5.0,
1396,-0.2709450709839532,-0.0028108744202004097,5.0,
1397,-0.22972823794357008,0.019693556137771406,5.0,
1398,-0.04111543239407397,-0.006063918779195458,5.0,
1399,0.017846733032235673,0.004614312102990936,5.0,
1400,-0.09333273350974901,0.07096943721601467,5.0,
1401,-0.20676434693210455,0.0859287839281329,5.0,
1402,-0.23050189586463576,0.1203576151054462,5.0,
1403,-0.0434650157993702,0.03270627572266282,5.0,
1404,-0.30597147977745903,-0.07753092619997505,5.0,
1405,-0.15772974764631714,-0.12610567621610216,5.0,
1406,-0.006566358812658595,-0.0013422658606483807,5.0,
1407,-0.14759484281651697,-0.05141273667810503,5.0,
1408,0.14462657410427818,-0.038377490838731855,5.0,
1409,-0.27816926046991974,0.021846972445860233,5.0,
1410,-0.225950591503985,-0.06871815673870973,5.0,
1411,-0.037254359163303184,0.06642625106326844,5.0,
1412,0.006900561043737155,0.0046971743191849,5.0,
1413,-0.04214218187062343,-0.08295280680560967,5.0,
1414,0.10832904058738627,-0.015319530287829997,5.0,
1415,-0.3108865673584,0.06137657673399904,5.0,
1416,0.026954899717506493,0.05341297912831845,5.0,
1417,-0.11950757966685027,-0.059091463253965484,5.0,
1418,-0.0440076866373959,0.015256841885072264,5.0,
1419,-0.04416616900682338,-0.07859985172824721,5.0,
1420,-0.1763357833428234,0.017607262821867965,5.0,
1421,-0.21665304585040376,0.09261369375866346,5.0,
1422,-0.2973467670572456,-0.06321118323482498,5.0,
1423,-0.3536008272759545,0.04394396370494989,5.0,
1424,0.014108242157318202,-0.04020327406485544,5.0,
1425,-0.20397569581290084,0.017353829118389744,5.0,
1426,-0.2652358384087417,-0.015212202828514702,5.0,
1427,-0.058124924271433065,-0.023233922655306664,5.0,
1428,-0.4763071511757764,0.08321095008103935,5.0,
1429,-0.004659041396549094,0.10136441229604821,5.0,
1430,-0.28114210512081805,0.1000635963179456,5.0,
1431,-0.03923635432808379,0.10615011668384673,5.0,
1432,0.04898104745860356,0.05740288936815978,5.0,
1433,0.03914155463372325,0.029792001673112013,5.0,
1434,-0.15857967741561804,0.13502892615930165,5.0,
1435,0.0058915013168783096,0.11899879566081578,5.0,
1436,-0.18938442039969958,0.018089397368222675,5.0,
1437,-0.2147265273823917,0.06101467414548607,5.0,
1438,-0.10392256997531003,0.06684576965920355,5.0,
1439,-0.2192723089829296,0.04047298470409574,5.0,
1440,-0.12987507068376136,0.020825931802464826,5.0,
1441,-0.1926788202785173,0.04095391591349019,5.0,
1442,-0.1327773394281038,-0.047814805177901945,5.0,
1443,-0.2321230442112369,-0.00176952823808976,5.0,
1444,-0.12947503284078524,0.10965311751052138,5.0,
1445,-0.3684700608244583,0.018472820266544687,5.0,
1446,-0.04265079569955108,-0.016938821739840564,5.0,
1447,-0.03493758283301802,-0.035122036346342325,5.0,
1448,-0.1460615193471353,-0.03984842797734763,5.0,
1449,-0.10583788298883352,0.03376268738644279,5.0,
1450,-0.154419987191445,-0.02932198118666139,5.0,
1451,-0.1911009459478297,0.05131292496444819,5.0,
1452,-0.1372632705717109,0.11254424087309803,5.0,
1453,-0.2549606307673051,0.13822087478551628,5.0,
1454,-0.13582944472866182,0.055265795512268255,5.0,
1455,-0.35523962832494954,0.02861968010733708,5.0,
1456,-0.3036359245220832,-0.06464651850835276,5.0,
1457,-0.2531717494744678,0.07725498811970644,5.0,
1458,-0.1369469316930893,0.10799783935045,5.0,
1459,-0.08593871063812832,0.04382112101005058,5.0,
1460,0.11033068998257022,0.03243860940060413,5.0,
1461,-0.0736938408677252,0.11199664953820625,5.0,
1462,-0.35981683311339174,0.07610084988869294,5.0,
1463,-0.07895908339574978,-0.028485087813098758,5.0,
1464,0.12721414763680153,0.06343610424239499,5.0,
1465,-0.15387131971315102,0.002660707072767722,5.0,
1466,-0.4602079140953681,-0.041252751142357255,5.0,
1467,-0.020487354613770988,-0.056163700012569866,5.0,
1468,-0.058030596232965546,0.00547682429646593,5.0,
1469,-0.10650756488046992,-0.00617975394014548,5.0,
1470,-0.294159595098046,0.027745501749773853,5.0,
1471,0.04089215185945286,0.02093920932700836,5.0,
1472,-0.11276319951479297,0.032067023993597746,5.0,
1473,0.12812739097119594,-0.055450456758709535,5.0,
1474,-0.21041082358439975,-0.03951799978365814,5.0,
1475,-0.3515910221545721,0.009231736988855497,5.0,
1476,-0.11136631944547944,0.011750289986703381,5.0,
1477,0.049899369108362776,-0.03682397962770882,5.0,
1478,-0.01785528740598354,0.03069706646572221,5.0,
1479,-0.226557681466588,0.016506418109787573,5.0,
1480,-0.27610220348532666,0.017853414327976828,5.0,
1481,0.09099401829748102,-0.03653519911569852,5.0,
1482,-0.007199353067813053,-0.00029064915817970087,5.0,
1483,-0.06530811737664728,-0.07511971775012896,5.0,
1484,-0.15727378849915402,0.0605116934103507,5.0,
1485,-0.2772611975377895,0.11602705568163778,5.0,
1486,0.05513494741858531,0.059469512122557314,5.0,
1487,0.01321731593808861,-0.03848491105632381,5.0,
1488,-0.050151983689725,0.0757313338054624,5.0,
1489,0.11165691658467256,-0.03551771826364266,5.0,
1490,-0.10801520074914192,0.0025486975868300086,5.0,
1491,-0.015896520254948313,-0.005585481152576116,5.0,
1492,-0.09794956399935535,0.058774217751840316,5.0,
1493,0.13639463151851355,0.020372607022736022,5.0,
1494,-0.22670260104497647,-0.01898080598991793,5.0,
1495,-0.414515180642909,0.0881548336625409,5.0,
1496,0.026741165753304607,0.01421800418586926,5.0,
1497,-0.08057675618048588,0.049550191253527665,5.0,
1498,-0.21814606634402636,0.036949168836376,5.0,
1499,-0.20674647907431778,-0.02434461643500365,5.0,
